#VRML V2.0 utf8
# 3D model generated by kicad-lcsc-manager
# Based on easyeda2kicad.py v1.0.1

Shape{
    appearance Appearance {
        material  Material {
            diffuseColor 0.20784313725490197 0.20784313725490197 0.20784313725490197
            specularColor 0.01568627450980392 0.01568627450980392 0.01568627450980392
            ambientIntensity 0.298
            transparency 0.0
            shininess 0.5
        }
    }
    geometry IndexedFaceSet {
        ccw TRUE
        solid FALSE
        coord DEF co Coordinate {
            point [
                -1.5 -0.4921 0.1575, -0.9478 -0.4921 0.1575, -0.9478 -0.4921 2.5436, 0.2579 -0.4921 2.6566, 0.2833 -0.4921 2.6566, 0.2833 -0.4921 2.6795, 0.1725 -0.4921 2.5759, 0.1692 -0.4921 2.5755, 0.1893 -0.4921 2.5755, 0.2004 -0.4921 2.7129, 0.2004 -0.4921 2.7037, 0.208 -0.4921 2.6795, 0.1893 -0.4921 2.6795, 0.1986 -0.4921 2.7749, 0.208 -0.4921 2.7849, 0.1986 -0.4921 2.7842, 0.1893 -0.4921 2.7849, 0.1893 -0.4921 2.7842, 0.1675 -0.4921 2.74, 0.1675 -0.4921 2.7129, 0.1893 -0.4921 2.74, 0.1893 -0.4921 2.7129, 0.1963 -0.4921 2.74, 0.1963 -0.4921 2.7492, 0.1675 -0.4921 2.7749, 0.1675 -0.4921 2.7492, 0.1893 -0.4921 2.7749, 0.1893 -0.4921 2.7492, 0.1571 -0.4921 2.7842, 0.1525 -0.4921 2.7849, 0.1571 -0.4921 2.7037, 0.297 -0.4921 2.7037, 0.2855 -0.4921 2.7037, 0.3047 -0.4921 2.7257, 0.3087 -0.4921 2.6795, 0.3579 -0.4921 2.7037, 0.3464 -0.4921 2.7037, 0.3087 -0.4921 2.7257, 0.3382 -0.4921 2.7257, 1.5 -0.4921 2.6795, 1.5 -0.4921 2.7849, 0.3273 -0.4921 2.7842, 0.3087 -0.4921 2.7849, 0.3162 -0.4921 2.7842, 0.3087 -0.4921 2.7646, 0.141 -0.4921 2.7822, 0.1325 -0.4921 2.7847, 0.1306 -0.4921 2.7849, 0.1893 -0.4921 2.7037, 0.1525 -0.4921 2.6795, 0.141 -0.4921 2.7714, 0.1402 -0.4921 2.7719, 0.141 -0.4921 2.717, 0.132 -0.4921 2.775, 0.1221 -0.4921 2.7762, 0.118 -0.4921 2.7759, 0.1112 -0.4921 2.7744, 0.1049 -0.4921 2.7713, 0.1002 -0.4921 2.7672, 0.0996 -0.4921 2.7667, 0.0958 -0.4921 2.7611, 0.141 -0.4921 2.7071, 0.1397 -0.4921 2.7064, 0.1052 -0.4921 2.7044, 0.0976 -0.4921 2.708, 0.0844 -0.4921 2.6795, 0.0911 -0.4921 2.7134, 0.0905 -0.4921 2.7141, 0.0931 -0.4921 2.7541, 0.0917 -0.4921 2.7431, 0.0919 -0.4921 2.7391, 0.0933 -0.4921 2.7313, 0.124 -0.4921 2.7118, 0.1331 -0.4921 2.7135, 0.1065 -0.4921 2.7148, 0.1122 -0.4921 2.7126, 0.1203 -0.4921 2.7116, 0.131 -0.4921 2.7036, 0.1188 -0.4921 2.7024, 0.1139 -0.4921 2.7026, 0.0961 -0.4921 2.7249, 0.0996 -0.4921 2.7201, 0.1012 -0.4921 2.7185, 0.122 -0.4921 2.7855, 0.1525 -0.4921 2.8793, 0.1164 -0.4921 2.7849, 0.0844 -0.4921 2.8793, 0.0844 -0.4921 2.7849, 0.0866 -0.4921 2.7661, 0.0924 -0.4921 2.7737, 0.0944 -0.4921 2.7756, 0.1019 -0.4921 2.7809, 0.1103 -0.4921 2.7841, 0.0857 -0.4921 2.7209, 0.0844 -0.4921 2.7242, 0.0796 -0.4921 2.6795, 0.0796 -0.4921 2.7849, 0.0828 -0.4921 2.7571, 0.0844 -0.4921 2.761, 0.0824 -0.4921 2.7293, 0.0808 -0.4921 2.7424, 0.081 -0.4921 2.7466, 0.2808 -0.4921 2.7399, 0.2789 -0.4921 2.7304, 0.2749 -0.4921 2.7221, 0.269 -0.4921 2.715, 0.2524 -0.4921 2.7849, 0.2524 -0.4921 2.7822, 0.2833 -0.4921 2.7849, 0.2605 -0.4921 2.7793, 0.2768 -0.4921 2.7637, 0.2797 -0.4921 2.7561, 0.2811 -0.4921 2.745, 0.269 -0.4921 2.7735, 0.2718 -0.4921 2.7708, 0.2606 -0.4921 2.709, 0.2524 -0.4921 2.7058, 0.2524 -0.4921 2.6795, 0.2514 -0.4921 2.7054, 0.2377 -0.4921 2.7037, 0.2156 -0.4921 2.7037, 0.2156 -0.4921 2.7842, 0.2385 -0.4921 2.7842, 0.2508 -0.4921 2.7828, 0.1158 -0.4921 2.577, 0.1118 -0.4921 2.5755, 0.1241 -0.4921 2.5761, 0.1159 -0.4921 2.6264, 0.1125 -0.4921 2.6267, 0.1071 -0.4921 2.6103, 0.1183 -0.4921 2.5786, 0.0844 -0.4921 2.5755, 0.0898 -0.4921 2.5835, 0.0885 -0.4921 2.5869, 0.0918 -0.4921 2.6032, 0.0947 -0.4921 2.6059, 0.0936 -0.4921 2.6198, 0.0988 -0.4921 2.6081, 0.1006 -0.4921 2.6241, 0.1069 -0.4921 2.6262, 0.0964 -0.4921 2.5769, 0.1002 -0.4921 2.5755, 0.1004 -0.4921 2.5755, 0.093 -0.4921 2.5793, 0.0919 -0.4921 2.5804, 0.088 -0.4921 2.5915, 0.0885 -0.4921 2.5962, 0.1241 -0.4921 2.585, 0.1238 -0.4921 2.585, 0.1216 -0.4921 2.5818, 0.0957 -0.4921 2.6308, 0.0936 -0.4921 2.6296, 0.0897 -0.4921 2.5999, 0.1508 -0.4921 2.609, 0.1494 -0.4921 2.6111, 0.1342 -0.4921 2.6131, 0.1483 -0.4921 2.6142, 0.1332 -0.4921 2.6215, 0.1479 -0.4921 2.6181, 0.1241 -0.4921 2.6127, 0.1238 -0.4921 2.6171, 0.1227 -0.4921 2.6207, 0.1215 -0.4921 2.6228, 0.1243 -0.4921 2.6328, 0.1275 -0.4921 2.6308, 0.1514 -0.4921 2.6277, 0.1524 -0.4921 2.6073, 0.1478 -0.4921 2.5886, 0.1525 -0.4921 2.6072, 0.1521 -0.4921 2.586, 0.1525 -0.4921 2.5858, 0.1032 -0.4921 2.6337, 0.1134 -0.4921 2.6349, 0.1203 -0.4921 2.6342, 0.1483 -0.4921 2.6217, 0.1495 -0.4921 2.6249, 0.1316 -0.4921 2.6259, 0.1294 -0.4921 2.629, 0.12 -0.4921 2.6244, 0.1182 -0.4921 2.6255, 0.1062 -0.4921 2.5748, 0.0844 -0.4921 2.5436, 0.1118 -0.4921 2.5754, 0.1525 -0.4921 2.5436, 0.2366 -0.4921 2.6336, 0.247 -0.4921 2.6336, 0.2524 -0.4921 2.5755, 0.2181 -0.4921 2.5904, 0.2194 -0.4921 2.5857, 0.2197 -0.4921 2.5857, 0.208 -0.4921 2.6196, 0.2209 -0.4921 2.5903, 0.2201 -0.4921 2.5877, 0.208 -0.4921 2.5755, 0.208 -0.4921 2.5926, 0.1919 -0.4921 2.6336, 0.2031 -0.4921 2.6336, 0.2144 -0.4921 2.5763, 0.2141 -0.4921 2.5755, 0.21 -0.4921 2.5658, 0.1893 -0.4921 2.5436, 0.1939 -0.4921 2.5499, 0.1939 -0.4921 2.5589, 0.2061 -0.4921 2.5601, 0.208 -0.4921 2.5621, 0.208 -0.4921 2.5622, 0.208 -0.4921 2.5509, 0.2045 -0.4921 2.5496, 0.208 -0.4921 2.5436, 0.2004 -0.4921 2.5491, 0.1982 -0.4921 2.5492, 0.1997 -0.4921 2.5577, 0.2023 -0.4921 2.558, 0.2044 -0.4921 2.5589, 0.2209 -0.4921 2.5675, 0.2164 -0.4921 2.5586, 0.2524 -0.4921 2.5436, 0.2241 -0.4921 2.5755, 0.2127 -0.4921 2.5542, 0.212 -0.4921 2.5535, 0.2085 -0.4921 2.5511, 0.1569 -0.4921 2.6319, 0.1623 -0.4921 2.634, 0.1833 -0.4921 2.6013, 0.1851 -0.4921 2.5985, 0.1839 -0.4921 2.6226, 0.1544 -0.4921 2.6303, 0.1525 -0.4921 2.6287, 0.1703 -0.4921 2.6349, 0.1862 -0.4921 2.5955, 0.1866 -0.4921 2.5918, 0.1862 -0.4921 2.5877, 0.1849 -0.4921 2.5845, 0.183 -0.4921 2.5819, 0.1839 -0.4921 2.6324, 0.1773 -0.4921 2.6343, 0.1802 -0.4921 2.5794, 0.1778 -0.4921 2.5779, 0.1693 -0.4921 2.6267, 0.1663 -0.4921 2.6265, 0.1583 -0.4921 2.619, 0.1636 -0.4921 2.6258, 0.1613 -0.4921 2.6246, 0.1584 -0.4921 2.6177, 0.1588 -0.4921 2.6161, 0.1595 -0.4921 2.6147, 0.1605 -0.4921 2.6136, 0.164 -0.4921 2.6114, 0.1755 -0.4921 2.6261, 0.1703 -0.4921 2.6087, 0.1812 -0.4921 2.6241, 0.1742 -0.4921 2.6071, 0.1809 -0.4921 2.6034, 0.1598 -0.4921 2.6232, 0.159 -0.4921 2.622, 0.1585 -0.4921 2.6206, 0.1584 -0.4921 2.5837, 0.1632 -0.4921 2.6014, 0.1571 -0.4921 2.6041, 0.1644 -0.4921 2.583, 0.1648 -0.4921 2.583, 0.1698 -0.4921 2.5986, 0.17 -0.4921 2.5836, 0.1763 -0.4921 2.5908, 0.1762 -0.4921 2.592, 0.1726 -0.4921 2.5845, 0.1735 -0.4921 2.5851, 0.1747 -0.4921 2.5861, 0.1756 -0.4921 2.5874, 0.1761 -0.4921 2.5889, 0.1757 -0.4921 2.5936, 0.175 -0.4921 2.5949, 0.1737 -0.4921 2.5963, 0.1478 -0.4921 2.5782, 0.1342 -0.4921 2.5761, 0.1525 -0.4921 2.5765, 0.1525 -0.4921 2.5755, 0.1549 -0.4921 2.5757, 0.1569 -0.4921 2.5755, 0.1634 -0.4921 2.5748, 0.196 -0.4921 2.5582, -0.1396 -0.4921 2.791, -0.1309 -0.4921 2.7849, 0.0022 -0.4921 2.7849, -0.1182 -0.4921 2.776, -0.0979 -0.4921 2.752, -0.0353 -0.4921 2.6795, 0.0022 -0.4921 2.6795, -0.0403 -0.4921 2.692, -0.052 -0.4921 2.7083, -0.0675 -0.4921 2.7214, -0.0874 -0.4921 2.7308, -0.0845 -0.4921 2.7299, -0.196 -0.4921 2.8058, -0.1679 -0.4921 2.8022, 0.0022 -0.4921 2.8793, -0.2209 -0.4921 2.8031, -0.9478 -0.4921 2.8793, -0.2475 -0.4921 2.7937, -0.2623 -0.4921 2.7849, -0.9478 -0.4921 2.7849, -0.2646 -0.4921 2.7835, -0.3823 -0.4921 2.7146, -0.3687 -0.4921 2.732, -0.3251 -0.4921 2.7568, -0.303 -0.4921 2.7594, -0.2781 -0.4921 2.7719, -0.2964 -0.4921 2.7591, -0.2898 -0.4921 2.7583, -0.3645 -0.4921 2.7359, -0.3463 -0.4921 2.7486, -0.3543 -0.4921 2.5896, -0.3716 -0.4921 2.6045, -0.9478 -0.4921 2.5755, -0.3337 -0.4921 2.5794, -0.3848 -0.4921 2.6235, -0.3929 -0.4921 2.6448, -0.9478 -0.4921 2.6795, -0.3956 -0.4921 2.6668, -0.3954 -0.4921 2.6726, -0.3942 -0.4921 2.6795, -0.3915 -0.4921 2.694, -0.3258 -0.4921 2.577, -0.3251 -0.4921 2.5755, -0.3201 -0.4921 2.5647, -0.3116 -0.4921 2.5543, 0.0022 -0.4921 0.1575, 0.0022 -0.4921 2.5436, -0.2478 -0.4921 2.5436, -0.2577 -0.4921 2.5398, -0.2715 -0.4921 2.5381, -0.2737 -0.4921 2.5382, -0.2872 -0.4921 2.5403, -0.2952 -0.4921 2.5436, -0.3004 -0.4921 2.5458, 0.0022 -0.4921 2.5755, -0.2179 -0.4921 2.5755, -0.218 -0.4921 2.5753, -0.2247 -0.4921 2.5625, -0.2335 -0.4921 2.5526, -0.2449 -0.4921 2.5447, -0.1449 -0.4921 2.6092, -0.141 -0.4921 2.6108, -0.1343 -0.4921 2.6433, -0.0519 -0.4921 2.6016, -0.0675 -0.4921 2.5884, -0.2286 -0.4921 2.6336, -0.152 -0.4921 2.6737, -0.2386 -0.4921 2.6427, -0.2507 -0.4921 2.6492, -0.1484 -0.4921 2.6067, -0.0406 -0.4921 2.6174, -0.0665 -0.4921 2.6603, -0.0692 -0.4921 2.6713, -0.0736 -0.4921 2.6795, -0.3582 -0.4921 2.6795, -0.0334 -0.4921 2.6746, -0.0308 -0.4921 2.6559, -0.0334 -0.4921 2.6355, -0.1365 -0.4921 2.6113, -0.136 -0.4921 2.6113, -0.1343 -0.4921 2.6109, -0.3548 -0.4921 2.6452, -0.348 -0.4921 2.6335, -0.3189 -0.4921 2.6276, -0.3377 -0.4921 2.623, -0.3253 -0.4921 2.6153, -0.2978 -0.4921 2.6466, -0.3095 -0.4921 2.6384, -0.3596 -0.4921 2.6679, -0.3589 -0.4921 2.6592, -0.2851 -0.4921 2.6514, -0.2715 -0.4921 2.6531, -0.2645 -0.4921 2.6527, -0.1543 -0.4921 2.5936, -0.1541 -0.4921 2.5959, -0.2143 -0.4921 2.601, -0.153 -0.4921 2.6002, -0.1508 -0.4921 2.6041, -0.0778 -0.4921 2.6251, -0.0715 -0.4921 2.634, -0.0676 -0.4921 2.6442, -0.0662 -0.4921 2.6554, -0.1409 -0.4921 2.5764, -0.1447 -0.4921 2.5779, -0.1484 -0.4921 2.5805, -0.1497 -0.4921 2.5819, -0.1522 -0.4921 2.5855, -0.1537 -0.4921 2.5893, -0.2146 -0.4921 2.5894, -0.2143 -0.4921 2.5953, -0.0849 -0.4921 2.5799, -0.1039 -0.4921 2.5759, -0.1377 -0.4921 2.5759, -0.1331 -0.4921 2.6107, -0.1074 -0.4921 2.6107, -0.0971 -0.4921 2.6127, -0.087 -0.4921 2.6174, -0.0786 -0.4921 2.6243, -0.1277 -0.4921 2.7343, -0.1406 -0.4921 2.7497, -0.2721 -0.4921 2.7165, -0.1421 -0.4921 2.751, -0.1581 -0.4921 2.7622, -0.2633 -0.4921 2.7346, -0.2762 -0.4921 2.7188, -0.289 -0.4921 2.7235, -0.0745 -0.4921 2.6812, -0.0811 -0.4921 2.6886, -0.1108 -0.4921 2.7, -0.09 -0.4921 2.6948, -0.0999 -0.4921 2.6986, -0.1154 -0.4921 2.7, -0.1189 -0.4921 2.7159, -0.3224 -0.4921 2.7215, -0.3352 -0.4921 2.7147, -0.3083 -0.4921 2.7248, -0.345 -0.4921 2.7059, -0.353 -0.4921 2.6945, -0.2505 -0.4921 2.7499, -0.1761 -0.4921 2.7691, -0.2352 -0.4921 2.7612, -0.1954 -0.4921 2.7714, -0.2165 -0.4921 2.7687, -0.3024 -0.4921 2.7251, -0.3579 -0.4921 2.6818, 0.2993 -0.4921 2.6566, 0.2993 -0.4921 2.6473, 0.3011 -0.4921 2.5853, 0.3087 -0.4921 2.5755, 0.3011 -0.4921 2.5761, 0.2833 -0.4921 2.5755, 0.2683 -0.4921 2.6124, 0.2683 -0.4921 2.5853, 0.2833 -0.4921 2.6124, 0.2833 -0.4921 2.5853, 0.297 -0.4921 2.6124, 0.297 -0.4921 2.6216, 0.2833 -0.4921 2.6216, 0.2833 -0.4921 2.6473, 0.2683 -0.4921 2.6216, 0.2683 -0.4921 2.6473, 0.2833 -0.4921 2.5761, 0.2579 -0.4921 2.5761, 1.5 -0.4921 2.5755, 0.428 -0.4921 2.6566, 0.4472 -0.4921 2.5761, 0.439 -0.4921 2.5981, 0.4055 -0.4921 2.5981, 0.4169 -0.4921 2.6566, 0.3816 -0.4921 2.6123, 0.3796 -0.4921 2.6029, 0.3863 -0.4921 2.5761, 0.3757 -0.4921 2.5945, 0.3697 -0.4921 2.5874, 0.3818 -0.4921 2.6174, 0.3805 -0.4921 2.6285, 0.3393 -0.4921 2.6566, 0.3516 -0.4921 2.6552, 0.3697 -0.4921 2.6459, 0.3725 -0.4921 2.6432, 0.3775 -0.4921 2.6362, 0.3613 -0.4921 2.5814, 0.3521 -0.4921 2.5778, 0.3384 -0.4921 2.5761, 0.3613 -0.4921 2.6517, 0.3977 -0.4921 2.5761, 0.4586 -0.4921 2.5761, 0.3163 -0.4921 2.5761, 0.3163 -0.4921 2.6566, 1.5 -0.4921 2.5436, 0.3087 -0.4921 2.5436, 0.2833 -0.4921 2.5436, 1.5 -0.4921 2.8793, 0.3087 -0.4921 2.8793, 0.2833 -0.4921 2.8793, 0.2524 -0.4921 2.8793, 0.208 -0.4921 2.8793, 0.1893 -0.4921 2.8793, 1.5 -0.4921 0.1575, 0.3087 -0.4921 0.1575, 0.2833 -0.4921 0.1575, 0.2524 -0.4921 0.1575, 0.208 -0.4921 0.1575, 0.1893 -0.4921 0.1575, 0.1525 -0.4921 0.1575, 0.0844 -0.4921 0.1575, 0.0796 -0.4921 0.1575, 0.0796 -0.4921 2.5436, 0.0796 -0.4921 2.5755, 0.0784 -0.4921 2.5853, 0.0784 -0.4921 2.5761, 0.0351 -0.4921 2.5761, 0.0766 -0.4921 2.6473, 0.0351 -0.4921 2.6566, 0.0766 -0.4921 2.6566, 0.0455 -0.4921 2.6124, 0.0455 -0.4921 2.5853, 0.0743 -0.4921 2.6124, 0.0743 -0.4921 2.6216, 0.0455 -0.4921 2.6216, 0.0455 -0.4921 2.6473, 0.0455 -0.4921 2.7842, 0.0455 -0.4921 2.7129, 0.0775 -0.4921 2.7129, 0.0775 -0.4921 2.7037, 0.0351 -0.4921 2.7037, 0.0351 -0.4921 2.7842, 0.0796 -0.4921 2.8793, -1.5 -0.4921 2.5436, -1.5 -0.4921 2.5755, -1.5 -0.4921 2.6795, -1.5 -0.4921 2.7849, -1.5 -0.4921 2.8793, 1.5 -0.4921 2.9528, 0.3087 -0.4921 2.9528, 0.2833 -0.4921 2.9528, 0.2524 -0.4921 2.9528, 0.208 -0.4921 2.9528, 0.1893 -0.4921 2.9528, 0.1525 -0.4921 2.9528, 0.0844 -0.4921 2.9528, 0.0796 -0.4921 2.9528, 0.0022 -0.4921 2.9528, -0.9478 -0.4921 2.9528, -1.5 -0.4921 2.9528
            ]
        }
        coordIndex [
            0,1,2,-1,3,4,5,-1,6,7,8,-1,9,10,11,-1,11,10,12,-1,13,14,15,-1,15,14,16,-1,15,16,17,-1,18,19,20,-1,20,19,21,-1,20,21,22,-1,22,21,9,-1,22,9,23,-1,24,25,26,-1,26,25,27,-1,26,27,13,-1,17,16,28,-1,28,16,29,-1,28,29,30,-1,31,32,5,-1,33,31,34,-1,35,36,34,-1,33,34,37,-1,37,34,36,-1,37,36,38,-1,39,40,41,-1,41,40,42,-1,41,42,43,-1,43,42,44,-1,45,29,46,-1,46,29,47,-1,48,30,49,-1,49,30,29,-1,49,29,50,-1,50,29,45,-1,50,51,52,-1,52,51,53,-1,52,53,54,-1,54,55,52,-1,52,55,56,-1,52,56,57,-1,57,58,52,-1,52,58,59,-1,52,59,60,-1,50,52,49,-1,49,52,61,-1,49,61,62,-1,63,64,65,-1,65,64,66,-1,65,66,67,-1,60,68,52,-1,52,68,69,-1,52,69,70,-1,71,72,70,-1,70,72,73,-1,70,73,52,-1,74,75,76,-1,62,77,49,-1,49,77,78,-1,49,78,65,-1,65,78,79,-1,65,79,63,-1,71,80,72,-1,72,80,81,-1,72,81,76,-1,76,81,82,-1,76,82,74,-1,83,84,85,-1,85,84,86,-1,87,88,89,-1,89,90,87,-1,87,90,91,-1,87,91,92,-1,67,93,65,-1,65,93,94,-1,65,94,95,-1,96,97,87,-1,87,97,98,-1,87,98,88,-1,94,99,95,-1,95,99,100,-1,95,100,96,-1,96,100,101,-1,96,101,97,-1,102,103,5,-1,5,103,104,-1,5,104,105,-1,106,107,108,-1,108,107,109,-1,110,111,108,-1,108,111,112,-1,109,113,108,-1,108,113,114,-1,108,114,110,-1,44,42,32,-1,32,42,108,-1,32,108,5,-1,5,108,112,-1,5,112,102,-1,115,116,117,-1,117,116,118,-1,119,120,11,-1,11,120,14,-1,11,14,9,-1,9,14,13,-1,9,13,23,-1,23,13,27,-1,120,121,14,-1,14,121,122,-1,14,122,106,-1,106,122,123,-1,106,123,107,-1,124,125,126,-1,127,128,129,-1,124,126,130,-1,131,132,133,-1,134,135,136,-1,136,135,137,-1,136,137,138,-1,138,137,129,-1,138,129,139,-1,139,129,128,-1,140,131,141,-1,141,131,142,-1,140,143,131,-1,131,143,144,-1,131,144,132,-1,145,146,65,-1,147,148,126,-1,126,148,149,-1,126,149,130,-1,150,65,151,-1,151,65,146,-1,151,146,136,-1,136,146,152,-1,136,152,134,-1,153,154,155,-1,155,154,156,-1,155,156,157,-1,157,156,158,-1,159,160,129,-1,129,160,161,-1,129,161,162,-1,163,164,165,-1,166,167,168,-1,168,167,169,-1,168,169,170,-1,150,171,65,-1,65,171,172,-1,65,172,173,-1,158,174,157,-1,157,174,175,-1,157,175,176,-1,176,175,165,-1,176,165,177,-1,177,165,164,-1,162,178,129,-1,129,178,179,-1,129,179,127,-1,180,181,182,-1,182,181,183,-1,182,183,125,-1,184,185,117,-1,117,185,186,-1,187,188,189,-1,118,119,117,-1,117,119,11,-1,117,11,184,-1,184,11,190,-1,184,190,191,-1,191,190,187,-1,191,187,192,-1,192,187,189,-1,193,194,8,-1,8,194,195,-1,8,195,12,-1,12,195,11,-1,11,195,196,-1,11,196,190,-1,197,194,198,-1,198,194,193,-1,198,193,199,-1,200,201,202,-1,203,204,193,-1,193,204,205,-1,193,205,199,-1,206,207,208,-1,208,207,209,-1,208,209,200,-1,200,209,210,-1,200,210,201,-1,211,212,193,-1,193,212,213,-1,193,213,203,-1,214,215,216,-1,214,216,217,-1,215,218,216,-1,216,218,219,-1,216,219,208,-1,208,219,220,-1,208,220,206,-1,221,222,49,-1,223,224,225,-1,221,49,226,-1,173,163,65,-1,65,163,165,-1,65,165,49,-1,49,165,227,-1,49,227,226,-1,222,228,49,-1,49,228,12,-1,49,12,48,-1,48,12,10,-1,229,230,8,-1,230,231,8,-1,8,231,232,-1,8,232,233,-1,224,229,225,-1,225,229,8,-1,225,8,234,-1,234,8,12,-1,234,12,235,-1,235,12,228,-1,233,236,8,-1,8,236,237,-1,8,237,6,-1,238,239,240,-1,240,239,241,-1,240,241,242,-1,240,243,238,-1,238,243,244,-1,238,244,245,-1,245,246,238,-1,238,246,247,-1,238,247,248,-1,248,247,249,-1,248,249,250,-1,250,249,251,-1,250,251,225,-1,225,251,252,-1,225,252,223,-1,253,254,242,-1,242,254,255,-1,242,255,240,-1,256,257,170,-1,170,257,258,-1,170,258,168,-1,256,259,257,-1,257,259,260,-1,257,260,261,-1,261,260,262,-1,261,263,264,-1,262,265,261,-1,261,265,266,-1,261,266,267,-1,267,268,261,-1,261,268,269,-1,261,269,263,-1,264,270,261,-1,261,270,271,-1,261,271,272,-1,166,153,167,-1,167,153,155,-1,167,155,273,-1,273,155,274,-1,273,274,275,-1,275,274,276,-1,275,276,277,-1,277,276,278,-1,279,278,183,-1,183,278,276,-1,183,276,125,-1,125,276,274,-1,125,274,126,-1,279,183,7,-1,7,183,200,-1,7,200,8,-1,8,200,202,-1,8,202,193,-1,193,202,280,-1,193,280,211,-1,281,282,283,-1,283,282,284,-1,283,284,285,-1,286,287,288,-1,288,287,283,-1,288,283,289,-1,289,283,290,-1,285,291,283,-1,283,291,292,-1,283,292,290,-1,293,294,295,-1,293,295,296,-1,296,295,297,-1,296,297,298,-1,298,297,299,-1,299,297,300,-1,299,300,301,-1,300,302,303,-1,300,304,301,-1,301,304,305,-1,301,305,306,-1,306,305,307,-1,306,307,308,-1,303,309,300,-1,300,309,310,-1,300,310,304,-1,311,312,313,-1,311,313,314,-1,312,315,313,-1,313,315,316,-1,313,316,317,-1,317,316,318,-1,318,319,317,-1,317,319,320,-1,317,320,300,-1,300,320,321,-1,300,321,302,-1,322,314,323,-1,323,314,313,-1,323,313,324,-1,324,313,325,-1,326,327,328,-1,328,329,326,-1,326,329,330,-1,326,330,1,-1,330,331,1,-1,1,331,332,-1,1,332,2,-1,2,332,333,-1,2,333,313,-1,313,333,334,-1,313,334,325,-1,335,336,327,-1,327,336,337,-1,327,337,338,-1,338,339,327,-1,327,339,340,-1,327,340,328,-1,341,342,343,-1,344,345,335,-1,346,347,348,-1,348,347,349,-1,341,343,350,-1,344,335,351,-1,352,353,347,-1,347,353,354,-1,347,354,355,-1,286,356,287,-1,287,356,357,-1,287,357,335,-1,335,357,358,-1,335,358,351,-1,342,359,343,-1,343,359,360,-1,343,360,361,-1,362,363,364,-1,364,363,365,-1,364,365,366,-1,367,355,368,-1,368,355,369,-1,368,369,364,-1,364,369,370,-1,364,370,362,-1,367,371,355,-1,355,371,372,-1,355,372,347,-1,347,372,373,-1,347,373,349,-1,374,375,376,-1,376,375,377,-1,376,377,343,-1,343,377,378,-1,343,378,350,-1,379,380,343,-1,343,380,381,-1,343,381,347,-1,347,381,382,-1,347,382,352,-1,383,384,336,-1,336,384,385,-1,336,385,386,-1,386,387,336,-1,336,387,388,-1,336,388,389,-1,389,388,374,-1,389,374,390,-1,390,374,376,-1,345,391,335,-1,335,391,392,-1,335,392,336,-1,336,392,393,-1,336,393,383,-1,361,394,343,-1,343,394,395,-1,343,395,396,-1,396,397,343,-1,343,397,398,-1,343,398,379,-1,399,400,401,-1,400,402,401,-1,401,402,403,-1,401,403,404,-1,354,401,355,-1,355,401,405,-1,355,405,406,-1,407,408,409,-1,409,408,410,-1,409,410,411,-1,407,409,354,-1,354,409,412,-1,354,412,401,-1,401,412,413,-1,401,413,399,-1,414,415,416,-1,416,415,417,-1,416,417,418,-1,404,403,419,-1,419,403,420,-1,419,420,421,-1,421,420,422,-1,421,422,423,-1,406,424,355,-1,355,424,416,-1,355,416,425,-1,425,416,418,-1,31,5,34,-1,34,5,4,-1,34,4,426,-1,426,427,34,-1,34,427,428,-1,34,428,429,-1,429,428,430,-1,429,430,431,-1,432,433,434,-1,434,433,435,-1,434,435,436,-1,436,435,428,-1,436,428,437,-1,437,428,427,-1,437,427,438,-1,438,427,439,-1,438,439,440,-1,440,439,441,-1,430,442,431,-1,431,442,443,-1,431,443,186,-1,186,443,3,-1,186,3,117,-1,117,3,5,-1,117,5,115,-1,115,5,105,-1,444,39,445,-1,446,447,448,-1,41,35,39,-1,39,35,34,-1,39,34,445,-1,445,34,449,-1,450,451,452,-1,452,451,453,-1,452,453,454,-1,450,452,455,-1,455,452,449,-1,455,449,456,-1,457,458,34,-1,459,460,449,-1,449,460,461,-1,449,461,456,-1,454,462,452,-1,452,462,463,-1,452,463,464,-1,34,458,449,-1,449,458,465,-1,449,465,459,-1,448,466,446,-1,446,466,444,-1,446,444,467,-1,467,444,445,-1,466,452,444,-1,444,452,464,-1,444,464,429,-1,429,464,468,-1,429,468,34,-1,34,468,469,-1,34,469,457,-1,470,444,471,-1,471,444,429,-1,471,429,472,-1,472,429,431,-1,472,431,216,-1,216,431,186,-1,216,186,217,-1,217,186,185,-1,40,473,42,-1,42,473,474,-1,42,474,108,-1,108,474,475,-1,108,475,106,-1,106,475,476,-1,106,476,14,-1,14,476,477,-1,14,477,16,-1,16,477,478,-1,16,478,29,-1,29,478,84,-1,29,84,47,-1,47,84,83,-1,479,470,480,-1,480,470,471,-1,480,471,481,-1,481,471,472,-1,481,472,482,-1,482,472,216,-1,482,216,483,-1,483,216,208,-1,483,208,484,-1,484,208,200,-1,484,200,485,-1,485,200,183,-1,485,183,486,-1,486,183,181,-1,486,181,487,-1,487,181,488,-1,487,488,326,-1,180,142,181,-1,181,142,131,-1,181,131,488,-1,488,131,489,-1,490,491,489,-1,489,491,492,-1,133,145,131,-1,131,145,65,-1,131,65,489,-1,489,65,95,-1,489,95,490,-1,490,95,493,-1,326,488,327,-1,327,488,489,-1,327,489,335,-1,335,489,492,-1,335,492,287,-1,287,492,494,-1,287,494,95,-1,95,494,495,-1,95,495,493,-1,496,497,498,-1,498,497,490,-1,498,490,499,-1,499,490,493,-1,499,493,500,-1,500,493,501,-1,502,96,283,-1,502,503,96,-1,96,503,504,-1,96,504,95,-1,95,504,505,-1,95,505,287,-1,287,505,506,-1,287,506,283,-1,283,506,507,-1,283,507,502,-1,92,85,87,-1,87,85,86,-1,87,86,96,-1,96,86,508,-1,96,508,283,-1,283,508,295,-1,283,295,281,-1,281,295,294,-1,0,2,509,-1,509,2,313,-1,509,313,510,-1,510,313,317,-1,510,317,511,-1,511,317,300,-1,511,300,512,-1,512,300,297,-1,512,297,513,-1,473,514,474,-1,474,514,515,-1,474,515,475,-1,475,515,516,-1,475,516,476,-1,476,516,517,-1,476,517,477,-1,477,517,518,-1,477,518,478,-1,478,518,519,-1,478,519,84,-1,84,519,520,-1,84,520,86,-1,86,520,521,-1,86,521,508,-1,508,521,522,-1,508,522,295,-1,295,522,523,-1,295,523,297,-1,297,523,524,-1,297,524,513,-1,513,524,525,-1,
        ]
    }
}
Shape{
    appearance Appearance {
        material  Material {
            diffuseColor 0.6666666666666666 0.6666666666666666 0.6666666666666666
            specularColor 0.4666666666666667 0.4666666666666667 0.4666666666666667
            ambientIntensity 0.6667
            transparency 0.0
            shininess 0.5
        }
    }
    geometry IndexedFaceSet {
        ccw TRUE
        solid FALSE
        coord DEF co Coordinate {
            point [
                -0.2953 0.2953 0.315, -0.2953 0.2953 0.2559, -0.2953 -0.2165 0.315, -0.2953 -0.2165 0.2559, 0.2953 -0.2165 0.315, 0.2953 -0.2165 0.2559, 0.2953 0.2953 0.315, 0.2953 0.2953 0.2559, -0.1181 -0.2961 0.1575, -0.1181 -0.2961 0.1378, 0.1181 -0.2961 0.1575, 0.1181 -0.2961 0.1378, 0.1181 -0.1969 0.1378, 0.1181 -0.1961 0.1378, 0.1181 -0.1961 0.2165, 0.1181 -0.2953 0.1575, 0.1181 -0.2953 0.1378, 0.1181 -0.2953 0.2165, 0.1181 -0.2966 0.1276, 0.1181 -0.6693 0.0984, 0.1181 -0.6693 0.0, 0.1181 -0.3346 0.0984, 0.1181 -0.3346 0.0, 0.1181 -0.3245 0.0998, 0.1181 -0.299 0.0047, 0.1181 -0.315 0.1037, 0.1181 -0.2657 0.0185, 0.1181 -0.3068 0.11, 0.1181 -0.2372 0.0404, 0.1181 -0.3005 0.1181, 0.1181 -0.2153 0.0689, 0.1181 -0.2015 0.1021, -0.1181 -0.1961 0.2165, -0.1181 -0.1961 0.1378, -0.1181 -0.1969 0.1378, -0.1181 -0.2953 0.1378, -0.1181 -0.2953 0.1575, -0.1181 -0.6693 0.0, -0.1181 -0.6693 0.0984, -0.1181 -0.3346 0.0, -0.1181 -0.3346 0.0984, -0.1181 -0.299 0.0047, -0.1181 -0.3245 0.0998, -0.1181 -0.2657 0.0185, -0.1181 -0.315 0.1037, -0.1181 -0.2372 0.0404, -0.1181 -0.3068 0.11, -0.1181 -0.2153 0.0689, -0.1181 -0.3005 0.1181, -0.1181 -0.2015 0.1021, -0.1181 -0.2966 0.1276, -0.1181 -0.2953 0.2165, -0.1575 -0.1969 0.2559, -0.1575 -0.1961 0.2559, -0.1473 -0.1961 0.2546, -0.1575 -0.2953 0.2559, -0.1473 -0.2953 0.2546, -0.1378 -0.2953 0.2506, -0.1378 -0.1961 0.2506, -0.1296 -0.2953 0.2444, -0.1296 -0.1961 0.2444, -0.1234 -0.2953 0.2362, -0.1234 -0.1961 0.2362, -0.1195 -0.2953 0.2267, -0.1195 -0.1961 0.2267, 0.1575 -0.1969 0.2559, 0.1575 -0.2953 0.2559, 0.1473 -0.2953 0.2546, 0.1575 -0.1961 0.2559, 0.1473 -0.1961 0.2546, 0.1378 -0.1961 0.2506, 0.1378 -0.2953 0.2506, 0.1296 -0.1961 0.2444, 0.1296 -0.2953 0.2444, 0.1234 -0.1961 0.2362, 0.1234 -0.2953 0.2362, 0.1195 -0.1961 0.2267, 0.1195 -0.2953 0.2267, -0.2953 -0.2165 2.7165, -0.2953 -0.2165 2.3228, -0.2926 -0.2369 2.3228, -0.2926 -0.2369 2.7165, -0.2847 -0.2559 2.3228, -0.2847 -0.2559 2.7165, -0.2722 -0.2722 2.3228, -0.2722 -0.2722 2.7165, -0.2559 -0.2847 2.3228, -0.2559 -0.2847 2.7165, -0.2369 -0.2926 2.3228, -0.2369 -0.2926 2.7165, -0.2165 -0.2953 2.3228, -0.2165 -0.2953 2.7165, -0.1663 0.2953 1.4698, -0.1663 -0.1969 1.4698, -0.2953 0.2953 2.1969, -0.2953 -0.1969 2.1969, -0.1638 -0.1969 1.4155, -0.1638 0.2953 1.4155, -0.1753 -0.1969 1.3623, -0.1753 0.2953 1.3623, -0.1975 0.2953 1.3001, -0.1975 -0.1969 1.3001, -0.1181 -0.1969 1.2645, -0.1077 0.2953 1.2598, -0.1077 -0.1969 1.2598, -0.08 -0.1969 1.5354, -0.08 0.2953 1.5354, -0.1181 -0.1969 1.7513, -0.1969 0.2953 2.1969, -0.1969 -0.1969 2.1969, -0.0737 0.2953 1.4954, -0.0737 -0.1969 1.4954, -0.1043 -0.1969 1.2675, -0.1043 0.2953 1.2675, -0.0795 0.2953 1.341, -0.0795 -0.1969 1.341, -0.0692 0.2953 1.4179, -0.0692 -0.1969 1.4179, 0.1575 -0.1969 2.3228, 0.1575 -0.1969 2.7165, 0.1677 -0.1955 2.3228, 0.1677 -0.1955 2.7165, 0.1772 -0.1916 2.3228, 0.1772 -0.1916 2.7165, 0.1853 -0.1853 2.3228, 0.1853 -0.1853 2.7165, 0.1916 -0.1772 2.3228, 0.1916 -0.1772 2.7165, 0.1955 -0.1677 2.3228, 0.1955 -0.1677 2.7165, 0.1969 -0.1575 2.3228, 0.1969 -0.1575 2.7165, 0.1969 -0.1969 2.1969, 0.1969 -0.1969 2.3228, 0.1969 0.2953 2.7165, 0.1969 0.2953 2.1969, 0.1181 -0.1969 1.7513, 0.08 0.2953 1.5354, 0.08 -0.1969 1.5354, 0.0737 0.2953 1.4954, 0.0737 -0.1969 1.4954, 0.2953 0.2953 2.1969, 0.2953 -0.1969 2.1969, 0.1663 0.2953 1.4698, 0.1663 -0.1969 1.4698, 0.1753 -0.1969 1.3623, 0.1753 0.2953 1.3623, 0.1638 -0.1969 1.4155, 0.1638 0.2953 1.4155, 0.1975 0.2953 1.3001, 0.1975 -0.1969 1.3001, 0.1077 -0.1969 1.2598, 0.1077 0.2953 1.2598, 0.1181 -0.1969 1.2645, 0.1043 0.2953 1.2675, 0.1043 -0.1969 1.2675, 0.0692 0.2953 1.4179, 0.0692 -0.1969 1.4179, 0.0795 0.2953 1.341, 0.0795 -0.1969 1.341, -0.1969 -0.1969 2.3228, -0.1969 -0.1575 2.3228, -0.1969 -0.1575 2.7165, -0.1969 0.2953 2.7165, -0.1575 -0.1969 2.7165, -0.1575 -0.1969 2.3228, -0.1677 -0.1955 2.7165, -0.1677 -0.1955 2.3228, -0.1772 -0.1916 2.7165, -0.1772 -0.1916 2.3228, -0.1853 -0.1853 2.7165, -0.1853 -0.1853 2.3228, -0.1916 -0.1772 2.7165, -0.1916 -0.1772 2.3228, -0.1955 -0.1677 2.7165, -0.1955 -0.1677 2.3228, -0.1575 -0.2953 2.3228, -0.2953 -0.1969 2.3228, -0.1473 -0.2953 2.3215, -0.1473 -0.1969 2.3215, -0.1378 -0.2953 2.3176, -0.1378 -0.1969 2.3176, -0.1296 -0.2953 2.3113, -0.1296 -0.1969 2.3113, -0.1234 -0.2953 2.3031, -0.1234 -0.1969 2.3031, -0.1195 -0.2953 2.2937, -0.1195 -0.1969 2.2937, -0.1181 -0.2953 2.2835, -0.1181 -0.1969 2.2835, -0.1181 -0.1969 1.0827, -0.1181 -0.2953 1.0827, -0.1195 -0.2953 1.0725, -0.1195 -0.1969 1.0725, -0.1234 -0.2953 1.063, -0.1234 -0.1969 1.063, -0.1296 -0.2953 1.0548, -0.1296 -0.1969 1.0548, -0.1378 -0.2953 1.0486, -0.1378 -0.1969 1.0486, -0.1473 -0.2953 1.0446, -0.1473 -0.1969 1.0446, -0.1575 -0.2953 1.0433, -0.1575 -0.1969 1.0433, -0.2926 -0.2369 0.2559, -0.2953 -0.2165 1.0433, -0.2926 -0.2369 1.0433, -0.2847 -0.2559 0.2559, -0.2847 -0.2559 1.0433, -0.2722 -0.2722 0.2559, -0.2722 -0.2722 1.0433, -0.2559 -0.2847 0.2559, -0.2559 -0.2847 1.0433, -0.2369 -0.2926 0.2559, -0.2369 -0.2926 1.0433, -0.2165 -0.2953 0.2559, -0.2165 -0.2953 1.0433, 0.1575 -0.1969 1.0433, 0.1677 -0.1955 0.2559, 0.1677 -0.1955 1.0433, 0.1772 -0.1916 0.2559, 0.1772 -0.1916 1.0433, 0.1853 -0.1853 0.2559, 0.1853 -0.1853 1.0433, 0.1916 -0.1772 0.2559, 0.1916 -0.1772 1.0433, 0.1955 -0.1677 0.2559, 0.1955 -0.1677 1.0433, 0.1969 -0.1575 0.2559, 0.1969 -0.1575 1.0433, 0.1969 0.2953 0.2559, 0.1969 0.2953 1.0433, -0.1969 0.2953 1.0433, -0.1969 -0.1575 1.0433, -0.1969 0.2953 0.2559, -0.1969 -0.1575 0.2559, -0.2953 0.2953 1.0433, -0.1955 -0.1677 1.0433, -0.1916 -0.1772 1.0433, -0.1853 -0.1853 1.0433, -0.1677 -0.1955 1.0433, -0.1772 -0.1916 1.0433, -0.1677 -0.1955 0.2559, -0.1772 -0.1916 0.2559, -0.1853 -0.1853 0.2559, -0.1916 -0.1772 0.2559, -0.1955 -0.1677 0.2559, -0.1141 -0.6999 0.0984, -0.0591 -0.7716 0.0984, -0.0306 -0.7834 0.0984, -0.1023 -0.7283 0.0984, -0.0835 -0.7528 0.0984, 0.0 -0.7874 0.0984, 0.0306 -0.7834 0.0984, 0.0591 -0.7716 0.0984, 0.0835 -0.7528 0.0984, 0.1023 -0.7283 0.0984, 0.1141 -0.6999 0.0984, -0.1141 -0.6999 0.0, -0.1023 -0.7283 0.0, -0.0835 -0.7528 0.0, -0.0591 -0.7716 0.0, -0.0306 -0.7834 0.0, 0.0 -0.7874 0.0, 0.0306 -0.7834 0.0, 0.0591 -0.7716 0.0, 0.0835 -0.7528 0.0, 0.1023 -0.7283 0.0, 0.1141 -0.6999 0.0, 0.1473 -0.1969 1.0446, 0.1378 -0.1969 1.0486, 0.1195 -0.1969 1.0725, 0.1234 -0.1969 1.063, 0.1296 -0.1969 1.0548, 0.1195 -0.1969 2.2937, 0.1181 -0.1969 1.0827, 0.1378 -0.1969 2.3176, 0.1473 -0.1969 2.3215, 0.1234 -0.1969 2.3031, 0.1296 -0.1969 2.3113, 0.1181 -0.1969 2.2835, 0.2953 -0.2165 2.3228, 0.2953 -0.2165 2.7165, 0.2926 -0.2369 2.7165, 0.2926 -0.2369 2.3228, 0.2847 -0.2559 2.7165, 0.2847 -0.2559 2.3228, 0.2722 -0.2722 2.7165, 0.2722 -0.2722 2.3228, 0.2559 -0.2847 2.7165, 0.2559 -0.2847 2.3228, 0.2369 -0.2926 2.7165, 0.2369 -0.2926 2.3228, 0.2165 -0.2953 2.7165, 0.2165 -0.2953 2.3228, 0.2953 -0.1969 2.3228, 0.1575 -0.2953 2.3228, 0.1181 -0.2953 2.2835, 0.1195 -0.2953 2.2937, 0.1234 -0.2953 2.3031, 0.1296 -0.2953 2.3113, 0.1378 -0.2953 2.3176, 0.1473 -0.2953 2.3215, 0.1181 -0.2953 1.0827, 0.1575 -0.2953 1.0433, 0.1473 -0.2953 1.0446, 0.1378 -0.2953 1.0486, 0.1296 -0.2953 1.0548, 0.1234 -0.2953 1.063, 0.1195 -0.2953 1.0725, 0.2953 -0.2165 1.0433, 0.2953 0.2953 1.0433, 0.2559 -0.2847 1.0433, 0.2165 -0.2953 1.0433, 0.2369 -0.2926 1.0433, 0.2926 -0.2369 1.0433, 0.2847 -0.2559 1.0433, 0.2722 -0.2722 1.0433, 0.2926 -0.2369 0.2559, 0.2847 -0.2559 0.2559, 0.2722 -0.2722 0.2559, 0.2559 -0.2847 0.2559, 0.2369 -0.2926 0.2559, 0.2165 -0.2953 0.2559
            ]
        }
        coordIndex [
            0,1,2,-1,2,1,3,-1,4,5,6,-1,6,5,7,-1,8,9,10,-1,10,9,11,-1,12,13,14,-1,10,11,15,-1,15,11,16,-1,17,15,14,-1,14,15,16,-1,14,16,12,-1,12,16,18,-1,19,20,21,-1,21,20,22,-1,21,22,23,-1,23,22,24,-1,23,24,25,-1,25,24,26,-1,25,26,27,-1,27,26,28,-1,27,28,29,-1,29,28,30,-1,29,30,18,-1,18,30,31,-1,18,31,12,-1,32,33,34,-1,9,8,35,-1,35,8,36,-1,37,38,39,-1,39,38,40,-1,39,40,41,-1,41,40,42,-1,41,42,43,-1,43,42,44,-1,43,44,45,-1,45,44,46,-1,45,46,47,-1,47,46,48,-1,47,48,49,-1,49,48,50,-1,49,50,34,-1,34,50,35,-1,34,35,32,-1,32,35,36,-1,32,36,51,-1,52,53,54,-1,55,52,56,-1,56,52,54,-1,56,54,57,-1,57,54,58,-1,57,58,59,-1,59,58,60,-1,59,60,61,-1,61,60,62,-1,61,62,63,-1,63,62,64,-1,63,64,51,-1,51,64,32,-1,65,66,67,-1,68,65,69,-1,69,65,67,-1,69,67,70,-1,70,67,71,-1,70,71,72,-1,72,71,73,-1,72,73,74,-1,74,73,75,-1,74,75,76,-1,76,75,77,-1,76,77,14,-1,14,77,17,-1,78,79,80,-1,78,80,81,-1,81,80,82,-1,81,82,83,-1,83,82,84,-1,83,84,85,-1,85,84,86,-1,85,86,87,-1,87,86,88,-1,87,88,89,-1,89,88,90,-1,89,90,91,-1,92,93,94,-1,94,93,95,-1,93,92,96,-1,96,92,97,-1,96,97,98,-1,98,97,99,-1,100,101,99,-1,99,101,98,-1,101,100,102,-1,102,100,103,-1,102,103,104,-1,105,106,107,-1,107,106,108,-1,107,108,109,-1,106,105,110,-1,110,105,111,-1,112,113,114,-1,112,114,115,-1,115,114,116,-1,115,116,117,-1,117,116,110,-1,117,110,111,-1,113,112,103,-1,103,112,104,-1,118,119,120,-1,120,119,121,-1,120,121,122,-1,122,121,123,-1,122,123,124,-1,124,123,125,-1,124,125,126,-1,126,125,127,-1,126,127,128,-1,128,127,129,-1,128,129,130,-1,130,129,131,-1,132,133,130,-1,131,134,130,-1,130,134,135,-1,130,135,132,-1,132,135,136,-1,136,135,137,-1,136,137,138,-1,139,140,137,-1,137,140,138,-1,141,142,143,-1,143,142,144,-1,145,146,147,-1,147,146,148,-1,147,148,144,-1,144,148,143,-1,146,145,149,-1,149,145,150,-1,151,152,153,-1,153,152,149,-1,153,149,150,-1,152,151,154,-1,154,151,155,-1,140,139,156,-1,140,156,157,-1,157,156,158,-1,157,158,159,-1,159,158,154,-1,159,154,155,-1,160,109,161,-1,161,109,108,-1,161,108,162,-1,162,108,163,-1,164,165,166,-1,166,165,167,-1,166,167,168,-1,168,167,169,-1,168,169,170,-1,170,169,171,-1,170,171,172,-1,172,171,173,-1,172,173,174,-1,174,173,175,-1,174,175,162,-1,162,175,161,-1,167,165,176,-1,79,177,160,-1,160,176,90,-1,160,161,175,-1,175,173,160,-1,160,173,171,-1,160,171,176,-1,176,171,169,-1,176,169,167,-1,90,88,160,-1,160,88,86,-1,160,86,84,-1,84,82,160,-1,160,82,80,-1,160,80,79,-1,176,165,178,-1,178,165,179,-1,178,179,180,-1,180,179,181,-1,180,181,182,-1,182,181,183,-1,182,183,184,-1,184,183,185,-1,184,185,186,-1,186,185,187,-1,186,187,188,-1,188,187,189,-1,102,190,191,-1,102,191,107,-1,107,191,188,-1,107,188,189,-1,191,190,192,-1,192,190,193,-1,192,193,194,-1,194,193,195,-1,194,195,196,-1,196,195,197,-1,196,197,198,-1,198,197,199,-1,198,199,200,-1,200,199,201,-1,200,201,202,-1,202,201,203,-1,2,3,204,-1,2,204,205,-1,205,204,206,-1,206,204,207,-1,206,207,208,-1,208,207,209,-1,208,209,210,-1,210,209,211,-1,210,211,212,-1,212,211,213,-1,212,213,214,-1,214,213,215,-1,214,215,216,-1,65,217,218,-1,218,217,219,-1,218,219,220,-1,220,219,221,-1,220,221,222,-1,222,221,223,-1,222,223,224,-1,224,223,225,-1,224,225,226,-1,226,225,227,-1,226,227,228,-1,228,227,229,-1,230,228,231,-1,231,228,229,-1,232,233,234,-1,234,233,235,-1,232,236,233,-1,233,236,205,-1,233,205,237,-1,237,205,238,-1,205,206,238,-1,238,206,208,-1,238,208,239,-1,202,203,216,-1,216,203,240,-1,216,240,214,-1,214,240,241,-1,214,241,212,-1,212,241,239,-1,212,239,210,-1,210,239,208,-1,203,52,240,-1,240,52,242,-1,240,242,241,-1,241,242,243,-1,241,243,239,-1,239,243,244,-1,239,244,238,-1,238,244,245,-1,238,245,237,-1,237,245,246,-1,237,246,233,-1,233,246,235,-1,3,1,234,-1,211,244,243,-1,52,55,242,-1,242,55,215,-1,242,215,243,-1,243,215,213,-1,243,213,211,-1,234,235,3,-1,3,235,246,-1,3,246,204,-1,204,246,245,-1,204,245,207,-1,207,245,244,-1,207,244,209,-1,209,244,211,-1,9,35,11,-1,11,35,16,-1,16,35,18,-1,18,35,50,-1,18,50,29,-1,29,50,48,-1,29,48,27,-1,27,48,46,-1,27,46,25,-1,25,46,44,-1,25,44,23,-1,23,44,42,-1,23,42,21,-1,21,42,40,-1,21,40,19,-1,19,40,38,-1,19,38,247,-1,19,248,249,-1,247,250,19,-1,19,250,251,-1,19,251,248,-1,249,252,19,-1,19,252,253,-1,19,253,254,-1,254,255,19,-1,19,255,256,-1,19,256,257,-1,38,37,258,-1,38,258,247,-1,247,258,259,-1,247,259,250,-1,250,259,260,-1,250,260,251,-1,251,260,261,-1,251,261,248,-1,248,261,262,-1,248,262,249,-1,249,262,263,-1,249,263,252,-1,252,263,264,-1,252,264,253,-1,253,264,265,-1,253,265,254,-1,254,265,266,-1,254,266,255,-1,255,266,267,-1,255,267,256,-1,256,267,268,-1,256,268,257,-1,257,268,20,-1,257,20,19,-1,39,22,37,-1,37,22,20,-1,264,263,20,-1,263,262,20,-1,20,262,261,-1,20,261,260,-1,20,268,267,-1,260,259,20,-1,20,259,258,-1,20,258,37,-1,267,266,20,-1,20,266,265,-1,20,265,264,-1,53,68,54,-1,54,68,58,-1,68,69,58,-1,58,69,70,-1,58,70,72,-1,72,74,58,-1,58,74,76,-1,58,76,60,-1,60,76,62,-1,13,33,14,-1,14,33,32,-1,14,32,76,-1,76,32,64,-1,76,64,62,-1,13,12,33,-1,33,12,34,-1,22,39,41,-1,22,41,24,-1,24,41,43,-1,24,43,26,-1,26,43,45,-1,26,45,28,-1,28,45,47,-1,28,47,30,-1,30,47,49,-1,30,49,31,-1,31,49,34,-1,31,34,12,-1,53,52,68,-1,68,52,65,-1,190,102,104,-1,179,165,164,-1,52,203,65,-1,65,203,201,-1,65,201,199,-1,217,65,269,-1,269,65,270,-1,199,197,65,-1,65,197,195,-1,65,195,193,-1,271,272,65,-1,65,272,273,-1,65,273,270,-1,274,187,185,-1,271,65,275,-1,275,65,151,-1,275,151,153,-1,276,164,277,-1,277,164,119,-1,277,119,118,-1,274,179,278,-1,278,179,164,-1,278,164,279,-1,279,164,276,-1,115,155,112,-1,112,155,151,-1,112,151,104,-1,104,151,65,-1,104,65,190,-1,190,65,193,-1,185,183,274,-1,274,183,181,-1,274,181,179,-1,187,274,189,-1,189,274,280,-1,189,280,107,-1,107,280,136,-1,107,136,105,-1,105,136,138,-1,105,138,111,-1,111,138,140,-1,111,140,117,-1,117,140,157,-1,117,157,115,-1,115,157,159,-1,115,159,155,-1,281,282,283,-1,281,283,284,-1,284,283,285,-1,284,285,286,-1,286,285,287,-1,286,287,288,-1,288,287,289,-1,288,289,290,-1,290,289,291,-1,290,291,292,-1,292,291,293,-1,292,293,294,-1,98,101,102,-1,160,177,109,-1,109,177,95,-1,109,95,107,-1,107,95,93,-1,107,93,102,-1,102,93,96,-1,102,96,98,-1,150,145,153,-1,153,145,147,-1,153,147,144,-1,295,133,142,-1,142,133,132,-1,142,132,144,-1,144,132,136,-1,144,136,153,-1,130,133,128,-1,128,133,126,-1,290,292,133,-1,133,292,294,-1,133,294,296,-1,295,281,133,-1,133,281,284,-1,118,120,296,-1,296,120,122,-1,296,122,133,-1,133,122,124,-1,133,124,126,-1,284,286,133,-1,133,286,288,-1,133,288,290,-1,297,280,298,-1,298,280,274,-1,298,274,299,-1,299,274,278,-1,299,278,300,-1,300,278,279,-1,300,279,301,-1,301,279,276,-1,301,276,302,-1,302,276,277,-1,302,277,296,-1,296,277,118,-1,275,153,303,-1,303,153,136,-1,303,136,297,-1,297,136,280,-1,304,217,305,-1,305,217,269,-1,305,269,306,-1,306,269,270,-1,306,270,307,-1,307,270,273,-1,307,273,308,-1,308,273,272,-1,308,272,309,-1,309,272,271,-1,309,271,303,-1,303,271,275,-1,310,311,231,-1,312,223,221,-1,217,304,219,-1,219,304,313,-1,219,313,221,-1,221,313,314,-1,221,314,312,-1,231,229,310,-1,310,229,227,-1,310,227,315,-1,315,227,225,-1,315,225,316,-1,316,225,223,-1,316,223,317,-1,317,223,312,-1,4,310,315,-1,318,5,4,-1,4,315,318,-1,318,315,316,-1,318,316,319,-1,319,316,317,-1,319,317,320,-1,320,317,312,-1,320,312,321,-1,321,312,314,-1,321,314,322,-1,322,314,313,-1,322,313,323,-1,5,318,224,-1,224,318,319,-1,224,319,222,-1,230,7,228,-1,228,7,5,-1,228,5,226,-1,226,5,224,-1,66,65,323,-1,323,65,218,-1,323,218,322,-1,322,218,220,-1,322,220,321,-1,321,220,222,-1,321,222,320,-1,320,222,319,-1,
        ]
    }
}
Shape{
    appearance Appearance {
        material  Material {
            diffuseColor 0.20784313725490197 0.20784313725490197 0.20784313725490197
            specularColor 0.01568627450980392 0.01568627450980392 0.01568627450980392
            ambientIntensity 0.298
            transparency 0.0
            shininess 0.5
        }
    }
    geometry IndexedFaceSet {
        ccw TRUE
        solid FALSE
        coord DEF co Coordinate {
            point [
                -0.2953 -0.2165 2.7165, -0.2926 -0.2369 2.7165, -0.2953 -0.2953 2.7165, -0.2847 -0.2559 2.7165, -0.2722 -0.2722 2.7165, -0.2559 -0.2847 2.7165, -0.2369 -0.2926 2.7165, -0.2165 -0.2953 2.7165, 0.1916 -0.1772 2.7165, 0.1853 -0.1853 2.7165, 0.1575 -0.1575 2.7165, 0.1772 -0.1916 2.7165, -0.1916 -0.1772 2.7165, -0.1955 -0.1677 2.7165, -0.1575 -0.1575 2.7165, -0.1969 -0.1575 2.7165, -0.1575 0.1575 2.7165, -0.1969 0.2953 2.7165, 0.1575 0.1575 2.7165, -0.1677 -0.1955 2.7165, -0.1772 -0.1916 2.7165, -0.1853 -0.1853 2.7165, 0.1969 0.2953 2.7165, 0.1969 -0.1575 2.7165, 0.1955 -0.1677 2.7165, 0.1677 -0.1955 2.7165, 0.1575 -0.1969 2.7165, -0.1575 -0.1969 2.7165, 0.2953 -0.2165 0.315, 0.2953 -0.2953 0.315, 0.2953 -0.2165 1.0433, 0.2953 -0.2953 2.7165, 0.2953 -0.2165 2.3228, 0.2953 -0.1969 2.3228, 0.2953 -0.1969 2.1969, 0.2953 0.2953 2.1969, 0.2953 0.2953 1.0433, 0.2953 -0.2165 2.7165, -0.8819 0.2953 0.2165, -0.8819 0.2953 0.1575, -0.7835 0.2953 0.2559, 0.8819 0.2953 0.1575, 0.8425 0.2953 2.3228, 0.7835 0.2953 2.3228, 0.8819 0.2953 2.2835, 0.7835 0.2953 2.7165, 0.7047 0.2953 2.7165, 0.7047 0.2953 0.315, -0.7835 0.2953 1.0433, -0.7047 0.2953 0.315, 0.2953 0.2953 0.315, 0.2953 0.2953 0.2559, 0.1969 0.2953 0.2559, 0.1969 0.2953 1.0433, 0.1975 0.2953 1.3001, -0.8766 0.2953 0.2362, -0.8527 0.2953 0.2546, -0.8704 0.2953 0.2444, -0.8622 0.2953 0.2506, -0.8425 0.2953 0.2559, -0.8805 0.2953 0.2267, 0.7835 0.2953 0.2559, 0.7835 0.2953 1.0433, 0.8819 0.2953 1.0827, -0.7047 0.2953 2.7165, -0.7835 0.2953 2.7165, -0.7835 0.2953 2.3228, 0.8819 0.2953 0.2165, 0.8425 0.2953 0.2559, 0.8805 0.2953 0.2267, 0.8766 0.2953 0.2362, -0.8819 0.2953 2.2835, -0.8819 0.2953 1.0827, 0.1077 0.2953 1.2598, -0.1969 0.2953 1.0433, -0.1969 0.2953 0.2559, -0.2953 0.2953 0.2559, -0.2953 0.2953 0.315, 0.8704 0.2953 0.2444, 0.8622 0.2953 0.2506, 0.8527 0.2953 0.2546, 0.8704 0.2953 1.0548, 0.8766 0.2953 1.063, 0.8622 0.2953 1.0486, 0.8527 0.2953 1.0446, 0.8425 0.2953 1.0433, 0.8805 0.2953 1.0725, 0.8766 0.2953 2.3031, 0.8704 0.2953 2.3113, 0.8622 0.2953 2.3176, 0.1663 0.2953 1.4698, 0.1753 0.2953 1.3623, 0.1638 0.2953 1.4155, 0.8805 0.2953 2.2937, 0.8527 0.2953 2.3215, 0.0795 0.2953 1.341, -0.1043 0.2953 1.2675, 0.1043 0.2953 1.2675, -0.1077 0.2953 1.2598, -0.2953 0.2953 1.0433, -0.1975 0.2953 1.3001, -0.2953 0.2953 2.1969, -0.1753 0.2953 1.3623, -0.1663 0.2953 1.4698, -0.1638 0.2953 1.4155, -0.8622 0.2953 2.3176, -0.8704 0.2953 2.3113, -0.8766 0.2953 2.3031, -0.8805 0.2953 2.2937, -0.8425 0.2953 2.3228, -0.8805 0.2953 1.0725, -0.8527 0.2953 1.0446, -0.8425 0.2953 1.0433, -0.8766 0.2953 1.063, -0.8704 0.2953 1.0548, -0.8622 0.2953 1.0486, 0.1969 0.2953 2.1969, -0.1969 0.2953 2.1969, 0.08 0.2953 1.5354, -0.08 0.2953 1.5354, 0.0737 0.2953 1.4954, -0.0737 0.2953 1.4954, 0.0692 0.2953 1.4179, -0.0692 0.2953 1.4179, -0.0795 0.2953 1.341, -0.8527 0.2953 2.3215, 1.5 -0.2953 0.1575, 0.1181 -0.2953 0.1575, 0.8031 -0.2953 0.2559, 0.7047 -0.2953 0.2559, 0.2165 -0.2953 2.7165, 0.2165 -0.2953 2.3228, 0.2165 -0.2953 1.0433, 0.2165 -0.2953 0.2559, 1.2953 -0.2953 0.315, 1.5 -0.2953 0.315, 1.2953 -0.2953 0.2559, 1.1969 -0.2953 0.2559, 1.1969 -0.2953 1.0433, 0.8031 -0.2953 1.0433, 0.1181 -0.2953 1.0827, 0.1181 -0.2953 2.2835, 0.1575 -0.2953 2.3228, 0.1195 -0.2953 2.2937, 0.1234 -0.2953 2.3031, 0.1195 -0.2953 0.2267, 0.1473 -0.2953 0.2546, 0.1181 -0.2953 0.2165, 0.1575 -0.2953 0.2559, 0.7047 -0.2953 0.315, 0.1234 -0.2953 0.2362, 0.1296 -0.2953 0.2444, 0.1378 -0.2953 0.2506, 0.1296 -0.2953 2.3113, 0.1378 -0.2953 2.3176, 0.1473 -0.2953 2.3215, 0.8362 -0.2953 1.4155, 0.8247 -0.2953 1.3623, 0.8337 -0.2953 1.4698, 0.8025 -0.2953 1.3001, 0.7047 -0.2953 2.1969, 0.1234 -0.2953 1.063, 0.1473 -0.2953 1.0446, 0.1296 -0.2953 1.0548, 0.1378 -0.2953 1.0486, 0.1575 -0.2953 1.0433, 0.1195 -0.2953 1.0725, 0.8957 -0.2953 1.2675, 0.9205 -0.2953 1.341, 1.1043 -0.2953 1.2675, 1.1077 -0.2953 1.2598, 1.2953 -0.2953 1.0433, 1.1975 -0.2953 1.3001, 1.2953 -0.2953 2.1969, 1.1753 -0.2953 1.3623, 1.1663 -0.2953 1.4698, 1.1638 -0.2953 1.4155, 0.8031 -0.2953 2.7165, 1.1969 -0.2953 2.7165, 0.8031 -0.2953 2.1969, 1.1969 -0.2953 2.1969, 0.92 -0.2953 1.5354, 1.08 -0.2953 1.5354, 0.9263 -0.2953 1.4954, 1.0737 -0.2953 1.4954, 0.9308 -0.2953 1.4179, 1.0692 -0.2953 1.4179, 1.0795 -0.2953 1.341, 0.8923 -0.2953 1.2598, 0.7047 -0.2953 1.0433, -0.1181 -0.2953 0.2165, -0.1181 -0.2953 0.1575, -0.2165 -0.2953 0.2559, -1.5 -0.2953 0.1575, -0.2165 -0.2953 1.0433, -0.2953 -0.2953 0.315, -1.5 -0.2953 0.315, -1.2953 -0.2953 0.315, -1.2953 -0.2953 0.2559, -1.1969 -0.2953 0.2559, -1.1969 -0.2953 1.0433, -1.2953 -0.2953 1.0433, -1.1975 -0.2953 1.3001, -0.2165 -0.2953 2.3228, -0.1234 -0.2953 0.2362, -0.1473 -0.2953 0.2546, -0.1296 -0.2953 0.2444, -0.1378 -0.2953 0.2506, -0.1575 -0.2953 0.2559, -0.1195 -0.2953 0.2267, -1.1077 -0.2953 1.2598, -0.8031 -0.2953 1.0433, -0.8031 -0.2953 0.2559, -0.7047 -0.2953 0.2559, -0.7047 -0.2953 0.315, -0.1195 -0.2953 2.2937, -0.1181 -0.2953 2.2835, -0.1575 -0.2953 2.3228, -1.2953 -0.2953 2.1969, -1.1663 -0.2953 1.4698, -1.1753 -0.2953 1.3623, -1.1638 -0.2953 1.4155, -0.1181 -0.2953 1.0827, -1.0795 -0.2953 1.341, -0.8957 -0.2953 1.2675, -1.1043 -0.2953 1.2675, -0.8923 -0.2953 1.2598, -0.7047 -0.2953 1.0433, -0.8025 -0.2953 1.3001, -0.7047 -0.2953 2.1969, -0.8247 -0.2953 1.3623, -0.8337 -0.2953 1.4698, -0.8362 -0.2953 1.4155, -0.1473 -0.2953 2.3215, -0.1378 -0.2953 2.3176, -0.1296 -0.2953 2.3113, -0.1234 -0.2953 2.3031, -1.1969 -0.2953 2.7165, -0.8031 -0.2953 2.7165, -1.1969 -0.2953 2.1969, -0.8031 -0.2953 2.1969, -1.08 -0.2953 1.5354, -0.92 -0.2953 1.5354, -1.0737 -0.2953 1.4954, -0.9263 -0.2953 1.4954, -1.0692 -0.2953 1.4179, -0.9308 -0.2953 1.4179, -0.9205 -0.2953 1.341, -0.1195 -0.2953 1.0725, -0.1473 -0.2953 1.0446, -0.1575 -0.2953 1.0433, -0.1234 -0.2953 1.063, -0.1296 -0.2953 1.0548, -0.1378 -0.2953 1.0486
            ]
        }
        coordIndex [
            0,1,2,-1,2,1,3,-1,2,3,4,-1,4,5,2,-1,2,5,6,-1,2,6,7,-1,8,9,10,-1,10,9,11,-1,12,13,14,-1,14,13,15,-1,14,15,16,-1,16,15,17,-1,16,17,18,-1,19,20,14,-1,14,20,21,-1,14,21,12,-1,17,22,18,-1,18,22,23,-1,18,23,10,-1,10,23,24,-1,10,24,8,-1,11,25,10,-1,10,25,26,-1,10,26,14,-1,14,26,27,-1,14,27,19,-1,28,29,30,-1,30,29,31,-1,32,33,34,-1,35,36,34,-1,34,36,30,-1,34,30,32,-1,32,30,31,-1,32,31,37,-1,38,39,40,-1,40,39,41,-1,42,43,44,-1,45,46,43,-1,43,46,47,-1,48,40,49,-1,47,50,51,-1,41,51,52,-1,53,36,54,-1,55,56,57,-1,57,56,58,-1,40,59,38,-1,38,59,56,-1,38,56,60,-1,60,56,55,-1,51,61,47,-1,47,61,62,-1,47,62,43,-1,43,62,63,-1,43,63,44,-1,64,65,66,-1,51,41,61,-1,61,41,67,-1,61,67,68,-1,68,67,69,-1,68,69,70,-1,71,72,48,-1,54,73,53,-1,53,73,74,-1,53,74,52,-1,52,74,75,-1,52,75,41,-1,41,75,76,-1,41,76,40,-1,40,76,77,-1,40,77,49,-1,78,79,70,-1,70,79,80,-1,70,80,68,-1,81,82,83,-1,83,82,84,-1,62,85,63,-1,63,85,84,-1,63,84,86,-1,86,84,82,-1,87,88,89,-1,36,35,54,-1,54,35,90,-1,54,90,91,-1,91,90,92,-1,44,93,42,-1,42,93,87,-1,42,87,94,-1,94,87,89,-1,95,96,97,-1,97,96,98,-1,73,97,74,-1,74,97,98,-1,74,98,99,-1,99,98,100,-1,99,100,101,-1,101,100,102,-1,101,102,103,-1,103,102,104,-1,105,106,107,-1,108,71,109,-1,109,71,48,-1,109,48,66,-1,66,48,49,-1,66,49,64,-1,110,111,72,-1,72,111,112,-1,72,112,48,-1,110,113,111,-1,111,113,114,-1,111,114,115,-1,22,17,116,-1,116,17,117,-1,116,117,118,-1,118,117,119,-1,118,119,120,-1,120,119,121,-1,120,121,122,-1,122,121,123,-1,122,123,95,-1,95,123,124,-1,95,124,96,-1,108,109,107,-1,107,109,125,-1,107,125,105,-1,126,127,128,-1,128,127,129,-1,130,31,131,-1,131,31,29,-1,131,29,132,-1,132,29,133,-1,134,135,136,-1,136,135,126,-1,136,126,137,-1,137,126,128,-1,137,128,138,-1,138,128,139,-1,132,140,131,-1,131,140,141,-1,131,141,142,-1,142,141,143,-1,142,143,144,-1,145,146,147,-1,147,146,148,-1,147,148,127,-1,127,148,133,-1,127,133,129,-1,129,133,29,-1,129,29,149,-1,145,150,146,-1,146,150,151,-1,146,151,152,-1,144,153,142,-1,142,153,154,-1,142,154,155,-1,156,157,158,-1,158,157,159,-1,158,159,160,-1,161,162,163,-1,163,162,164,-1,132,165,140,-1,140,165,162,-1,140,162,166,-1,166,162,161,-1,167,168,169,-1,138,170,171,-1,171,170,172,-1,171,172,173,-1,173,172,174,-1,173,174,175,-1,175,174,176,-1,177,178,179,-1,179,178,180,-1,179,180,181,-1,181,180,182,-1,181,182,183,-1,183,182,184,-1,183,184,185,-1,185,184,186,-1,185,186,168,-1,168,186,187,-1,168,187,169,-1,169,170,167,-1,167,170,138,-1,167,138,188,-1,188,138,139,-1,188,139,159,-1,159,139,189,-1,159,189,160,-1,190,191,192,-1,192,191,193,-1,194,192,195,-1,196,197,193,-1,193,197,198,-1,193,198,199,-1,200,201,202,-1,195,2,203,-1,203,2,7,-1,204,205,206,-1,206,205,207,-1,192,208,190,-1,190,208,205,-1,190,205,209,-1,209,205,204,-1,202,210,200,-1,200,210,211,-1,200,211,199,-1,199,211,212,-1,199,212,193,-1,193,212,213,-1,193,213,192,-1,192,213,214,-1,192,214,195,-1,215,216,217,-1,217,216,203,-1,201,218,202,-1,202,218,219,-1,202,219,220,-1,220,219,221,-1,195,203,194,-1,194,203,216,-1,194,216,222,-1,223,224,225,-1,225,224,226,-1,210,225,211,-1,211,225,226,-1,211,226,227,-1,227,226,228,-1,227,228,229,-1,229,228,230,-1,229,230,231,-1,231,230,232,-1,217,233,234,-1,234,235,217,-1,217,235,236,-1,217,236,215,-1,237,238,239,-1,239,238,240,-1,239,240,241,-1,241,240,242,-1,241,242,243,-1,243,242,244,-1,243,244,245,-1,245,244,246,-1,245,246,223,-1,223,246,247,-1,223,247,224,-1,248,249,222,-1,222,249,250,-1,222,250,194,-1,248,251,249,-1,249,251,252,-1,249,252,253,-1,
        ]
    }
}
Shape{
    appearance Appearance {
        material  Material {
            diffuseColor 0.6666666666666666 0.6666666666666666 0.6666666666666666
            specularColor 0.4666666666666667 0.4666666666666667 0.4666666666666667
            ambientIntensity 0.6667
            transparency 0.0
            shininess 0.5
        }
    }
    geometry IndexedFaceSet {
        ccw TRUE
        solid FALSE
        coord DEF co Coordinate {
            point [
                1.2953 -0.2953 0.315, 1.2953 -0.2953 0.2559, 1.2953 0.2165 0.315, 1.2953 0.2165 0.2559, 0.7047 0.2165 0.315, 0.7047 0.2165 0.2559, 0.7047 -0.2953 0.315, 0.7047 -0.2953 0.2559, 1.1181 0.2961 0.1575, 1.1181 0.2961 0.1378, 0.8819 0.2961 0.1575, 0.8819 0.2961 0.1378, 0.8819 0.1969 0.1378, 0.8819 0.1961 0.1378, 0.8819 0.1961 0.2165, 0.8819 0.2953 0.1575, 0.8819 0.2953 0.1378, 0.8819 0.2953 0.2165, 0.8819 0.2966 0.1276, 0.8819 0.6693 0.0984, 0.8819 0.6693 0.0, 0.8819 0.3346 0.0984, 0.8819 0.3346 0.0, 0.8819 0.3245 0.0998, 0.8819 0.299 0.0047, 0.8819 0.315 0.1037, 0.8819 0.2657 0.0185, 0.8819 0.3068 0.11, 0.8819 0.2372 0.0404, 0.8819 0.3005 0.1181, 0.8819 0.2153 0.0689, 0.8819 0.2015 0.1021, 1.1181 0.1961 0.2165, 1.1181 0.1961 0.1378, 1.1181 0.1969 0.1378, 1.1181 0.2953 0.1378, 1.1181 0.2953 0.1575, 1.1181 0.6693 0.0, 1.1181 0.6693 0.0984, 1.1181 0.3346 0.0, 1.1181 0.3346 0.0984, 1.1181 0.299 0.0047, 1.1181 0.3245 0.0998, 1.1181 0.2657 0.0185, 1.1181 0.315 0.1037, 1.1181 0.2372 0.0404, 1.1181 0.3068 0.11, 1.1181 0.2153 0.0689, 1.1181 0.3005 0.1181, 1.1181 0.2015 0.1021, 1.1181 0.2966 0.1276, 1.1181 0.2953 0.2165, 1.1575 0.1969 0.2559, 1.1575 0.1961 0.2559, 1.1473 0.1961 0.2546, 1.1575 0.2953 0.2559, 1.1473 0.2953 0.2546, 1.1378 0.2953 0.2506, 1.1378 0.1961 0.2506, 1.1296 0.2953 0.2444, 1.1296 0.1961 0.2444, 1.1234 0.2953 0.2362, 1.1234 0.1961 0.2362, 1.1195 0.2953 0.2267, 1.1195 0.1961 0.2267, 0.8425 0.1969 0.2559, 0.8425 0.2953 0.2559, 0.8527 0.2953 0.2546, 0.8425 0.1961 0.2559, 0.8527 0.1961 0.2546, 0.8622 0.1961 0.2506, 0.8622 0.2953 0.2506, 0.8704 0.1961 0.2444, 0.8704 0.2953 0.2444, 0.8766 0.1961 0.2362, 0.8766 0.2953 0.2362, 0.8805 0.1961 0.2267, 0.8805 0.2953 0.2267, 1.2953 0.2165 2.7165, 1.2953 0.2165 2.3228, 1.2926 0.2369 2.3228, 1.2926 0.2369 2.7165, 1.2847 0.2559 2.3228, 1.2847 0.2559 2.7165, 1.2722 0.2722 2.3228, 1.2722 0.2722 2.7165, 1.2559 0.2847 2.3228, 1.2559 0.2847 2.7165, 1.2369 0.2926 2.3228, 1.2369 0.2926 2.7165, 1.2165 0.2953 2.3228, 1.2165 0.2953 2.7165, 1.1663 -0.2953 1.4698, 1.1663 0.1969 1.4698, 1.2953 -0.2953 2.1969, 1.2953 0.1969 2.1969, 1.1638 0.1969 1.4155, 1.1638 -0.2953 1.4155, 1.1753 0.1969 1.3623, 1.1753 -0.2953 1.3623, 1.1975 -0.2953 1.3001, 1.1975 0.1969 1.3001, 1.1181 0.1969 1.2645, 1.1077 -0.2953 1.2598, 1.1077 0.1969 1.2598, 1.08 0.1969 1.5354, 1.08 -0.2953 1.5354, 1.1181 0.1969 1.7513, 1.1969 -0.2953 2.1969, 1.1969 0.1969 2.1969, 1.0737 -0.2953 1.4954, 1.0737 0.1969 1.4954, 1.1043 0.1969 1.2675, 1.1043 -0.2953 1.2675, 1.0795 -0.2953 1.341, 1.0795 0.1969 1.341, 1.0692 -0.2953 1.4179, 1.0692 0.1969 1.4179, 0.8425 0.1969 2.3228, 0.8425 0.1969 2.7165, 0.8323 0.1955 2.3228, 0.8323 0.1955 2.7165, 0.8228 0.1916 2.3228, 0.8228 0.1916 2.7165, 0.8147 0.1853 2.3228, 0.8147 0.1853 2.7165, 0.8084 0.1772 2.3228, 0.8084 0.1772 2.7165, 0.8045 0.1677 2.3228, 0.8045 0.1677 2.7165, 0.8031 0.1575 2.3228, 0.8031 0.1575 2.7165, 0.8031 0.1969 2.1969, 0.8031 0.1969 2.3228, 0.8031 -0.2953 2.7165, 0.8031 -0.2953 2.1969, 0.8819 0.1969 1.7513, 0.92 -0.2953 1.5354, 0.92 0.1969 1.5354, 0.9263 -0.2953 1.4954, 0.9263 0.1969 1.4954, 0.7047 -0.2953 2.1969, 0.7047 0.1969 2.1969, 0.8337 -0.2953 1.4698, 0.8337 0.1969 1.4698, 0.8247 0.1969 1.3623, 0.8247 -0.2953 1.3623, 0.8362 0.1969 1.4155, 0.8362 -0.2953 1.4155, 0.8025 -0.2953 1.3001, 0.8025 0.1969 1.3001, 0.8923 0.1969 1.2598, 0.8923 -0.2953 1.2598, 0.8819 0.1969 1.2645, 0.8957 -0.2953 1.2675, 0.8957 0.1969 1.2675, 0.9308 -0.2953 1.4179, 0.9308 0.1969 1.4179, 0.9205 -0.2953 1.341, 0.9205 0.1969 1.341, 1.1969 0.1969 2.3228, 1.1969 0.1575 2.3228, 1.1969 0.1575 2.7165, 1.1969 -0.2953 2.7165, 1.1575 0.1969 2.7165, 1.1575 0.1969 2.3228, 1.1677 0.1955 2.7165, 1.1677 0.1955 2.3228, 1.1772 0.1916 2.7165, 1.1772 0.1916 2.3228, 1.1853 0.1853 2.7165, 1.1853 0.1853 2.3228, 1.1916 0.1772 2.7165, 1.1916 0.1772 2.3228, 1.1955 0.1677 2.7165, 1.1955 0.1677 2.3228, 1.1575 0.2953 2.3228, 1.2953 0.1969 2.3228, 1.1473 0.2953 2.3215, 1.1473 0.1969 2.3215, 1.1378 0.2953 2.3176, 1.1378 0.1969 2.3176, 1.1296 0.2953 2.3113, 1.1296 0.1969 2.3113, 1.1234 0.2953 2.3031, 1.1234 0.1969 2.3031, 1.1195 0.2953 2.2937, 1.1195 0.1969 2.2937, 1.1181 0.2953 2.2835, 1.1181 0.1969 2.2835, 1.1181 0.1969 1.0827, 1.1181 0.2953 1.0827, 1.1195 0.2953 1.0725, 1.1195 0.1969 1.0725, 1.1234 0.2953 1.063, 1.1234 0.1969 1.063, 1.1296 0.2953 1.0548, 1.1296 0.1969 1.0548, 1.1378 0.2953 1.0486, 1.1378 0.1969 1.0486, 1.1473 0.2953 1.0446, 1.1473 0.1969 1.0446, 1.1575 0.2953 1.0433, 1.1575 0.1969 1.0433, 1.2926 0.2369 0.2559, 1.2953 0.2165 1.0433, 1.2926 0.2369 1.0433, 1.2847 0.2559 0.2559, 1.2847 0.2559 1.0433, 1.2722 0.2722 0.2559, 1.2722 0.2722 1.0433, 1.2559 0.2847 0.2559, 1.2559 0.2847 1.0433, 1.2369 0.2926 0.2559, 1.2369 0.2926 1.0433, 1.2165 0.2953 0.2559, 1.2165 0.2953 1.0433, 0.8425 0.1969 1.0433, 0.8323 0.1955 0.2559, 0.8323 0.1955 1.0433, 0.8228 0.1916 0.2559, 0.8228 0.1916 1.0433, 0.8147 0.1853 0.2559, 0.8147 0.1853 1.0433, 0.8084 0.1772 0.2559, 0.8084 0.1772 1.0433, 0.8045 0.1677 0.2559, 0.8045 0.1677 1.0433, 0.8031 0.1575 0.2559, 0.8031 0.1575 1.0433, 0.8031 -0.2953 0.2559, 0.8031 -0.2953 1.0433, 1.1969 -0.2953 1.0433, 1.1969 0.1575 1.0433, 1.1969 -0.2953 0.2559, 1.1969 0.1575 0.2559, 1.1677 0.1955 1.0433, 1.1772 0.1916 1.0433, 1.1853 0.1853 1.0433, 1.1916 0.1772 1.0433, 1.2953 -0.2953 1.0433, 1.1955 0.1677 1.0433, 1.1677 0.1955 0.2559, 1.1772 0.1916 0.2559, 1.1853 0.1853 0.2559, 1.1916 0.1772 0.2559, 1.1955 0.1677 0.2559, 1.1141 0.6999 0.0984, 1.1023 0.7283 0.0984, 1.0835 0.7528 0.0984, 1.0591 0.7716 0.0984, 1.0306 0.7834 0.0984, 0.8977 0.7283 0.0984, 0.9694 0.7834 0.0984, 0.9165 0.7528 0.0984, 0.9409 0.7716 0.0984, 1.0 0.7874 0.0984, 0.8859 0.6999 0.0984, 1.1141 0.6999 0.0, 1.1023 0.7283 0.0, 1.0835 0.7528 0.0, 1.0591 0.7716 0.0, 1.0306 0.7834 0.0, 1.0 0.7874 0.0, 0.9694 0.7834 0.0, 0.9409 0.7716 0.0, 0.9165 0.7528 0.0, 0.8977 0.7283 0.0, 0.8859 0.6999 0.0, 0.8527 0.1969 1.0446, 0.8622 0.1969 1.0486, 0.8527 0.1969 2.3215, 0.8805 0.1969 1.0725, 0.8766 0.1969 1.063, 0.8704 0.1969 1.0548, 0.8819 0.1969 1.0827, 0.8622 0.1969 2.3176, 0.8704 0.1969 2.3113, 0.8766 0.1969 2.3031, 0.8805 0.1969 2.2937, 0.8819 0.1969 2.2835, 0.7047 0.2165 2.3228, 0.7047 0.2165 2.7165, 0.7074 0.2369 2.7165, 0.7074 0.2369 2.3228, 0.7153 0.2559 2.7165, 0.7153 0.2559 2.3228, 0.7278 0.2722 2.7165, 0.7278 0.2722 2.3228, 0.7441 0.2847 2.7165, 0.7441 0.2847 2.3228, 0.7631 0.2926 2.7165, 0.7631 0.2926 2.3228, 0.7835 0.2953 2.7165, 0.7835 0.2953 2.3228, 0.7047 0.1969 2.3228, 0.8425 0.2953 2.3228, 0.8819 0.2953 2.2835, 0.8805 0.2953 2.2937, 0.8766 0.2953 2.3031, 0.8704 0.2953 2.3113, 0.8622 0.2953 2.3176, 0.8527 0.2953 2.3215, 0.8819 0.2953 1.0827, 0.8425 0.2953 1.0433, 0.8527 0.2953 1.0446, 0.8622 0.2953 1.0486, 0.8704 0.2953 1.0548, 0.8766 0.2953 1.063, 0.8805 0.2953 1.0725, 0.7047 0.2165 1.0433, 0.7047 -0.2953 1.0433, 0.7441 0.2847 1.0433, 0.7835 0.2953 1.0433, 0.7631 0.2926 1.0433, 0.7074 0.2369 1.0433, 0.7153 0.2559 1.0433, 0.7278 0.2722 1.0433, 0.7074 0.2369 0.2559, 0.7153 0.2559 0.2559, 0.7278 0.2722 0.2559, 0.7441 0.2847 0.2559, 0.7631 0.2926 0.2559, 0.7835 0.2953 0.2559
            ]
        }
        coordIndex [
            0,1,2,-1,2,1,3,-1,4,5,6,-1,6,5,7,-1,8,9,10,-1,10,9,11,-1,12,13,14,-1,10,11,15,-1,15,11,16,-1,17,15,14,-1,14,15,16,-1,14,16,12,-1,12,16,18,-1,19,20,21,-1,21,20,22,-1,21,22,23,-1,23,22,24,-1,23,24,25,-1,25,24,26,-1,25,26,27,-1,27,26,28,-1,27,28,29,-1,29,28,30,-1,29,30,18,-1,18,30,31,-1,18,31,12,-1,32,33,34,-1,9,8,35,-1,35,8,36,-1,37,38,39,-1,39,38,40,-1,39,40,41,-1,41,40,42,-1,41,42,43,-1,43,42,44,-1,43,44,45,-1,45,44,46,-1,45,46,47,-1,47,46,48,-1,47,48,49,-1,49,48,50,-1,49,50,34,-1,34,50,35,-1,34,35,32,-1,32,35,36,-1,32,36,51,-1,52,53,54,-1,55,52,56,-1,56,52,54,-1,56,54,57,-1,57,54,58,-1,57,58,59,-1,59,58,60,-1,59,60,61,-1,61,60,62,-1,61,62,63,-1,63,62,64,-1,63,64,51,-1,51,64,32,-1,65,66,67,-1,68,65,69,-1,69,65,67,-1,69,67,70,-1,70,67,71,-1,70,71,72,-1,72,71,73,-1,72,73,74,-1,74,73,75,-1,74,75,76,-1,76,75,77,-1,76,77,14,-1,14,77,17,-1,78,79,80,-1,78,80,81,-1,81,80,82,-1,81,82,83,-1,83,82,84,-1,83,84,85,-1,85,84,86,-1,85,86,87,-1,87,86,88,-1,87,88,89,-1,89,88,90,-1,89,90,91,-1,92,93,94,-1,94,93,95,-1,93,92,96,-1,96,92,97,-1,96,97,98,-1,98,97,99,-1,100,101,99,-1,99,101,98,-1,101,100,102,-1,102,100,103,-1,102,103,104,-1,105,106,107,-1,107,106,108,-1,107,108,109,-1,106,105,110,-1,110,105,111,-1,112,113,114,-1,112,114,115,-1,115,114,116,-1,115,116,117,-1,117,116,110,-1,117,110,111,-1,113,112,103,-1,103,112,104,-1,118,119,120,-1,120,119,121,-1,120,121,122,-1,122,121,123,-1,122,123,124,-1,124,123,125,-1,124,125,126,-1,126,125,127,-1,126,127,128,-1,128,127,129,-1,128,129,130,-1,130,129,131,-1,132,133,130,-1,131,134,130,-1,130,134,135,-1,130,135,132,-1,132,135,136,-1,136,135,137,-1,136,137,138,-1,139,140,137,-1,137,140,138,-1,141,142,143,-1,143,142,144,-1,145,146,147,-1,147,146,148,-1,147,148,144,-1,144,148,143,-1,146,145,149,-1,149,145,150,-1,151,152,153,-1,153,152,149,-1,153,149,150,-1,152,151,154,-1,154,151,155,-1,140,139,156,-1,140,156,157,-1,157,156,158,-1,157,158,159,-1,159,158,154,-1,159,154,155,-1,160,109,161,-1,161,109,108,-1,161,108,162,-1,162,108,163,-1,164,165,166,-1,166,165,167,-1,166,167,168,-1,168,167,169,-1,168,169,170,-1,170,169,171,-1,170,171,172,-1,172,171,173,-1,172,173,174,-1,174,173,175,-1,174,175,162,-1,162,175,161,-1,167,165,176,-1,79,177,160,-1,79,160,80,-1,160,161,175,-1,176,90,160,-1,160,90,88,-1,160,88,86,-1,175,173,160,-1,160,173,171,-1,160,171,176,-1,176,171,169,-1,176,169,167,-1,86,84,160,-1,160,84,82,-1,160,82,80,-1,176,165,178,-1,178,165,179,-1,178,179,180,-1,180,179,181,-1,180,181,182,-1,182,181,183,-1,182,183,184,-1,184,183,185,-1,184,185,186,-1,186,185,187,-1,186,187,188,-1,188,187,189,-1,102,190,191,-1,102,191,107,-1,107,191,188,-1,107,188,189,-1,191,190,192,-1,192,190,193,-1,192,193,194,-1,194,193,195,-1,194,195,196,-1,196,195,197,-1,196,197,198,-1,198,197,199,-1,198,199,200,-1,200,199,201,-1,200,201,202,-1,202,201,203,-1,2,3,204,-1,2,204,205,-1,205,204,206,-1,206,204,207,-1,206,207,208,-1,208,207,209,-1,208,209,210,-1,210,209,211,-1,210,211,212,-1,212,211,213,-1,212,213,214,-1,214,213,215,-1,214,215,216,-1,65,217,218,-1,218,217,219,-1,218,219,220,-1,220,219,221,-1,220,221,222,-1,222,221,223,-1,222,223,224,-1,224,223,225,-1,224,225,226,-1,226,225,227,-1,226,227,228,-1,228,227,229,-1,230,228,231,-1,231,228,229,-1,232,233,234,-1,234,233,235,-1,202,203,216,-1,216,203,236,-1,216,236,214,-1,214,236,237,-1,214,237,212,-1,212,237,238,-1,205,206,239,-1,239,206,208,-1,239,208,238,-1,238,208,210,-1,238,210,212,-1,232,240,233,-1,233,240,205,-1,233,205,241,-1,241,205,239,-1,203,52,236,-1,236,52,242,-1,236,242,237,-1,237,242,243,-1,237,243,238,-1,238,243,244,-1,238,244,239,-1,239,244,245,-1,239,245,241,-1,241,245,246,-1,241,246,233,-1,233,246,235,-1,3,1,234,-1,211,244,243,-1,52,55,242,-1,242,55,215,-1,242,215,243,-1,243,215,213,-1,243,213,211,-1,234,235,3,-1,3,235,246,-1,3,246,204,-1,204,246,245,-1,204,245,207,-1,207,245,244,-1,207,244,209,-1,209,244,211,-1,9,35,11,-1,11,35,16,-1,16,35,18,-1,18,35,50,-1,18,50,29,-1,29,50,48,-1,29,48,27,-1,27,48,46,-1,27,46,25,-1,25,46,44,-1,25,44,23,-1,23,44,42,-1,23,42,21,-1,21,42,40,-1,19,21,40,-1,40,38,19,-1,19,38,247,-1,19,247,248,-1,248,249,19,-1,19,249,250,-1,19,250,251,-1,252,253,254,-1,254,253,255,-1,251,256,19,-1,19,256,253,-1,19,253,257,-1,257,253,252,-1,38,37,258,-1,38,258,247,-1,247,258,259,-1,247,259,248,-1,248,259,260,-1,248,260,249,-1,249,260,261,-1,249,261,250,-1,250,261,262,-1,250,262,251,-1,251,262,263,-1,251,263,256,-1,256,263,264,-1,256,264,253,-1,253,264,265,-1,253,265,255,-1,255,265,266,-1,255,266,254,-1,254,266,267,-1,254,267,252,-1,252,267,268,-1,252,268,257,-1,257,268,20,-1,257,20,19,-1,37,39,22,-1,22,20,37,-1,37,20,268,-1,37,268,267,-1,267,266,37,-1,37,266,265,-1,37,265,264,-1,259,262,260,-1,260,262,261,-1,264,263,37,-1,37,263,262,-1,37,262,258,-1,258,262,259,-1,68,69,53,-1,53,69,70,-1,53,70,54,-1,62,60,70,-1,70,60,58,-1,70,58,54,-1,62,70,64,-1,64,70,72,-1,64,72,74,-1,14,13,33,-1,74,76,64,-1,64,76,14,-1,64,14,32,-1,32,14,33,-1,13,12,33,-1,33,12,34,-1,22,39,41,-1,22,41,24,-1,24,41,43,-1,24,43,26,-1,26,43,45,-1,26,45,28,-1,28,45,47,-1,28,47,30,-1,30,47,49,-1,30,49,31,-1,31,49,34,-1,31,34,12,-1,53,52,68,-1,68,52,65,-1,190,102,104,-1,52,203,65,-1,65,203,201,-1,65,201,199,-1,217,65,269,-1,269,65,270,-1,199,197,65,-1,65,197,195,-1,65,195,193,-1,271,189,187,-1,272,273,65,-1,65,273,274,-1,65,274,270,-1,185,119,187,-1,187,119,118,-1,187,118,271,-1,185,183,119,-1,119,183,181,-1,119,181,164,-1,164,181,179,-1,164,179,165,-1,272,65,275,-1,275,65,151,-1,275,151,153,-1,271,276,189,-1,189,276,277,-1,189,277,278,-1,115,155,112,-1,112,155,151,-1,112,151,104,-1,104,151,65,-1,104,65,190,-1,190,65,193,-1,278,279,189,-1,189,279,280,-1,189,280,107,-1,107,280,136,-1,107,136,105,-1,105,136,138,-1,105,138,111,-1,111,138,140,-1,111,140,117,-1,117,140,157,-1,117,157,115,-1,115,157,159,-1,115,159,155,-1,281,282,283,-1,281,283,284,-1,284,283,285,-1,284,285,286,-1,286,285,287,-1,286,287,288,-1,288,287,289,-1,288,289,290,-1,290,289,291,-1,290,291,292,-1,292,291,293,-1,292,293,294,-1,98,101,102,-1,160,177,109,-1,109,177,95,-1,109,95,107,-1,107,95,93,-1,107,93,102,-1,102,93,96,-1,102,96,98,-1,150,145,153,-1,153,145,147,-1,153,147,144,-1,295,133,142,-1,142,133,132,-1,142,132,144,-1,144,132,136,-1,144,136,153,-1,294,296,133,-1,128,130,133,-1,133,295,281,-1,128,133,126,-1,118,120,296,-1,296,120,122,-1,296,122,133,-1,133,122,124,-1,133,124,126,-1,281,284,133,-1,133,284,286,-1,133,286,288,-1,288,290,133,-1,133,290,292,-1,133,292,294,-1,297,280,298,-1,298,280,279,-1,298,279,299,-1,299,279,278,-1,299,278,300,-1,300,278,277,-1,300,277,301,-1,301,277,276,-1,301,276,302,-1,302,276,271,-1,302,271,296,-1,296,271,118,-1,275,153,303,-1,303,153,136,-1,303,136,297,-1,297,136,280,-1,304,217,305,-1,305,217,269,-1,305,269,306,-1,306,269,270,-1,306,270,307,-1,307,270,274,-1,307,274,308,-1,308,274,273,-1,308,273,309,-1,309,273,272,-1,309,272,303,-1,303,272,275,-1,310,311,231,-1,312,223,221,-1,217,304,219,-1,219,304,313,-1,219,313,221,-1,221,313,314,-1,221,314,312,-1,231,229,310,-1,310,229,227,-1,310,227,315,-1,315,227,225,-1,315,225,316,-1,316,225,223,-1,316,223,317,-1,317,223,312,-1,4,310,315,-1,318,5,4,-1,4,315,318,-1,318,315,316,-1,318,316,319,-1,319,316,317,-1,319,317,320,-1,320,317,312,-1,320,312,321,-1,321,312,314,-1,321,314,322,-1,322,314,313,-1,322,313,323,-1,66,65,323,-1,323,65,218,-1,323,218,322,-1,322,218,220,-1,322,220,321,-1,321,220,222,-1,5,318,224,-1,224,318,319,-1,224,319,222,-1,222,319,320,-1,222,320,321,-1,230,7,228,-1,228,7,5,-1,228,5,226,-1,226,5,224,-1,
        ]
    }
}
Shape{
    appearance Appearance {
        material  Material {
            diffuseColor 0.20784313725490197 0.20784313725490197 0.20784313725490197
            specularColor 0.01568627450980392 0.01568627450980392 0.01568627450980392
            ambientIntensity 0.298
            transparency 0.0
            shininess 0.5
        }
    }
    geometry IndexedFaceSet {
        ccw TRUE
        solid FALSE
        coord DEF co Coordinate {
            point [
                1.2953 0.2165 2.7165, 1.2926 0.2369 2.7165, 1.2953 0.2953 2.7165, 1.2847 0.2559 2.7165, 1.2722 0.2722 2.7165, 1.2559 0.2847 2.7165, 1.2369 0.2926 2.7165, 1.2165 0.2953 2.7165, 0.8425 -0.1575 2.7165, 0.8031 0.1575 2.7165, 0.8425 0.1575 2.7165, 0.8045 0.1677 2.7165, 1.1916 0.1772 2.7165, 1.1955 0.1677 2.7165, 1.1575 0.1575 2.7165, 1.1969 0.1575 2.7165, 1.1575 -0.1575 2.7165, 1.1969 -0.2953 2.7165, 0.8031 -0.2953 2.7165, 0.8084 0.1772 2.7165, 0.8147 0.1853 2.7165, 0.8228 0.1916 2.7165, 0.8323 0.1955 2.7165, 0.8425 0.1969 2.7165, 1.1575 0.1969 2.7165, 1.1677 0.1955 2.7165, 1.1772 0.1916 2.7165, 1.1853 0.1853 2.7165, 0.7047 0.2165 0.315, 0.7047 0.2953 0.315, 0.7047 0.2165 1.0433, 0.7047 0.2953 2.7165, 0.7047 0.2165 2.3228, 0.7047 0.1969 2.3228, 0.7047 0.1969 2.1969, 0.7047 -0.2953 2.1969, 0.7047 -0.2953 1.0433, 0.7047 0.2165 2.7165, 1.1181 0.2953 0.1575, 1.5 0.2953 0.1575, 1.1181 0.2953 0.2165, 1.2165 0.2953 0.2559, 1.2953 0.2953 0.315, 1.2165 0.2953 2.3228, 1.1195 0.2953 2.2937, 1.1181 0.2953 2.2835, 1.1575 0.2953 2.3228, 1.5 0.2953 0.315, 1.2165 0.2953 1.0433, 1.1296 0.2953 0.2444, 1.1234 0.2953 0.2362, 1.1378 0.2953 0.2506, 1.1473 0.2953 0.2546, 1.1575 0.2953 0.2559, 1.1195 0.2953 0.2267, 1.1378 0.2953 2.3176, 1.1296 0.2953 2.3113, 1.1234 0.2953 2.3031, 1.1473 0.2953 1.0446, 1.1575 0.2953 1.0433, 1.1181 0.2953 1.0827, 1.1473 0.2953 2.3215, 1.1195 0.2953 1.0725, 1.1234 0.2953 1.063, 1.1378 0.2953 1.0486, 1.1296 0.2953 1.0548
            ]
        }
        coordIndex [
            0,1,2,-1,2,1,3,-1,2,3,4,-1,4,5,2,-1,2,5,6,-1,2,6,7,-1,8,9,10,-1,10,9,11,-1,12,13,14,-1,14,13,15,-1,14,15,16,-1,16,15,17,-1,16,17,8,-1,8,17,18,-1,8,18,9,-1,11,19,10,-1,10,19,20,-1,10,20,21,-1,21,22,10,-1,10,22,23,-1,10,23,14,-1,14,23,24,-1,14,24,25,-1,25,26,14,-1,14,26,27,-1,14,27,12,-1,28,29,30,-1,30,29,31,-1,32,33,34,-1,35,36,34,-1,34,36,30,-1,34,30,32,-1,32,30,31,-1,32,31,37,-1,38,39,40,-1,40,39,41,-1,42,2,43,-1,43,2,7,-1,44,45,46,-1,39,47,41,-1,41,47,42,-1,41,42,48,-1,48,42,43,-1,49,50,51,-1,51,50,52,-1,41,53,40,-1,40,53,52,-1,40,52,54,-1,54,52,50,-1,55,56,57,-1,58,59,60,-1,60,59,48,-1,60,48,45,-1,45,48,43,-1,45,43,46,-1,44,46,57,-1,57,46,61,-1,57,61,55,-1,60,62,58,-1,58,62,63,-1,58,63,64,-1,64,63,65,-1,
        ]
    }
}
Shape{
    appearance Appearance {
        material  Material {
            diffuseColor 0.6666666666666666 0.6666666666666666 0.6666666666666666
            specularColor 0.4666666666666667 0.4666666666666667 0.4666666666666667
            ambientIntensity 0.6667
            transparency 0.0
            shininess 0.5
        }
    }
    geometry IndexedFaceSet {
        ccw TRUE
        solid FALSE
        coord DEF co Coordinate {
            point [
                -0.7047 -0.2953 0.315, -0.7047 -0.2953 0.2559, -0.7047 0.2165 0.315, -0.7047 0.2165 0.2559, -1.2953 0.2165 0.315, -1.2953 0.2165 0.2559, -1.2953 -0.2953 0.315, -1.2953 -0.2953 0.2559, -0.8819 0.2961 0.1575, -0.8819 0.2961 0.1378, -1.1181 0.2961 0.1575, -1.1181 0.2961 0.1378, -1.1181 0.1969 0.1378, -1.1181 0.1961 0.1378, -1.1181 0.1961 0.2165, -1.1181 0.2953 0.1575, -1.1181 0.2953 0.1378, -1.1181 0.2953 0.2165, -1.1181 0.2966 0.1276, -1.1181 0.6693 0.0984, -1.1181 0.6693 0.0, -1.1181 0.3346 0.0984, -1.1181 0.3346 0.0, -1.1181 0.3245 0.0998, -1.1181 0.299 0.0047, -1.1181 0.315 0.1037, -1.1181 0.2657 0.0185, -1.1181 0.3068 0.11, -1.1181 0.2372 0.0404, -1.1181 0.3005 0.1181, -1.1181 0.2153 0.0689, -1.1181 0.2015 0.1021, -0.8819 0.1961 0.2165, -0.8819 0.1961 0.1378, -0.8819 0.1969 0.1378, -0.8819 0.2953 0.1378, -0.8819 0.2953 0.1575, -0.8819 0.6693 0.0, -0.8819 0.6693 0.0984, -0.8819 0.3346 0.0, -0.8819 0.3346 0.0984, -0.8819 0.299 0.0047, -0.8819 0.3245 0.0998, -0.8819 0.2657 0.0185, -0.8819 0.315 0.1037, -0.8819 0.2372 0.0404, -0.8819 0.3068 0.11, -0.8819 0.2153 0.0689, -0.8819 0.3005 0.1181, -0.8819 0.2015 0.1021, -0.8819 0.2966 0.1276, -0.8819 0.2953 0.2165, -0.8425 0.1969 0.2559, -0.8425 0.1961 0.2559, -0.8527 0.1961 0.2546, -0.8425 0.2953 0.2559, -0.8527 0.2953 0.2546, -0.8622 0.2953 0.2506, -0.8622 0.1961 0.2506, -0.8704 0.2953 0.2444, -0.8704 0.1961 0.2444, -0.8766 0.2953 0.2362, -0.8766 0.1961 0.2362, -0.8805 0.2953 0.2267, -0.8805 0.1961 0.2267, -1.1575 0.1969 0.2559, -1.1575 0.2953 0.2559, -1.1473 0.2953 0.2546, -1.1575 0.1961 0.2559, -1.1473 0.1961 0.2546, -1.1378 0.1961 0.2506, -1.1378 0.2953 0.2506, -1.1296 0.1961 0.2444, -1.1296 0.2953 0.2444, -1.1234 0.1961 0.2362, -1.1234 0.2953 0.2362, -1.1195 0.1961 0.2267, -1.1195 0.2953 0.2267, -0.7047 0.2165 2.7165, -0.7047 0.2165 2.3228, -0.7074 0.2369 2.3228, -0.7074 0.2369 2.7165, -0.7153 0.2559 2.3228, -0.7153 0.2559 2.7165, -0.7278 0.2722 2.3228, -0.7278 0.2722 2.7165, -0.7441 0.2847 2.3228, -0.7441 0.2847 2.7165, -0.7631 0.2926 2.3228, -0.7631 0.2926 2.7165, -0.7835 0.2953 2.3228, -0.7835 0.2953 2.7165, -0.8337 -0.2953 1.4698, -0.8337 0.1969 1.4698, -0.7047 -0.2953 2.1969, -0.7047 0.1969 2.1969, -0.8362 0.1969 1.4155, -0.8362 -0.2953 1.4155, -0.8247 0.1969 1.3623, -0.8247 -0.2953 1.3623, -0.8025 -0.2953 1.3001, -0.8025 0.1969 1.3001, -0.8819 0.1969 1.2645, -0.8923 -0.2953 1.2598, -0.8923 0.1969 1.2598, -0.92 0.1969 1.5354, -0.92 -0.2953 1.5354, -0.8819 0.1969 1.7513, -0.8031 -0.2953 2.1969, -0.8031 0.1969 2.1969, -0.9263 -0.2953 1.4954, -0.9263 0.1969 1.4954, -0.8957 0.1969 1.2675, -0.8957 -0.2953 1.2675, -0.9205 -0.2953 1.341, -0.9205 0.1969 1.341, -0.9308 -0.2953 1.4179, -0.9308 0.1969 1.4179, -1.1575 0.1969 2.3228, -1.1575 0.1969 2.7165, -1.1677 0.1955 2.3228, -1.1677 0.1955 2.7165, -1.1772 0.1916 2.3228, -1.1772 0.1916 2.7165, -1.1853 0.1853 2.3228, -1.1853 0.1853 2.7165, -1.1916 0.1772 2.3228, -1.1916 0.1772 2.7165, -1.1955 0.1677 2.3228, -1.1955 0.1677 2.7165, -1.1969 0.1575 2.3228, -1.1969 0.1575 2.7165, -1.1969 0.1969 2.1969, -1.1969 0.1969 2.3228, -1.1969 -0.2953 2.7165, -1.1969 -0.2953 2.1969, -1.1181 0.1969 1.7513, -1.08 -0.2953 1.5354, -1.08 0.1969 1.5354, -1.0737 -0.2953 1.4954, -1.0737 0.1969 1.4954, -1.2953 -0.2953 2.1969, -1.2953 0.1969 2.1969, -1.1663 -0.2953 1.4698, -1.1663 0.1969 1.4698, -1.1753 0.1969 1.3623, -1.1753 -0.2953 1.3623, -1.1638 0.1969 1.4155, -1.1638 -0.2953 1.4155, -1.1975 -0.2953 1.3001, -1.1975 0.1969 1.3001, -1.1077 0.1969 1.2598, -1.1077 -0.2953 1.2598, -1.1181 0.1969 1.2645, -1.1043 -0.2953 1.2675, -1.1043 0.1969 1.2675, -1.0692 -0.2953 1.4179, -1.0692 0.1969 1.4179, -1.0795 -0.2953 1.341, -1.0795 0.1969 1.341, -0.8031 0.1969 2.3228, -0.8031 0.1575 2.3228, -0.8031 0.1575 2.7165, -0.8031 -0.2953 2.7165, -0.8425 0.1969 2.7165, -0.8425 0.1969 2.3228, -0.8323 0.1955 2.7165, -0.8323 0.1955 2.3228, -0.8228 0.1916 2.7165, -0.8228 0.1916 2.3228, -0.8147 0.1853 2.7165, -0.8147 0.1853 2.3228, -0.8084 0.1772 2.7165, -0.8084 0.1772 2.3228, -0.8045 0.1677 2.7165, -0.8045 0.1677 2.3228, -0.8425 0.2953 2.3228, -0.7047 0.1969 2.3228, -0.8527 0.2953 2.3215, -0.8527 0.1969 2.3215, -0.8622 0.2953 2.3176, -0.8622 0.1969 2.3176, -0.8704 0.2953 2.3113, -0.8704 0.1969 2.3113, -0.8766 0.2953 2.3031, -0.8766 0.1969 2.3031, -0.8805 0.2953 2.2937, -0.8805 0.1969 2.2937, -0.8819 0.2953 2.2835, -0.8819 0.1969 2.2835, -0.8819 0.1969 1.0827, -0.8819 0.2953 1.0827, -0.8805 0.2953 1.0725, -0.8805 0.1969 1.0725, -0.8766 0.2953 1.063, -0.8766 0.1969 1.063, -0.8704 0.2953 1.0548, -0.8704 0.1969 1.0548, -0.8622 0.2953 1.0486, -0.8622 0.1969 1.0486, -0.8527 0.2953 1.0446, -0.8527 0.1969 1.0446, -0.8425 0.2953 1.0433, -0.8425 0.1969 1.0433, -0.7074 0.2369 0.2559, -0.7047 0.2165 1.0433, -0.7074 0.2369 1.0433, -0.7153 0.2559 0.2559, -0.7153 0.2559 1.0433, -0.7278 0.2722 0.2559, -0.7278 0.2722 1.0433, -0.7441 0.2847 0.2559, -0.7441 0.2847 1.0433, -0.7631 0.2926 0.2559, -0.7631 0.2926 1.0433, -0.7835 0.2953 0.2559, -0.7835 0.2953 1.0433, -1.1575 0.1969 1.0433, -1.1677 0.1955 0.2559, -1.1677 0.1955 1.0433, -1.1772 0.1916 0.2559, -1.1772 0.1916 1.0433, -1.1853 0.1853 0.2559, -1.1853 0.1853 1.0433, -1.1916 0.1772 0.2559, -1.1916 0.1772 1.0433, -1.1955 0.1677 0.2559, -1.1955 0.1677 1.0433, -1.1969 0.1575 0.2559, -1.1969 0.1575 1.0433, -1.1969 -0.2953 0.2559, -1.1969 -0.2953 1.0433, -0.8031 -0.2953 1.0433, -0.8031 0.1575 1.0433, -0.8031 -0.2953 0.2559, -0.8031 0.1575 0.2559, -0.7047 -0.2953 1.0433, -0.8045 0.1677 1.0433, -0.8084 0.1772 1.0433, -0.8323 0.1955 1.0433, -0.8228 0.1916 1.0433, -0.8147 0.1853 1.0433, -0.8323 0.1955 0.2559, -0.8228 0.1916 0.2559, -0.8147 0.1853 0.2559, -0.8084 0.1772 0.2559, -0.8045 0.1677 0.2559, -0.8859 0.6999 0.0984, -0.8977 0.7283 0.0984, -0.9165 0.7528 0.0984, -0.9409 0.7716 0.0984, -0.9694 0.7834 0.0984, -1.1023 0.7283 0.0984, -1.0306 0.7834 0.0984, -1.0835 0.7528 0.0984, -1.0591 0.7716 0.0984, -1.0 0.7874 0.0984, -1.1141 0.6999 0.0984, -0.8859 0.6999 0.0, -0.8977 0.7283 0.0, -0.9165 0.7528 0.0, -0.9409 0.7716 0.0, -0.9694 0.7834 0.0, -1.0 0.7874 0.0, -1.0306 0.7834 0.0, -1.0591 0.7716 0.0, -1.0835 0.7528 0.0, -1.1023 0.7283 0.0, -1.1141 0.6999 0.0, -1.1473 0.1969 1.0446, -1.1378 0.1969 1.0486, -1.1473 0.1969 2.3215, -1.1195 0.1969 1.0725, -1.1234 0.1969 1.063, -1.1296 0.1969 1.0548, -1.1181 0.1969 1.0827, -1.1378 0.1969 2.3176, -1.1296 0.1969 2.3113, -1.1234 0.1969 2.3031, -1.1195 0.1969 2.2937, -1.1181 0.1969 2.2835, -1.2953 0.2165 2.3228, -1.2953 0.2165 2.7165, -1.2926 0.2369 2.7165, -1.2926 0.2369 2.3228, -1.2847 0.2559 2.7165, -1.2847 0.2559 2.3228, -1.2722 0.2722 2.7165, -1.2722 0.2722 2.3228, -1.2559 0.2847 2.7165, -1.2559 0.2847 2.3228, -1.2369 0.2926 2.7165, -1.2369 0.2926 2.3228, -1.2165 0.2953 2.7165, -1.2165 0.2953 2.3228, -1.2953 0.1969 2.3228, -1.1575 0.2953 2.3228, -1.1181 0.2953 2.2835, -1.1195 0.2953 2.2937, -1.1234 0.2953 2.3031, -1.1296 0.2953 2.3113, -1.1378 0.2953 2.3176, -1.1473 0.2953 2.3215, -1.1181 0.2953 1.0827, -1.1575 0.2953 1.0433, -1.1473 0.2953 1.0446, -1.1378 0.2953 1.0486, -1.1296 0.2953 1.0548, -1.1234 0.2953 1.063, -1.1195 0.2953 1.0725, -1.2953 0.2165 1.0433, -1.2953 -0.2953 1.0433, -1.2559 0.2847 1.0433, -1.2165 0.2953 1.0433, -1.2369 0.2926 1.0433, -1.2926 0.2369 1.0433, -1.2847 0.2559 1.0433, -1.2722 0.2722 1.0433, -1.2926 0.2369 0.2559, -1.2847 0.2559 0.2559, -1.2722 0.2722 0.2559, -1.2559 0.2847 0.2559, -1.2369 0.2926 0.2559, -1.2165 0.2953 0.2559
            ]
        }
        coordIndex [
            0,1,2,-1,2,1,3,-1,4,5,6,-1,6,5,7,-1,8,9,10,-1,10,9,11,-1,12,13,14,-1,10,11,15,-1,15,11,16,-1,17,15,14,-1,14,15,16,-1,14,16,12,-1,12,16,18,-1,19,20,21,-1,21,20,22,-1,21,22,23,-1,23,22,24,-1,23,24,25,-1,25,24,26,-1,25,26,27,-1,27,26,28,-1,27,28,29,-1,29,28,30,-1,29,30,18,-1,18,30,31,-1,18,31,12,-1,32,33,34,-1,9,8,35,-1,35,8,36,-1,37,38,39,-1,39,38,40,-1,39,40,41,-1,41,40,42,-1,41,42,43,-1,43,42,44,-1,43,44,45,-1,45,44,46,-1,45,46,47,-1,47,46,48,-1,47,48,49,-1,49,48,50,-1,49,50,34,-1,34,50,35,-1,34,35,32,-1,32,35,36,-1,32,36,51,-1,52,53,54,-1,55,52,56,-1,56,52,54,-1,56,54,57,-1,57,54,58,-1,57,58,59,-1,59,58,60,-1,59,60,61,-1,61,60,62,-1,61,62,63,-1,63,62,64,-1,63,64,51,-1,51,64,32,-1,65,66,67,-1,68,65,69,-1,69,65,67,-1,69,67,70,-1,70,67,71,-1,70,71,72,-1,72,71,73,-1,72,73,74,-1,74,73,75,-1,74,75,76,-1,76,75,77,-1,76,77,14,-1,14,77,17,-1,78,79,80,-1,78,80,81,-1,81,80,82,-1,81,82,83,-1,83,82,84,-1,83,84,85,-1,85,84,86,-1,85,86,87,-1,87,86,88,-1,87,88,89,-1,89,88,90,-1,89,90,91,-1,92,93,94,-1,94,93,95,-1,93,92,96,-1,96,92,97,-1,96,97,98,-1,98,97,99,-1,100,101,99,-1,99,101,98,-1,101,100,102,-1,102,100,103,-1,102,103,104,-1,105,106,107,-1,107,106,108,-1,107,108,109,-1,106,105,110,-1,110,105,111,-1,112,113,114,-1,112,114,115,-1,115,114,116,-1,115,116,117,-1,117,116,110,-1,117,110,111,-1,113,112,103,-1,103,112,104,-1,118,119,120,-1,120,119,121,-1,120,121,122,-1,122,121,123,-1,122,123,124,-1,124,123,125,-1,124,125,126,-1,126,125,127,-1,126,127,128,-1,128,127,129,-1,128,129,130,-1,130,129,131,-1,132,133,130,-1,131,134,130,-1,130,134,135,-1,130,135,132,-1,132,135,136,-1,136,135,137,-1,136,137,138,-1,139,140,137,-1,137,140,138,-1,141,142,143,-1,143,142,144,-1,145,146,147,-1,147,146,148,-1,147,148,144,-1,144,148,143,-1,146,145,149,-1,149,145,150,-1,151,152,153,-1,153,152,149,-1,153,149,150,-1,152,151,154,-1,154,151,155,-1,140,139,156,-1,140,156,157,-1,157,156,158,-1,157,158,159,-1,159,158,154,-1,159,154,155,-1,160,109,161,-1,161,109,108,-1,161,108,162,-1,162,108,163,-1,164,165,166,-1,166,165,167,-1,166,167,168,-1,168,167,169,-1,168,169,170,-1,170,169,171,-1,170,171,172,-1,172,171,173,-1,172,173,174,-1,174,173,175,-1,174,175,162,-1,162,175,161,-1,167,165,176,-1,160,161,175,-1,176,90,160,-1,160,90,88,-1,88,86,160,-1,160,86,84,-1,160,84,82,-1,82,80,160,-1,160,80,79,-1,160,79,177,-1,175,173,160,-1,160,173,171,-1,160,171,176,-1,176,171,169,-1,176,169,167,-1,176,165,178,-1,178,165,179,-1,178,179,180,-1,180,179,181,-1,180,181,182,-1,182,181,183,-1,182,183,184,-1,184,183,185,-1,184,185,186,-1,186,185,187,-1,186,187,188,-1,188,187,189,-1,102,190,191,-1,102,191,107,-1,107,191,188,-1,107,188,189,-1,191,190,192,-1,192,190,193,-1,192,193,194,-1,194,193,195,-1,194,195,196,-1,196,195,197,-1,196,197,198,-1,198,197,199,-1,198,199,200,-1,200,199,201,-1,200,201,202,-1,202,201,203,-1,2,3,204,-1,2,204,205,-1,205,204,206,-1,206,204,207,-1,206,207,208,-1,208,207,209,-1,208,209,210,-1,210,209,211,-1,210,211,212,-1,212,211,213,-1,212,213,214,-1,214,213,215,-1,214,215,216,-1,65,217,218,-1,218,217,219,-1,218,219,220,-1,220,219,221,-1,220,221,222,-1,222,221,223,-1,222,223,224,-1,224,223,225,-1,224,225,226,-1,226,225,227,-1,226,227,228,-1,228,227,229,-1,230,228,231,-1,231,228,229,-1,232,233,234,-1,234,233,235,-1,232,236,233,-1,233,236,205,-1,233,205,237,-1,237,205,238,-1,202,203,216,-1,216,203,239,-1,216,239,214,-1,214,239,240,-1,214,240,212,-1,212,240,241,-1,205,206,238,-1,238,206,208,-1,238,208,241,-1,241,208,210,-1,241,210,212,-1,203,52,239,-1,239,52,242,-1,239,242,240,-1,240,242,243,-1,240,243,241,-1,241,243,244,-1,241,244,238,-1,238,244,245,-1,238,245,237,-1,237,245,246,-1,237,246,233,-1,233,246,235,-1,3,1,234,-1,211,244,243,-1,52,55,242,-1,242,55,215,-1,242,215,243,-1,243,215,213,-1,243,213,211,-1,234,235,3,-1,3,235,246,-1,3,246,204,-1,204,246,245,-1,204,245,207,-1,207,245,244,-1,207,244,209,-1,209,244,211,-1,9,35,11,-1,11,35,16,-1,16,35,18,-1,18,35,50,-1,18,50,29,-1,29,50,48,-1,29,48,27,-1,27,48,46,-1,27,46,25,-1,25,46,44,-1,25,44,23,-1,23,44,42,-1,23,42,21,-1,21,42,40,-1,19,21,40,-1,40,38,19,-1,19,38,247,-1,19,247,248,-1,248,249,19,-1,19,249,250,-1,19,250,251,-1,252,253,254,-1,254,253,255,-1,251,256,19,-1,19,256,253,-1,19,253,257,-1,257,253,252,-1,38,37,258,-1,38,258,247,-1,247,258,259,-1,247,259,248,-1,248,259,260,-1,248,260,249,-1,249,260,261,-1,249,261,250,-1,250,261,262,-1,250,262,251,-1,251,262,263,-1,251,263,256,-1,256,263,264,-1,256,264,253,-1,253,264,265,-1,253,265,255,-1,255,265,266,-1,255,266,254,-1,254,266,267,-1,254,267,252,-1,252,267,268,-1,252,268,257,-1,257,268,20,-1,257,20,19,-1,37,39,22,-1,22,20,37,-1,37,20,268,-1,37,268,267,-1,267,266,37,-1,37,266,265,-1,37,265,264,-1,259,262,260,-1,260,262,261,-1,264,263,37,-1,37,263,262,-1,37,262,258,-1,258,262,259,-1,68,69,53,-1,53,69,70,-1,53,70,54,-1,62,60,70,-1,70,60,58,-1,70,58,54,-1,62,70,64,-1,64,70,72,-1,64,72,74,-1,14,13,33,-1,74,76,64,-1,64,76,14,-1,64,14,32,-1,32,14,33,-1,13,12,33,-1,33,12,34,-1,22,39,41,-1,22,41,24,-1,24,41,43,-1,24,43,26,-1,26,43,45,-1,26,45,28,-1,28,45,47,-1,28,47,30,-1,30,47,49,-1,30,49,31,-1,31,49,34,-1,31,34,12,-1,53,52,68,-1,68,52,65,-1,190,102,104,-1,52,203,65,-1,65,203,201,-1,65,201,199,-1,217,65,269,-1,269,65,270,-1,199,197,65,-1,65,197,195,-1,65,195,193,-1,271,189,187,-1,272,273,65,-1,65,273,274,-1,65,274,270,-1,185,119,187,-1,187,119,118,-1,187,118,271,-1,185,183,119,-1,119,183,181,-1,119,181,164,-1,164,181,179,-1,164,179,165,-1,272,65,275,-1,275,65,151,-1,275,151,153,-1,271,276,189,-1,189,276,277,-1,189,277,278,-1,115,155,112,-1,112,155,151,-1,112,151,104,-1,104,151,65,-1,104,65,190,-1,190,65,193,-1,278,279,189,-1,189,279,280,-1,189,280,107,-1,107,280,136,-1,107,136,105,-1,105,136,138,-1,105,138,111,-1,111,138,140,-1,111,140,117,-1,117,140,157,-1,117,157,115,-1,115,157,159,-1,115,159,155,-1,281,282,283,-1,281,283,284,-1,284,283,285,-1,284,285,286,-1,286,285,287,-1,286,287,288,-1,288,287,289,-1,288,289,290,-1,290,289,291,-1,290,291,292,-1,292,291,293,-1,292,293,294,-1,98,101,102,-1,160,177,109,-1,109,177,95,-1,109,95,107,-1,107,95,93,-1,107,93,102,-1,102,93,96,-1,102,96,98,-1,150,145,153,-1,153,145,147,-1,153,147,144,-1,295,133,142,-1,142,133,132,-1,142,132,144,-1,144,132,136,-1,144,136,153,-1,294,296,133,-1,128,130,133,-1,128,133,126,-1,294,133,292,-1,118,120,296,-1,296,120,122,-1,296,122,133,-1,133,122,124,-1,133,124,126,-1,295,281,133,-1,133,281,284,-1,133,284,286,-1,286,288,133,-1,133,288,290,-1,133,290,292,-1,297,280,298,-1,298,280,279,-1,298,279,299,-1,299,279,278,-1,299,278,300,-1,300,278,277,-1,300,277,301,-1,301,277,276,-1,301,276,302,-1,302,276,271,-1,302,271,296,-1,296,271,118,-1,275,153,303,-1,303,153,136,-1,303,136,297,-1,297,136,280,-1,304,217,305,-1,305,217,269,-1,305,269,306,-1,306,269,270,-1,306,270,307,-1,307,270,274,-1,307,274,308,-1,308,274,273,-1,308,273,309,-1,309,273,272,-1,309,272,303,-1,303,272,275,-1,310,311,231,-1,312,223,221,-1,217,304,219,-1,219,304,313,-1,219,313,221,-1,221,313,314,-1,221,314,312,-1,231,229,310,-1,310,229,227,-1,310,227,315,-1,315,227,225,-1,315,225,316,-1,316,225,223,-1,316,223,317,-1,317,223,312,-1,4,310,315,-1,318,5,4,-1,4,315,318,-1,318,315,316,-1,318,316,319,-1,319,316,317,-1,319,317,320,-1,320,317,312,-1,320,312,321,-1,321,312,314,-1,321,314,322,-1,322,314,313,-1,322,313,323,-1,230,7,228,-1,228,7,5,-1,228,5,226,-1,226,5,224,-1,66,65,323,-1,323,65,218,-1,323,218,322,-1,322,218,220,-1,322,220,321,-1,321,220,222,-1,5,318,224,-1,224,318,319,-1,224,319,222,-1,222,319,320,-1,222,320,321,-1,
        ]
    }
}
Shape{
    appearance Appearance {
        material  Material {
            diffuseColor 0.20784313725490197 0.20784313725490197 0.20784313725490197
            specularColor 0.01568627450980392 0.01568627450980392 0.01568627450980392
            ambientIntensity 0.298
            transparency 0.0
            shininess 0.5
        }
    }
    geometry IndexedFaceSet {
        ccw TRUE
        solid FALSE
        coord DEF co Coordinate {
            point [
                -0.7631 0.2926 2.7165, -0.7835 0.2953 2.7165, -0.7047 0.2953 2.7165, -0.7047 0.2165 2.7165, -0.7074 0.2369 2.7165, -0.7153 0.2559 2.7165, -0.7278 0.2722 2.7165, -0.7441 0.2847 2.7165, -1.1575 -0.1575 2.7165, -1.1969 0.1575 2.7165, -1.1575 0.1575 2.7165, -1.1955 0.1677 2.7165, -0.8084 0.1772 2.7165, -0.8045 0.1677 2.7165, -0.8425 0.1575 2.7165, -0.8031 0.1575 2.7165, -0.8425 -0.1575 2.7165, -0.8031 -0.2953 2.7165, -1.1969 -0.2953 2.7165, -1.1916 0.1772 2.7165, -1.1853 0.1853 2.7165, -1.1772 0.1916 2.7165, -1.1677 0.1955 2.7165, -1.1575 0.1969 2.7165, -0.8425 0.1969 2.7165, -0.8323 0.1955 2.7165, -0.8228 0.1916 2.7165, -0.8147 0.1853 2.7165, -1.2953 0.2165 0.315, -1.2953 0.2953 0.315, -1.2953 0.2165 1.0433, -1.2953 0.2953 2.7165, -1.2953 0.2165 2.3228, -1.2953 0.1969 2.3228, -1.2953 0.1969 2.1969, -1.2953 -0.2953 2.1969, -1.2953 -0.2953 1.0433, -1.2953 0.2165 2.7165, -1.1575 0.2953 2.3228, -1.2165 0.2953 2.3228, -1.1181 0.2953 2.2835, -1.2165 0.2953 2.7165, -1.5 0.2953 0.1575, -1.1181 0.2953 0.1575, -1.1181 0.2953 0.2165, -1.5 0.2953 0.315, -1.1195 0.2953 0.2267, -1.1473 0.2953 0.2546, -1.1575 0.2953 0.2559, -1.2165 0.2953 0.2559, -1.2165 0.2953 1.0433, -1.1181 0.2953 1.0827, -1.1234 0.2953 0.2362, -1.1296 0.2953 0.2444, -1.1378 0.2953 0.2506, -1.1234 0.2953 2.3031, -1.1296 0.2953 2.3113, -1.1378 0.2953 2.3176, -1.1195 0.2953 2.2937, -1.1473 0.2953 2.3215, -1.1234 0.2953 1.063, -1.1473 0.2953 1.0446, -1.1296 0.2953 1.0548, -1.1378 0.2953 1.0486, -1.1575 0.2953 1.0433, -1.1195 0.2953 1.0725, 1.1575 0.1575 2.7165, 1.1575 0.1575 2.815, 0.8425 0.1575 2.7165, 0.8425 0.1575 2.815, 0.8425 -0.1575 2.7165, 0.8425 -0.1575 2.815, 1.1575 -0.1575 2.7165, 1.1575 -0.1575 2.815, 1.2953 -0.2953 2.9528, 1.2953 0.2953 2.9528, 0.7047 0.2953 2.9528, 0.7047 -0.2953 2.9528, -1.5 0.4921 0.1575, -1.5 0.4921 2.9528, 1.5 0.4921 0.1575, 1.5 0.4921 2.9528, -1.1575 -0.1575 2.815, -0.8425 -0.1575 2.815, -1.1575 0.1575 2.815, -1.2953 0.2953 2.9528, -1.2953 -0.2953 2.9528, -0.7047 -0.2953 2.9528, -0.8425 0.1575 2.815, -0.7047 0.2953 2.9528, -1.5 -0.4921 2.9528, -0.2953 -0.2953 2.9528, 1.5 -0.4921 2.9528, 0.2953 -0.2953 2.9528, 0.2953 0.2953 2.9528, -0.2953 0.2953 2.9528, 0.1575 0.1575 2.815, -0.1575 0.1575 2.815, 0.1575 0.1575 2.7165, -0.1575 0.1575 2.7165, -0.1575 -0.1575 2.7165, -0.1575 -0.1575 2.815, 0.1575 -0.1575 2.7165, 0.1575 -0.1575 2.815, 1.2953 0.2165 2.7165, 1.2953 0.2953 2.7165, 1.2953 0.2165 2.3228, 1.2953 0.2953 0.315, 1.2953 0.2165 1.0433, 1.2953 0.2165 0.315, 1.2953 0.1969 2.3228, 1.2953 0.1969 2.1969, 1.2953 -0.2953 2.1969, 1.2953 -0.2953 1.0433, 0.7835 0.2953 2.7165, 0.7631 0.2926 2.7165, 0.7047 0.2953 2.7165, 0.7441 0.2847 2.7165, 0.7278 0.2722 2.7165, 0.7153 0.2559 2.7165, 0.7074 0.2369 2.7165, 0.7047 0.2165 2.7165, 0.2722 -0.2722 2.7165, 0.2847 -0.2559 2.7165, 0.2953 -0.2953 2.7165, 0.2926 -0.2369 2.7165, 0.2953 -0.2165 2.7165, 0.2165 -0.2953 2.7165, 0.2369 -0.2926 2.7165, 0.2559 -0.2847 2.7165, -0.2953 -0.2165 2.7165, -0.2953 -0.2953 2.7165, -0.2953 -0.2165 2.3228, -0.2953 -0.2953 0.315, -0.2953 -0.2165 1.0433, -0.2953 -0.2165 0.315, -0.2953 -0.1969 2.3228, -0.2953 -0.1969 2.1969, -0.2953 0.2953 2.1969, -0.2953 0.2953 1.0433, -0.7047 0.2165 2.3228, -0.7047 0.2953 0.315, -0.7047 0.2165 1.0433, -0.7047 0.2165 0.315, -0.7047 0.1969 2.3228, -0.7047 0.1969 2.1969, -0.7047 -0.2953 2.1969, -0.7047 -0.2953 1.0433, -1.2926 0.2369 2.7165, -1.2847 0.2559 2.7165, -1.2369 0.2926 2.7165, -1.2559 0.2847 2.7165, -1.2722 0.2722 2.7165, 1.5 0.2953 0.315, 1.5 -0.2953 0.315, 1.2953 -0.2953 0.315, 0.7047 -0.2953 0.315, 0.2953 -0.2953 0.315, 0.2953 -0.2165 0.315, 0.7047 0.2165 0.315, 0.2953 0.2953 0.315, 0.7047 0.2953 0.315, -0.7047 -0.2953 0.315, -0.2953 0.2953 0.315, -1.2953 -0.2953 0.315, -1.5 -0.2953 0.315, -1.5 -0.2953 0.1575, -1.5 -0.4921 0.1575, 1.5 -0.4921 0.1575, 1.5 -0.2953 0.1575, 1.5 0.2953 0.1575, -1.1181 0.2961 0.1575, -0.8819 0.2961 0.1575, 1.1181 0.2953 0.1575, 1.1181 0.2961 0.1575, 0.8819 0.2961 0.1575, 0.8819 0.2953 0.1575, -0.8819 0.2953 0.1575, 0.1181 -0.2953 0.1575, 0.1181 -0.2961 0.1575, -0.1181 -0.2961 0.1575, -0.1181 -0.2953 0.1575
            ]
        }
        coordIndex [
            0,1,2,-1,3,4,2,-1,2,4,5,-1,5,6,2,-1,2,6,7,-1,2,7,0,-1,8,9,10,-1,10,9,11,-1,12,13,14,-1,14,13,15,-1,14,15,16,-1,16,15,17,-1,16,17,8,-1,8,17,18,-1,8,18,9,-1,11,19,10,-1,10,19,20,-1,10,20,21,-1,21,22,10,-1,10,22,23,-1,10,23,14,-1,14,23,24,-1,14,24,25,-1,25,26,14,-1,14,26,27,-1,14,27,12,-1,28,29,30,-1,30,29,31,-1,32,33,34,-1,35,36,34,-1,34,36,30,-1,34,30,32,-1,32,30,31,-1,32,31,37,-1,38,39,40,-1,41,31,39,-1,39,31,29,-1,42,43,44,-1,29,45,42,-1,46,47,44,-1,44,47,48,-1,44,48,42,-1,42,48,49,-1,42,49,29,-1,29,49,50,-1,29,50,39,-1,39,50,51,-1,39,51,40,-1,46,52,47,-1,47,52,53,-1,47,53,54,-1,55,56,57,-1,40,58,38,-1,38,58,55,-1,38,55,59,-1,59,55,57,-1,60,61,62,-1,62,61,63,-1,50,64,51,-1,51,64,61,-1,51,61,65,-1,65,61,60,-1,66,67,68,-1,68,67,69,-1,68,69,70,-1,70,69,71,-1,70,71,72,-1,72,71,73,-1,72,73,66,-1,66,73,67,-1,74,75,73,-1,73,75,67,-1,75,76,67,-1,67,76,69,-1,71,69,77,-1,77,69,76,-1,73,71,74,-1,74,71,77,-1,78,79,80,-1,80,79,81,-1,8,82,16,-1,16,82,83,-1,10,84,8,-1,8,84,82,-1,84,85,82,-1,82,85,86,-1,82,86,83,-1,83,86,87,-1,83,87,88,-1,88,87,89,-1,16,83,14,-1,14,83,88,-1,14,88,10,-1,10,88,84,-1,85,84,89,-1,89,84,88,-1,87,86,90,-1,90,86,79,-1,79,86,85,-1,79,85,89,-1,91,92,93,-1,93,92,77,-1,93,77,94,-1,79,76,81,-1,81,76,75,-1,81,75,92,-1,92,75,74,-1,92,74,77,-1,90,92,87,-1,87,92,91,-1,87,91,89,-1,89,91,95,-1,89,95,79,-1,79,95,94,-1,79,94,76,-1,76,94,77,-1,94,95,96,-1,96,95,97,-1,98,96,99,-1,99,96,97,-1,100,101,102,-1,102,101,103,-1,102,103,98,-1,98,103,96,-1,96,103,94,-1,94,103,93,-1,91,93,101,-1,101,93,103,-1,95,91,97,-1,97,91,101,-1,99,97,100,-1,100,97,101,-1,104,105,106,-1,106,105,107,-1,106,107,108,-1,108,107,109,-1,110,106,111,-1,111,106,108,-1,111,108,112,-1,112,108,113,-1,114,115,116,-1,116,115,117,-1,116,117,118,-1,118,119,116,-1,116,119,120,-1,116,120,121,-1,122,123,124,-1,124,123,125,-1,124,125,126,-1,127,128,124,-1,124,128,129,-1,124,129,122,-1,130,131,132,-1,132,131,133,-1,132,133,134,-1,134,133,135,-1,136,132,137,-1,137,132,134,-1,137,134,138,-1,138,134,139,-1,3,2,140,-1,140,2,141,-1,140,141,142,-1,142,141,143,-1,144,140,145,-1,145,140,142,-1,145,142,146,-1,146,142,147,-1,148,37,31,-1,148,31,149,-1,31,41,150,-1,150,151,31,-1,31,151,152,-1,31,152,149,-1,107,153,109,-1,109,153,154,-1,109,154,155,-1,156,157,158,-1,156,158,159,-1,159,158,160,-1,159,160,161,-1,133,162,135,-1,135,162,143,-1,135,143,163,-1,163,143,141,-1,164,165,28,-1,28,165,45,-1,28,45,29,-1,78,42,45,-1,166,167,165,-1,165,167,90,-1,165,90,45,-1,45,90,79,-1,45,79,78,-1,168,169,154,-1,170,80,153,-1,153,80,81,-1,153,81,154,-1,154,81,92,-1,154,92,168,-1,43,42,171,-1,171,42,78,-1,171,78,172,-1,170,173,80,-1,80,173,174,-1,80,174,175,-1,176,177,175,-1,175,177,172,-1,175,172,80,-1,80,172,78,-1,178,169,179,-1,179,169,168,-1,179,168,180,-1,180,168,167,-1,180,167,181,-1,181,167,166,-1,
        ]
    }
}
Shape{
    appearance Appearance {
        material  Material {
            diffuseColor 1.0 1.0 1.0
            specularColor 0.5019607843137255 0.5019607843137255 0.5019607843137255
            ambientIntensity 1.0
            transparency 0.0
            shininess 0.5
        }
    }
    geometry IndexedFaceSet {
        ccw TRUE
        solid FALSE
        coord DEF co Coordinate {
            point [
                0.3697 -0.4961 2.5874, 0.3614 -0.4961 2.5928, 0.3613 -0.4961 2.5814, 0.3562 -0.4961 2.5892, 0.3521 -0.4961 2.5778, 0.3496 -0.4961 2.5867, 0.3384 -0.4961 2.5761, 0.3384 -0.4961 2.5853, 0.3163 -0.4961 2.5761, 0.3267 -0.4961 2.5853, 0.3163 -0.4961 2.6566, 0.3267 -0.4961 2.6473, 0.3393 -0.4961 2.6566, 0.3389 -0.4961 2.6473, 0.3418 -0.4961 2.6472, 0.3516 -0.4961 2.6552, 0.3502 -0.4961 2.6459, 0.3613 -0.4961 2.6517, 0.357 -0.4961 2.6432, 0.3697 -0.4961 2.6459, 0.3621 -0.4961 2.6398, 0.3725 -0.4961 2.6432, 0.3643 -0.4961 2.6376, 0.3775 -0.4961 2.6362, 0.3674 -0.4961 2.6331, 0.3805 -0.4961 2.6285, 0.3697 -0.4961 2.6272, 0.3818 -0.4961 2.6174, 0.3709 -0.4961 2.6171, 0.3816 -0.4961 2.6123, 0.3705 -0.4961 2.6113, 0.3796 -0.4961 2.6029, 0.3689 -0.4961 2.6041, 0.3757 -0.4961 2.5945, 0.366 -0.4961 2.5982, 0.3623 -0.4961 2.5937, 0.3697 -0.4921 2.5874, 0.3757 -0.4921 2.5945, 0.3796 -0.4921 2.6029, 0.3816 -0.4921 2.6123, 0.3818 -0.4921 2.6174, 0.3805 -0.4921 2.6285, 0.3775 -0.4921 2.6362, 0.3725 -0.4921 2.6432, 0.3697 -0.4921 2.6459, 0.3613 -0.4921 2.6517, 0.3516 -0.4921 2.6552, 0.3393 -0.4921 2.6566, 0.3163 -0.4921 2.6566, 0.3163 -0.4921 2.5761, 0.3384 -0.4921 2.5761, 0.3521 -0.4921 2.5778, 0.3613 -0.4921 2.5814, 0.3621 -0.4921 2.6398, 0.3643 -0.4921 2.6376, 0.3674 -0.4921 2.6331, 0.3697 -0.4921 2.6272, 0.3709 -0.4921 2.6171, 0.3389 -0.4921 2.6473, 0.3418 -0.4921 2.6472, 0.3502 -0.4921 2.6459, 0.357 -0.4921 2.6432, 0.3267 -0.4921 2.6473, 0.3267 -0.4921 2.5853, 0.3384 -0.4921 2.5853, 0.3623 -0.4921 2.5937, 0.3614 -0.4921 2.5928, 0.3562 -0.4921 2.5892, 0.3496 -0.4921 2.5867, 0.3705 -0.4921 2.6113, 0.3689 -0.4921 2.6041, 0.366 -0.4921 2.5982
            ]
        }
        coordIndex [
            0,1,2,-1,2,1,3,-1,2,3,4,-1,4,3,5,-1,4,5,6,-1,6,5,7,-1,6,7,8,-1,8,7,9,-1,8,9,10,-1,10,9,11,-1,10,11,12,-1,11,13,12,-1,12,13,14,-1,12,14,15,-1,15,14,16,-1,15,16,17,-1,17,16,18,-1,17,18,19,-1,19,18,20,-1,19,20,21,-1,21,20,22,-1,21,22,23,-1,23,22,24,-1,23,24,25,-1,25,24,26,-1,25,26,27,-1,27,26,28,-1,27,28,29,-1,29,28,30,-1,29,30,31,-1,31,30,32,-1,31,32,33,-1,33,32,34,-1,33,34,0,-1,0,34,35,-1,0,35,1,-1,0,36,37,-1,0,37,33,-1,33,37,38,-1,33,38,31,-1,31,38,39,-1,31,39,29,-1,29,39,40,-1,29,40,27,-1,27,40,41,-1,27,41,25,-1,25,41,42,-1,25,42,23,-1,23,42,43,-1,23,43,21,-1,21,43,44,-1,21,44,19,-1,19,44,45,-1,19,45,17,-1,17,45,46,-1,17,46,15,-1,15,46,47,-1,15,47,12,-1,10,12,48,-1,48,12,47,-1,8,10,49,-1,49,10,48,-1,6,8,50,-1,50,8,49,-1,6,50,51,-1,6,51,4,-1,4,51,52,-1,4,52,2,-1,2,52,36,-1,2,36,0,-1,20,53,54,-1,20,54,22,-1,22,54,55,-1,22,55,24,-1,24,55,56,-1,24,56,26,-1,26,56,57,-1,26,57,28,-1,13,58,59,-1,13,59,14,-1,14,59,60,-1,14,60,16,-1,16,60,61,-1,16,61,18,-1,18,61,53,-1,18,53,20,-1,13,11,58,-1,58,11,62,-1,11,9,62,-1,62,9,63,-1,9,7,63,-1,63,7,64,-1,35,65,66,-1,35,66,1,-1,1,66,67,-1,1,67,3,-1,3,67,68,-1,3,68,5,-1,5,68,64,-1,5,64,7,-1,28,57,69,-1,28,69,30,-1,30,69,70,-1,30,70,32,-1,32,70,71,-1,32,71,34,-1,34,71,65,-1,34,65,35,-1,
        ]
    }
}
Shape{
    appearance Appearance {
        material  Material {
            diffuseColor 0.20784313725490197 0.20784313725490197 0.20784313725490197
            specularColor 0.01568627450980392 0.01568627450980392 0.01568627450980392
            ambientIntensity 0.298
            transparency 0.0
            shininess 0.5
        }
    }
    geometry IndexedFaceSet {
        ccw TRUE
        solid FALSE
        coord DEF co Coordinate {
            point [
                0.3614 -0.4921 2.5928, 0.3623 -0.4921 2.5937, 0.3418 -0.4921 2.6472, 0.3562 -0.4921 2.5892, 0.3267 -0.4921 2.6473, 0.3267 -0.4921 2.5853, 0.3389 -0.4921 2.6473, 0.3384 -0.4921 2.5853, 0.3496 -0.4921 2.5867, 0.366 -0.4921 2.5982, 0.3689 -0.4921 2.6041, 0.3705 -0.4921 2.6113, 0.3621 -0.4921 2.6398, 0.3709 -0.4921 2.6171, 0.357 -0.4921 2.6432, 0.3502 -0.4921 2.6459, 0.3697 -0.4921 2.6272, 0.3674 -0.4921 2.6331, 0.3643 -0.4921 2.6376
            ]
        }
        coordIndex [
            0,1,2,-1,0,2,3,-1,4,5,6,-1,6,5,7,-1,6,7,2,-1,2,7,8,-1,2,8,3,-1,1,9,2,-1,2,9,10,-1,2,10,11,-1,12,11,13,-1,12,14,11,-1,11,14,15,-1,11,15,2,-1,16,17,13,-1,13,17,18,-1,13,18,12,-1,
        ]
    }
}
Shape{
    appearance Appearance {
        material  Material {
            diffuseColor 1.0 1.0 1.0
            specularColor 0.5019607843137255 0.5019607843137255 0.5019607843137255
            ambientIntensity 1.0
            transparency 0.0
            shininess 0.5
        }
    }
    geometry IndexedFaceSet {
        ccw TRUE
        solid FALSE
        coord DEF co Coordinate {
            point [
                0.2209 -0.4961 2.5903, 0.2209 -0.4921 2.5903, 0.2201 -0.4921 2.5877, 0.2201 -0.4961 2.5877, 0.2197 -0.4921 2.5857, 0.2197 -0.4961 2.5857, 0.2194 -0.4961 2.5857, 0.2194 -0.4921 2.5857, 0.2181 -0.4961 2.5904, 0.2181 -0.4921 2.5904, 0.2031 -0.4921 2.6336, 0.2031 -0.4961 2.6336, 0.208 -0.4921 2.6196, 0.1919 -0.4961 2.6336, 0.1919 -0.4921 2.6336, 0.2144 -0.4921 2.5763, 0.2144 -0.4961 2.5763, 0.208 -0.4921 2.5926, 0.21 -0.4921 2.5658, 0.21 -0.4961 2.5658, 0.2141 -0.4921 2.5755, 0.208 -0.4921 2.5622, 0.208 -0.4961 2.5621, 0.208 -0.4921 2.5621, 0.2061 -0.4921 2.5601, 0.2061 -0.4961 2.5601, 0.2044 -0.4921 2.5589, 0.2044 -0.4961 2.5589, 0.2023 -0.4921 2.558, 0.2023 -0.4961 2.558, 0.1997 -0.4921 2.5577, 0.1997 -0.4961 2.5577, 0.196 -0.4921 2.5582, 0.196 -0.4961 2.5582, 0.1939 -0.4921 2.5589, 0.1939 -0.4961 2.5589, 0.1939 -0.4961 2.5499, 0.1939 -0.4921 2.5499, 0.1982 -0.4921 2.5492, 0.1982 -0.4961 2.5492, 0.2004 -0.4921 2.5491, 0.2004 -0.4961 2.5491, 0.2045 -0.4921 2.5496, 0.2045 -0.4961 2.5496, 0.208 -0.4921 2.5509, 0.2085 -0.4961 2.5511, 0.2085 -0.4921 2.5511, 0.212 -0.4921 2.5535, 0.212 -0.4961 2.5535, 0.2127 -0.4921 2.5542, 0.2127 -0.4961 2.5542, 0.2164 -0.4921 2.5586, 0.2164 -0.4961 2.5586, 0.2209 -0.4921 2.5675, 0.2209 -0.4961 2.5675, 0.247 -0.4921 2.6336, 0.247 -0.4961 2.6336, 0.2241 -0.4921 2.5755, 0.2366 -0.4961 2.6336, 0.2366 -0.4921 2.6336, 0.1634 -0.4961 2.5748, 0.1634 -0.4921 2.5748, 0.1725 -0.4961 2.5759, 0.1692 -0.4921 2.5755, 0.1725 -0.4921 2.5759, 0.1778 -0.4921 2.5779, 0.1778 -0.4961 2.5779, 0.1802 -0.4921 2.5794, 0.1802 -0.4961 2.5794, 0.183 -0.4921 2.5819, 0.183 -0.4961 2.5819, 0.1849 -0.4921 2.5845, 0.1849 -0.4961 2.5845, 0.1862 -0.4921 2.5877, 0.1862 -0.4961 2.5877, 0.1866 -0.4921 2.5918, 0.1866 -0.4961 2.5918, 0.1862 -0.4921 2.5955, 0.1862 -0.4961 2.5955, 0.1851 -0.4921 2.5985, 0.1851 -0.4961 2.5985, 0.1833 -0.4921 2.6013, 0.1833 -0.4961 2.6013, 0.1809 -0.4921 2.6034, 0.1809 -0.4961 2.6034, 0.1742 -0.4921 2.6071, 0.1742 -0.4961 2.6071, 0.1703 -0.4921 2.6087, 0.1703 -0.4961 2.6087, 0.164 -0.4921 2.6114, 0.164 -0.4961 2.6114, 0.1605 -0.4921 2.6136, 0.1605 -0.4961 2.6136, 0.1595 -0.4921 2.6147, 0.1595 -0.4961 2.6147, 0.1588 -0.4921 2.6161, 0.1588 -0.4961 2.6161, 0.1584 -0.4921 2.6177, 0.1584 -0.4961 2.6177, 0.1583 -0.4921 2.619, 0.1583 -0.4961 2.619, 0.1585 -0.4921 2.6206, 0.1585 -0.4961 2.6206, 0.159 -0.4921 2.622, 0.159 -0.4961 2.622, 0.1598 -0.4921 2.6232, 0.1598 -0.4961 2.6232, 0.1613 -0.4921 2.6246, 0.1613 -0.4961 2.6246, 0.1636 -0.4921 2.6258, 0.1636 -0.4961 2.6258, 0.1663 -0.4921 2.6265, 0.1663 -0.4961 2.6265, 0.1693 -0.4921 2.6267, 0.1693 -0.4961 2.6267, 0.1755 -0.4921 2.6261, 0.1755 -0.4961 2.6261, 0.1812 -0.4921 2.6241, 0.1812 -0.4961 2.6241, 0.1839 -0.4921 2.6226, 0.1839 -0.4961 2.6226, 0.1839 -0.4961 2.6324, 0.1839 -0.4921 2.6324, 0.1773 -0.4921 2.6343, 0.1773 -0.4961 2.6343, 0.1703 -0.4921 2.6349, 0.1703 -0.4961 2.6349, 0.1623 -0.4921 2.634, 0.1623 -0.4961 2.634, 0.1569 -0.4921 2.6319, 0.1569 -0.4961 2.6319, 0.1544 -0.4921 2.6303, 0.1544 -0.4961 2.6303, 0.1525 -0.4921 2.6287, 0.1514 -0.4961 2.6277, 0.1514 -0.4921 2.6277, 0.1495 -0.4921 2.6249, 0.1495 -0.4961 2.6249, 0.1483 -0.4921 2.6217, 0.1483 -0.4961 2.6217, 0.1479 -0.4921 2.6181, 0.1479 -0.4961 2.6181, 0.1483 -0.4921 2.6142, 0.1483 -0.4961 2.6142, 0.1494 -0.4921 2.6111, 0.1494 -0.4961 2.6111, 0.1508 -0.4921 2.609, 0.1508 -0.4961 2.609, 0.1632 -0.4921 2.6014, 0.1632 -0.4961 2.6014, 0.1571 -0.4961 2.6041, 0.1524 -0.4921 2.6073, 0.1524 -0.4961 2.6073, 0.1525 -0.4921 2.6072, 0.1571 -0.4921 2.6041, 0.1698 -0.4921 2.5986, 0.1698 -0.4961 2.5986, 0.1737 -0.4921 2.5963, 0.1737 -0.4961 2.5963, 0.175 -0.4921 2.5949, 0.175 -0.4961 2.5949, 0.1757 -0.4921 2.5936, 0.1757 -0.4961 2.5936, 0.1762 -0.4921 2.592, 0.1762 -0.4961 2.592, 0.1763 -0.4921 2.5908, 0.1763 -0.4961 2.5908, 0.1761 -0.4921 2.5889, 0.1761 -0.4961 2.5889, 0.1756 -0.4921 2.5874, 0.1756 -0.4961 2.5874, 0.1747 -0.4921 2.5861, 0.1747 -0.4961 2.5861, 0.1735 -0.4921 2.5851, 0.1735 -0.4961 2.5851, 0.1726 -0.4921 2.5845, 0.1726 -0.4961 2.5845, 0.17 -0.4921 2.5836, 0.17 -0.4961 2.5836, 0.1648 -0.4921 2.583, 0.1648 -0.4961 2.583, 0.1644 -0.4921 2.583, 0.1644 -0.4961 2.583, 0.1478 -0.4921 2.5886, 0.1478 -0.4961 2.5886, 0.1521 -0.4961 2.586, 0.1584 -0.4921 2.5837, 0.1584 -0.4961 2.5837, 0.1525 -0.4921 2.5858, 0.1521 -0.4921 2.586, 0.1478 -0.4961 2.5782, 0.1478 -0.4921 2.5782, 0.1549 -0.4961 2.5757, 0.1525 -0.4921 2.5765, 0.1569 -0.4921 2.5755, 0.1549 -0.4921 2.5757, 0.1019 -0.4961 2.6004, 0.104 -0.4961 2.6015, 0.0988 -0.4961 2.6081, 0.1238 -0.4961 2.585, 0.1241 -0.4961 2.585, 0.1234 -0.4961 2.5943, 0.1241 -0.4961 2.5988, 0.1342 -0.4961 2.6131, 0.1241 -0.4961 2.5995, 0.1241 -0.4961 2.605, 0.1241 -0.4961 2.5761, 0.1342 -0.4961 2.5761, 0.1203 -0.4961 2.6342, 0.1182 -0.4961 2.6255, 0.1243 -0.4961 2.6328, 0.12 -0.4961 2.6244, 0.1071 -0.4961 2.6103, 0.1107 -0.4961 2.6032, 0.1241 -0.4961 2.6127, 0.122 -0.4961 2.5907, 0.1198 -0.4961 2.5877, 0.1216 -0.4961 2.5818, 0.1185 -0.4961 2.5865, 0.1183 -0.4961 2.5786, 0.1157 -0.4961 2.5846, 0.1158 -0.4961 2.577, 0.1126 -0.4961 2.5835, 0.1118 -0.4961 2.5754, 0.1089 -0.4961 2.5831, 0.1062 -0.4961 2.5748, 0.1054 -0.4961 2.5834, 0.1002 -0.4961 2.5755, 0.1032 -0.4961 2.5843, 0.0964 -0.4961 2.5769, 0.1012 -0.4961 2.5856, 0.093 -0.4961 2.5793, 0.1003 -0.4961 2.5865, 0.1238 -0.4961 2.6171, 0.1332 -0.4961 2.6215, 0.1227 -0.4961 2.6207, 0.1316 -0.4961 2.6259, 0.1215 -0.4961 2.6228, 0.1294 -0.4961 2.629, 0.1275 -0.4961 2.6308, 0.0936 -0.4961 2.6296, 0.0936 -0.4961 2.6198, 0.0957 -0.4961 2.6308, 0.1006 -0.4961 2.6241, 0.1032 -0.4961 2.6337, 0.1069 -0.4961 2.6262, 0.1134 -0.4961 2.6349, 0.1125 -0.4961 2.6267, 0.1159 -0.4961 2.6264, 0.1009 -0.4961 2.5996, 0.0947 -0.4961 2.6059, 0.0997 -0.4961 2.5981, 0.0918 -0.4961 2.6032, 0.0988 -0.4961 2.5963, 0.0897 -0.4961 2.5999, 0.0983 -0.4961 2.5939, 0.0885 -0.4961 2.5962, 0.0982 -0.4961 2.5923, 0.088 -0.4961 2.5915, 0.0985 -0.4961 2.59, 0.0885 -0.4961 2.5869, 0.0992 -0.4961 2.5882, 0.0898 -0.4961 2.5835, 0.0919 -0.4961 2.5804, 0.1125 -0.4921 2.6267, 0.1159 -0.4921 2.6264, 0.1182 -0.4921 2.6255, 0.12 -0.4921 2.6244, 0.1215 -0.4921 2.6228, 0.1227 -0.4921 2.6207, 0.1238 -0.4921 2.6171, 0.1241 -0.4921 2.6127, 0.1071 -0.4921 2.6103, 0.0988 -0.4921 2.6081, 0.0947 -0.4921 2.6059, 0.0918 -0.4921 2.6032, 0.0897 -0.4921 2.5999, 0.0885 -0.4921 2.5962, 0.088 -0.4921 2.5915, 0.0885 -0.4921 2.5869, 0.0898 -0.4921 2.5835, 0.0919 -0.4921 2.5804, 0.093 -0.4921 2.5793, 0.1062 -0.4921 2.5748, 0.1004 -0.4921 2.5755, 0.1002 -0.4921 2.5755, 0.0964 -0.4921 2.5769, 0.1118 -0.4921 2.5754, 0.1118 -0.4921 2.5755, 0.1158 -0.4921 2.577, 0.1183 -0.4921 2.5786, 0.1216 -0.4921 2.5818, 0.1238 -0.4921 2.585, 0.1241 -0.4921 2.585, 0.1241 -0.4921 2.5761, 0.1342 -0.4921 2.5761, 0.1342 -0.4921 2.6131, 0.1332 -0.4921 2.6215, 0.1316 -0.4921 2.6259, 0.1294 -0.4921 2.629, 0.1275 -0.4921 2.6308, 0.1243 -0.4921 2.6328, 0.1203 -0.4921 2.6342, 0.1134 -0.4921 2.6349, 0.1032 -0.4921 2.6337, 0.0957 -0.4921 2.6308, 0.0936 -0.4921 2.6296, 0.0936 -0.4921 2.6198, 0.1006 -0.4921 2.6241, 0.1069 -0.4921 2.6262, 0.1198 -0.4921 2.5877, 0.1185 -0.4921 2.5865, 0.1157 -0.4921 2.5846, 0.1126 -0.4921 2.5835, 0.1089 -0.4921 2.5831, 0.1241 -0.4921 2.5995, 0.1241 -0.4921 2.5988, 0.1234 -0.4921 2.5943, 0.122 -0.4921 2.5907, 0.1241 -0.4921 2.605, 0.1107 -0.4921 2.6032, 0.1009 -0.4921 2.5996, 0.1019 -0.4921 2.6004, 0.104 -0.4921 2.6015, 0.0982 -0.4921 2.5923, 0.0983 -0.4921 2.5939, 0.0988 -0.4921 2.5963, 0.0997 -0.4921 2.5981, 0.1012 -0.4921 2.5856, 0.1003 -0.4921 2.5865, 0.0992 -0.4921 2.5882, 0.0985 -0.4921 2.59, 0.1054 -0.4921 2.5834, 0.1032 -0.4921 2.5843
            ]
        }
        coordIndex [
            0,1,2,-1,0,2,3,-1,3,2,4,-1,3,4,5,-1,6,5,7,-1,7,5,4,-1,8,6,9,-1,9,6,7,-1,10,11,12,-1,12,11,8,-1,12,8,9,-1,13,11,14,-1,14,11,10,-1,15,16,17,-1,17,16,13,-1,17,13,14,-1,18,19,20,-1,20,19,16,-1,20,16,15,-1,18,21,19,-1,19,21,22,-1,21,23,22,-1,22,23,24,-1,22,24,25,-1,25,24,26,-1,25,26,27,-1,27,26,28,-1,27,28,29,-1,29,28,30,-1,29,30,31,-1,31,30,32,-1,31,32,33,-1,33,32,34,-1,33,34,35,-1,36,35,37,-1,37,35,34,-1,36,37,38,-1,36,38,39,-1,39,38,40,-1,39,40,41,-1,41,40,42,-1,41,42,43,-1,43,42,44,-1,43,44,45,-1,44,46,45,-1,45,46,47,-1,45,47,48,-1,48,47,49,-1,48,49,50,-1,50,49,51,-1,50,51,52,-1,52,51,53,-1,52,53,54,-1,55,56,57,-1,57,56,54,-1,57,54,53,-1,58,56,59,-1,59,56,55,-1,0,58,1,-1,1,58,59,-1,3,5,54,-1,56,58,54,-1,54,58,0,-1,54,0,3,-1,11,13,8,-1,8,13,16,-1,8,16,6,-1,35,36,33,-1,33,36,39,-1,33,39,31,-1,31,39,41,-1,31,41,29,-1,29,41,43,-1,29,43,27,-1,27,43,45,-1,27,45,25,-1,5,6,54,-1,54,6,16,-1,54,16,52,-1,16,19,52,-1,52,19,22,-1,52,22,50,-1,50,22,25,-1,50,25,48,-1,48,25,45,-1,60,61,62,-1,62,61,63,-1,63,64,62,-1,62,64,65,-1,62,65,66,-1,66,65,67,-1,66,67,68,-1,68,67,69,-1,68,69,70,-1,70,69,71,-1,70,71,72,-1,72,71,73,-1,72,73,74,-1,74,73,75,-1,74,75,76,-1,76,75,77,-1,76,77,78,-1,78,77,79,-1,78,79,80,-1,80,79,81,-1,80,81,82,-1,82,81,83,-1,82,83,84,-1,84,83,85,-1,84,85,86,-1,86,85,87,-1,86,87,88,-1,88,87,89,-1,88,89,90,-1,90,89,91,-1,90,91,92,-1,92,91,93,-1,92,93,94,-1,94,93,95,-1,94,95,96,-1,96,95,97,-1,96,97,98,-1,98,97,99,-1,98,99,100,-1,100,99,101,-1,100,101,102,-1,102,101,103,-1,102,103,104,-1,104,103,105,-1,104,105,106,-1,106,105,107,-1,106,107,108,-1,108,107,109,-1,108,109,110,-1,110,109,111,-1,110,111,112,-1,112,111,113,-1,112,113,114,-1,114,113,115,-1,114,115,116,-1,116,115,117,-1,116,117,118,-1,118,117,119,-1,118,119,120,-1,121,120,122,-1,122,120,119,-1,121,122,123,-1,121,123,124,-1,124,123,125,-1,124,125,126,-1,126,125,127,-1,126,127,128,-1,128,127,129,-1,128,129,130,-1,130,129,131,-1,130,131,132,-1,131,133,132,-1,132,133,134,-1,133,135,134,-1,134,135,136,-1,134,136,137,-1,137,136,138,-1,137,138,139,-1,139,138,140,-1,139,140,141,-1,141,140,142,-1,141,142,143,-1,143,142,144,-1,143,144,145,-1,145,144,146,-1,145,146,147,-1,148,149,150,-1,147,146,151,-1,147,151,152,-1,152,151,153,-1,152,153,150,-1,150,153,154,-1,150,154,148,-1,149,148,155,-1,149,155,156,-1,156,155,157,-1,156,157,158,-1,158,157,159,-1,158,159,160,-1,160,159,161,-1,160,161,162,-1,162,161,163,-1,162,163,164,-1,164,163,165,-1,164,165,166,-1,166,165,167,-1,166,167,168,-1,168,167,169,-1,168,169,170,-1,170,169,171,-1,170,171,172,-1,172,171,173,-1,172,173,174,-1,174,173,175,-1,174,175,176,-1,176,175,177,-1,176,177,178,-1,178,177,179,-1,178,179,180,-1,180,179,181,-1,180,181,182,-1,183,184,185,-1,182,181,186,-1,182,186,187,-1,187,186,188,-1,187,188,185,-1,185,188,189,-1,185,189,183,-1,190,184,191,-1,191,184,183,-1,190,191,192,-1,192,191,193,-1,61,60,194,-1,194,60,192,-1,194,192,195,-1,195,192,193,-1,106,108,130,-1,130,108,128,-1,156,88,149,-1,149,88,90,-1,66,68,172,-1,172,68,70,-1,172,70,170,-1,170,70,72,-1,170,72,168,-1,168,72,74,-1,168,74,166,-1,166,74,76,-1,166,76,164,-1,164,76,78,-1,164,78,162,-1,162,78,80,-1,162,80,160,-1,160,80,82,-1,160,82,158,-1,158,82,84,-1,158,84,156,-1,156,84,86,-1,156,86,88,-1,60,182,192,-1,192,182,187,-1,192,187,190,-1,190,187,185,-1,190,185,184,-1,108,110,128,-1,128,110,112,-1,128,112,126,-1,126,112,114,-1,126,114,124,-1,124,114,116,-1,124,116,121,-1,121,116,118,-1,121,118,120,-1,172,174,66,-1,66,174,176,-1,66,176,62,-1,62,176,178,-1,62,178,60,-1,60,178,180,-1,60,180,182,-1,130,132,106,-1,106,132,134,-1,106,134,104,-1,104,134,137,-1,104,137,102,-1,102,137,139,-1,102,139,100,-1,100,139,141,-1,100,141,98,-1,98,141,143,-1,98,143,96,-1,96,143,145,-1,96,145,94,-1,94,145,147,-1,94,147,92,-1,92,147,152,-1,92,152,90,-1,90,152,150,-1,90,150,149,-1,196,197,198,-1,199,200,201,-1,202,203,204,-1,204,203,205,-1,206,207,200,-1,200,207,203,-1,200,203,201,-1,201,203,202,-1,208,209,210,-1,210,209,211,-1,198,197,212,-1,212,197,213,-1,212,213,214,-1,201,215,199,-1,199,215,216,-1,199,216,217,-1,217,216,218,-1,217,218,219,-1,219,218,220,-1,219,220,221,-1,221,220,222,-1,221,222,223,-1,223,222,224,-1,223,224,225,-1,225,224,226,-1,225,226,227,-1,227,226,228,-1,227,228,229,-1,229,228,230,-1,229,230,231,-1,231,230,232,-1,213,205,214,-1,214,205,203,-1,214,203,233,-1,233,203,234,-1,233,234,235,-1,235,234,236,-1,235,236,237,-1,237,236,238,-1,237,238,211,-1,211,238,239,-1,211,239,210,-1,240,241,242,-1,242,241,243,-1,242,243,244,-1,244,243,245,-1,244,245,246,-1,246,245,247,-1,246,247,208,-1,208,247,248,-1,208,248,209,-1,196,198,249,-1,249,198,250,-1,249,250,251,-1,251,250,252,-1,251,252,253,-1,253,252,254,-1,253,254,255,-1,255,254,256,-1,255,256,257,-1,257,256,258,-1,257,258,259,-1,259,258,260,-1,259,260,261,-1,261,260,262,-1,261,262,232,-1,232,262,263,-1,232,263,231,-1,247,264,265,-1,247,265,248,-1,248,265,266,-1,248,266,209,-1,209,266,267,-1,209,267,211,-1,211,267,268,-1,211,268,237,-1,237,268,269,-1,237,269,235,-1,235,269,270,-1,235,270,233,-1,233,270,271,-1,233,271,214,-1,212,214,272,-1,272,214,271,-1,212,272,273,-1,212,273,198,-1,198,273,274,-1,198,274,250,-1,250,274,275,-1,250,275,252,-1,252,275,276,-1,252,276,254,-1,254,276,277,-1,254,277,256,-1,256,277,278,-1,256,278,258,-1,258,278,279,-1,258,279,260,-1,260,279,280,-1,260,280,262,-1,262,280,281,-1,262,281,263,-1,263,281,282,-1,263,282,231,-1,283,225,284,-1,284,225,227,-1,284,227,285,-1,285,227,229,-1,285,229,286,-1,286,229,231,-1,286,231,282,-1,225,283,287,-1,225,287,223,-1,223,287,288,-1,223,288,221,-1,288,289,221,-1,221,289,290,-1,221,290,219,-1,219,290,291,-1,219,291,217,-1,217,291,292,-1,217,292,199,-1,200,199,293,-1,293,199,292,-1,206,200,294,-1,294,200,293,-1,207,206,295,-1,295,206,294,-1,203,207,296,-1,296,207,295,-1,203,296,297,-1,203,297,234,-1,234,297,298,-1,234,298,236,-1,236,298,299,-1,236,299,238,-1,238,299,300,-1,238,300,239,-1,239,300,301,-1,239,301,210,-1,210,301,302,-1,210,302,208,-1,208,302,303,-1,208,303,246,-1,246,303,304,-1,246,304,244,-1,244,304,305,-1,244,305,242,-1,242,305,306,-1,242,306,240,-1,241,240,307,-1,307,240,306,-1,241,307,308,-1,241,308,243,-1,243,308,309,-1,243,309,245,-1,245,309,264,-1,245,264,247,-1,216,310,311,-1,216,311,218,-1,218,311,312,-1,218,312,220,-1,220,312,313,-1,220,313,222,-1,222,313,314,-1,222,314,224,-1,204,315,316,-1,204,316,202,-1,202,316,317,-1,202,317,201,-1,201,317,318,-1,201,318,215,-1,215,318,310,-1,215,310,216,-1,204,205,315,-1,315,205,319,-1,205,213,319,-1,319,213,320,-1,249,321,322,-1,249,322,196,-1,196,322,323,-1,196,323,197,-1,197,323,320,-1,197,320,213,-1,257,324,325,-1,257,325,255,-1,255,325,326,-1,255,326,253,-1,253,326,327,-1,253,327,251,-1,251,327,321,-1,251,321,249,-1,230,328,329,-1,230,329,232,-1,232,329,330,-1,232,330,261,-1,261,330,331,-1,261,331,259,-1,259,331,324,-1,259,324,257,-1,224,314,332,-1,224,332,226,-1,226,332,333,-1,226,333,228,-1,228,333,328,-1,228,328,230,-1,
        ]
    }
}
Shape{
    appearance Appearance {
        material  Material {
            diffuseColor 0.20784313725490197 0.20784313725490197 0.20784313725490197
            specularColor 0.01568627450980392 0.01568627450980392 0.01568627450980392
            ambientIntensity 0.298
            transparency 0.0
            shininess 0.5
        }
    }
    geometry IndexedFaceSet {
        ccw TRUE
        solid FALSE
        coord DEF co Coordinate {
            point [
                0.1241 -0.4921 2.5988, 0.1241 -0.4921 2.5995, 0.1009 -0.4921 2.5996, 0.1241 -0.4921 2.605, 0.1107 -0.4921 2.6032, 0.104 -0.4921 2.6015, 0.1019 -0.4921 2.6004, 0.1234 -0.4921 2.5943, 0.0997 -0.4921 2.5981, 0.122 -0.4921 2.5907, 0.1003 -0.4921 2.5865, 0.1012 -0.4921 2.5856, 0.1185 -0.4921 2.5865, 0.0992 -0.4921 2.5882, 0.1157 -0.4921 2.5846, 0.1126 -0.4921 2.5835, 0.1089 -0.4921 2.5831, 0.0988 -0.4921 2.5963, 0.0983 -0.4921 2.5939, 0.1198 -0.4921 2.5877, 0.0982 -0.4921 2.5923, 0.0985 -0.4921 2.59, 0.1032 -0.4921 2.5843, 0.1054 -0.4921 2.5834
            ]
        }
        coordIndex [
            0,1,2,-1,1,3,4,-1,4,5,1,-1,1,5,6,-1,1,6,2,-1,0,2,7,-1,7,2,8,-1,7,8,9,-1,10,11,12,-1,10,12,13,-1,14,12,15,-1,15,12,16,-1,8,17,9,-1,9,17,18,-1,9,18,19,-1,19,18,20,-1,19,20,12,-1,12,20,21,-1,12,21,13,-1,11,22,12,-1,12,22,23,-1,12,23,16,-1,
        ]
    }
}
Shape{
    appearance Appearance {
        material  Material {
            diffuseColor 1.0 1.0 1.0
            specularColor 0.5019607843137255 0.5019607843137255 0.5019607843137255
            ambientIntensity 1.0
            transparency 0.0
            shininess 0.5
        }
    }
    geometry IndexedFaceSet {
        ccw TRUE
        solid FALSE
        coord DEF co Coordinate {
            point [
                -0.3201 -0.4961 2.5647, -0.3116 -0.4961 2.5543, -0.3253 -0.4961 2.6153, -0.3352 -0.4961 2.7147, -0.3224 -0.4961 2.7215, -0.3251 -0.4961 2.7568, -0.2247 -0.4961 2.5625, -0.218 -0.4961 2.5753, -0.2146 -0.4961 2.5894, -0.2898 -0.4961 2.7583, -0.2721 -0.4961 2.7165, -0.2633 -0.4961 2.7346, -0.3377 -0.4961 2.623, -0.3337 -0.4961 2.5794, -0.3258 -0.4961 2.577, -0.303 -0.4961 2.7594, -0.1343 -0.4961 2.6433, -0.152 -0.4961 2.6737, -0.2143 -0.4961 2.601, -0.2286 -0.4961 2.6336, -0.2143 -0.4961 2.5953, -0.2449 -0.4961 2.5447, -0.2335 -0.4961 2.5526, -0.2867 -0.4961 2.5779, -0.2821 -0.4961 2.5748, -0.3004 -0.4961 2.5458, -0.2768 -0.4961 2.5729, -0.2515 -0.4961 2.6034, -0.25 -0.4961 2.5981, -0.2499 -0.4961 2.5926, -0.2511 -0.4961 2.5871, -0.2537 -0.4961 2.5821, -0.1154 -0.4961 2.7, -0.1108 -0.4961 2.7, -0.0874 -0.4961 2.7308, -0.0999 -0.4961 2.6986, -0.0845 -0.4961 2.7299, -0.09 -0.4961 2.6948, -0.0675 -0.4961 2.7214, -0.052 -0.4961 2.7083, -0.2781 -0.4961 2.7719, -0.2505 -0.4961 2.7499, -0.2646 -0.4961 2.7835, -0.2352 -0.4961 2.7612, -0.2475 -0.4961 2.7937, -0.3083 -0.4961 2.7248, -0.3024 -0.4961 2.7251, -0.2964 -0.4961 2.7591, -0.289 -0.4961 2.7235, -0.2762 -0.4961 2.7188, -0.2904 -0.4961 2.582, -0.2929 -0.4961 2.5867, -0.2942 -0.4961 2.592, -0.2872 -0.4961 2.5403, -0.2737 -0.4961 2.5382, -0.2721 -0.4961 2.5724, -0.2715 -0.4961 2.5381, -0.2668 -0.4961 2.5731, -0.2577 -0.4961 2.5398, -0.2618 -0.4961 2.5749, -0.2574 -0.4961 2.578, -0.0519 -0.4961 2.6016, -0.0786 -0.4961 2.6243, -0.0675 -0.4961 2.5884, -0.087 -0.4961 2.6174, -0.0849 -0.4961 2.5799, -0.0971 -0.4961 2.6127, -0.1039 -0.4961 2.5759, -0.1074 -0.4961 2.6107, -0.1377 -0.4961 2.5759, -0.1331 -0.4961 2.6107, -0.1409 -0.4961 2.5764, -0.0811 -0.4961 2.6886, -0.0745 -0.4961 2.6812, -0.0403 -0.4961 2.692, -0.0692 -0.4961 2.6713, -0.0334 -0.4961 2.6746, -0.0665 -0.4961 2.6603, -0.0308 -0.4961 2.6559, -0.0662 -0.4961 2.6554, -0.0334 -0.4961 2.6355, -0.0676 -0.4961 2.6442, -0.0406 -0.4961 2.6174, -0.0715 -0.4961 2.634, -0.0778 -0.4961 2.6251, -0.1182 -0.4961 2.776, -0.1406 -0.4961 2.7497, -0.0979 -0.4961 2.752, -0.1277 -0.4961 2.7343, -0.1189 -0.4961 2.7159, -0.3579 -0.4961 2.6818, -0.3954 -0.4961 2.6726, -0.3596 -0.4961 2.6679, -0.3956 -0.4961 2.6668, -0.3589 -0.4961 2.6592, -0.3929 -0.4961 2.6448, -0.3548 -0.4961 2.6452, -0.3848 -0.4961 2.6235, -0.348 -0.4961 2.6335, -0.3716 -0.4961 2.6045, -0.3543 -0.4961 2.5896, -0.2942 -0.4961 2.5975, -0.2928 -0.4961 2.603, -0.3189 -0.4961 2.6276, -0.2901 -0.4961 2.6079, -0.3095 -0.4961 2.6384, -0.2868 -0.4961 2.6114, -0.2978 -0.4961 2.6466, -0.2823 -0.4961 2.6145, -0.2851 -0.4961 2.6514, -0.2773 -0.4961 2.6164, -0.2715 -0.4961 2.6531, -0.2721 -0.4961 2.617, -0.2645 -0.4961 2.6527, -0.268 -0.4961 2.6167, -0.2507 -0.4961 2.6492, -0.2626 -0.4961 2.6149, -0.2386 -0.4961 2.6427, -0.2579 -0.4961 2.612, -0.2541 -0.4961 2.608, -0.2209 -0.4961 2.8031, -0.2165 -0.4961 2.7687, -0.196 -0.4961 2.8058, -0.1954 -0.4961 2.7714, -0.1679 -0.4961 2.8022, -0.1761 -0.4961 2.7691, -0.1396 -0.4961 2.791, -0.1581 -0.4961 2.7622, -0.1421 -0.4961 2.751, -0.3463 -0.4961 2.7486, -0.3645 -0.4961 2.7359, -0.345 -0.4961 2.7059, -0.3687 -0.4961 2.732, -0.353 -0.4961 2.6945, -0.3823 -0.4961 2.7146, -0.3915 -0.4961 2.694, -0.136 -0.4961 2.6113, -0.1497 -0.4961 2.5819, -0.1484 -0.4961 2.5805, -0.1343 -0.4961 2.6109, -0.1447 -0.4961 2.5779, -0.1543 -0.4961 2.5936, -0.1537 -0.4961 2.5893, -0.1522 -0.4961 2.5855, -0.141 -0.4961 2.6108, -0.1449 -0.4961 2.6092, -0.1541 -0.4961 2.5959, -0.1484 -0.4961 2.6067, -0.1508 -0.4961 2.6041, -0.153 -0.4961 2.6002, -0.1365 -0.4961 2.6113, -0.0308 -0.4921 2.6559, -0.0334 -0.4921 2.6746, -0.0353 -0.4921 2.6795, -0.0403 -0.4921 2.692, -0.052 -0.4921 2.7083, -0.0675 -0.4921 2.7214, -0.0845 -0.4921 2.7299, -0.0874 -0.4921 2.7308, -0.0979 -0.4921 2.752, -0.1182 -0.4921 2.776, -0.1309 -0.4921 2.7849, -0.1396 -0.4921 2.791, -0.1679 -0.4921 2.8022, -0.196 -0.4921 2.8058, -0.2209 -0.4921 2.8031, -0.2475 -0.4921 2.7937, -0.2623 -0.4921 2.7849, -0.2646 -0.4921 2.7835, -0.2781 -0.4921 2.7719, -0.2898 -0.4921 2.7583, -0.2964 -0.4921 2.7591, -0.303 -0.4921 2.7594, -0.3251 -0.4921 2.7568, -0.3463 -0.4921 2.7486, -0.3645 -0.4921 2.7359, -0.3687 -0.4921 2.732, -0.3915 -0.4921 2.694, -0.3823 -0.4921 2.7146, -0.3942 -0.4921 2.6795, -0.3954 -0.4921 2.6726, -0.3956 -0.4921 2.6668, -0.3929 -0.4921 2.6448, -0.3848 -0.4921 2.6235, -0.3716 -0.4921 2.6045, -0.3543 -0.4921 2.5896, -0.3337 -0.4921 2.5794, -0.3258 -0.4921 2.577, -0.3251 -0.4921 2.5755, -0.3201 -0.4921 2.5647, -0.3116 -0.4921 2.5543, -0.3004 -0.4921 2.5458, -0.2952 -0.4921 2.5436, -0.2872 -0.4921 2.5403, -0.2737 -0.4921 2.5382, -0.2715 -0.4921 2.5381, -0.2143 -0.4921 2.5953, -0.2577 -0.4921 2.5398, -0.2478 -0.4921 2.5436, -0.2449 -0.4921 2.5447, -0.2335 -0.4921 2.5526, -0.2247 -0.4921 2.5625, -0.218 -0.4921 2.5753, -0.2179 -0.4921 2.5755, -0.2146 -0.4921 2.5894, -0.2143 -0.4921 2.601, -0.1343 -0.4921 2.6433, -0.152 -0.4921 2.6737, -0.2286 -0.4921 2.6336, -0.2386 -0.4921 2.6427, -0.2507 -0.4921 2.6492, -0.2645 -0.4921 2.6527, -0.2715 -0.4921 2.6531, -0.2851 -0.4921 2.6514, -0.2978 -0.4921 2.6466, -0.3095 -0.4921 2.6384, -0.3189 -0.4921 2.6276, -0.3253 -0.4921 2.6153, -0.3377 -0.4921 2.623, -0.348 -0.4921 2.6335, -0.3548 -0.4921 2.6452, -0.3589 -0.4921 2.6592, -0.3596 -0.4921 2.6679, -0.3582 -0.4921 2.6795, -0.3579 -0.4921 2.6818, -0.353 -0.4921 2.6945, -0.345 -0.4921 2.7059, -0.3352 -0.4921 2.7147, -0.3224 -0.4921 2.7215, -0.3083 -0.4921 2.7248, -0.3024 -0.4921 2.7251, -0.289 -0.4921 2.7235, -0.2762 -0.4921 2.7188, -0.2721 -0.4921 2.7165, -0.2633 -0.4921 2.7346, -0.2505 -0.4921 2.7499, -0.2352 -0.4921 2.7612, -0.2165 -0.4921 2.7687, -0.1954 -0.4921 2.7714, -0.1761 -0.4921 2.7691, -0.1581 -0.4921 2.7622, -0.1421 -0.4921 2.751, -0.1406 -0.4921 2.7497, -0.1277 -0.4921 2.7343, -0.1189 -0.4921 2.7159, -0.1154 -0.4921 2.7, -0.1108 -0.4921 2.7, -0.0999 -0.4921 2.6986, -0.09 -0.4921 2.6948, -0.0811 -0.4921 2.6886, -0.0745 -0.4921 2.6812, -0.0736 -0.4921 2.6795, -0.0692 -0.4921 2.6713, -0.0665 -0.4921 2.6603, -0.0662 -0.4921 2.6554, -0.0676 -0.4921 2.6442, -0.0715 -0.4921 2.634, -0.0778 -0.4921 2.6251, -0.0786 -0.4921 2.6243, -0.087 -0.4921 2.6174, -0.0971 -0.4921 2.6127, -0.1074 -0.4921 2.6107, -0.1331 -0.4921 2.6107, -0.1343 -0.4921 2.6109, -0.136 -0.4921 2.6113, -0.1365 -0.4921 2.6113, -0.141 -0.4921 2.6108, -0.1449 -0.4921 2.6092, -0.1484 -0.4921 2.6067, -0.1508 -0.4921 2.6041, -0.153 -0.4921 2.6002, -0.1541 -0.4921 2.5959, -0.1543 -0.4921 2.5936, -0.1537 -0.4921 2.5893, -0.1522 -0.4921 2.5855, -0.1497 -0.4921 2.5819, -0.1484 -0.4921 2.5805, -0.1447 -0.4921 2.5779, -0.1409 -0.4921 2.5764, -0.1377 -0.4921 2.5759, -0.1039 -0.4921 2.5759, -0.0849 -0.4921 2.5799, -0.0675 -0.4921 2.5884, -0.0519 -0.4921 2.6016, -0.0406 -0.4921 2.6174, -0.0334 -0.4921 2.6355, -0.2721 -0.4921 2.617, -0.268 -0.4921 2.6167, -0.2626 -0.4921 2.6149, -0.2579 -0.4921 2.612, -0.2541 -0.4921 2.608, -0.2515 -0.4921 2.6034, -0.25 -0.4921 2.5981, -0.2499 -0.4921 2.5926, -0.2511 -0.4921 2.5871, -0.2537 -0.4921 2.5821, -0.2574 -0.4921 2.578, -0.2618 -0.4921 2.5749, -0.2668 -0.4921 2.5731, -0.2721 -0.4921 2.5724, -0.2768 -0.4921 2.5729, -0.2821 -0.4921 2.5748, -0.2867 -0.4921 2.5779, -0.2904 -0.4921 2.582, -0.2929 -0.4921 2.5867, -0.2942 -0.4921 2.592, -0.2942 -0.4921 2.5975, -0.2928 -0.4921 2.603, -0.2901 -0.4921 2.6079, -0.2868 -0.4921 2.6114, -0.2823 -0.4921 2.6145, -0.2773 -0.4921 2.6164
            ]
        }
        coordIndex [
            0,1,2,-1,3,4,5,-1,6,7,8,-1,9,10,11,-1,12,13,2,-1,2,13,14,-1,2,14,0,-1,5,4,15,-1,16,17,18,-1,18,17,19,-1,18,19,20,-1,20,19,21,-1,20,21,8,-1,8,21,22,-1,8,22,6,-1,23,1,24,-1,24,1,25,-1,24,25,26,-1,27,28,19,-1,19,28,29,-1,19,29,21,-1,21,29,30,-1,21,30,31,-1,32,33,34,-1,34,33,35,-1,34,35,36,-1,36,35,37,-1,36,37,38,-1,38,37,39,-1,9,11,40,-1,40,11,41,-1,40,41,42,-1,42,41,43,-1,42,43,44,-1,4,45,15,-1,15,45,46,-1,15,46,47,-1,47,46,48,-1,47,48,9,-1,9,48,49,-1,9,49,10,-1,23,50,1,-1,1,50,51,-1,1,51,2,-1,2,51,52,-1,25,53,26,-1,26,53,54,-1,26,54,55,-1,55,54,56,-1,55,56,57,-1,57,56,58,-1,57,58,59,-1,59,58,21,-1,59,21,60,-1,60,21,31,-1,61,62,63,-1,63,62,64,-1,63,64,65,-1,65,64,66,-1,65,66,67,-1,67,66,68,-1,67,68,69,-1,69,68,70,-1,69,70,71,-1,37,72,39,-1,39,72,73,-1,39,73,74,-1,74,73,75,-1,74,75,76,-1,76,75,77,-1,76,77,78,-1,78,77,79,-1,78,79,80,-1,80,79,81,-1,80,81,82,-1,82,81,83,-1,82,83,61,-1,61,83,84,-1,61,84,62,-1,85,86,87,-1,87,86,88,-1,87,88,34,-1,34,88,89,-1,34,89,32,-1,90,91,92,-1,92,91,93,-1,92,93,94,-1,94,93,95,-1,94,95,96,-1,96,95,97,-1,96,97,98,-1,98,97,99,-1,98,99,12,-1,12,99,100,-1,12,100,13,-1,52,101,2,-1,2,101,102,-1,2,102,103,-1,103,102,104,-1,103,104,105,-1,105,104,106,-1,105,106,107,-1,107,106,108,-1,107,108,109,-1,109,108,110,-1,109,110,111,-1,111,110,112,-1,111,112,113,-1,113,112,114,-1,113,114,115,-1,115,114,116,-1,115,116,117,-1,117,116,118,-1,117,118,19,-1,19,118,119,-1,19,119,27,-1,44,43,120,-1,120,43,121,-1,120,121,122,-1,122,121,123,-1,122,123,124,-1,124,123,125,-1,124,125,126,-1,126,125,127,-1,126,127,85,-1,85,127,128,-1,85,128,86,-1,5,129,3,-1,3,129,130,-1,3,130,131,-1,131,130,132,-1,131,132,133,-1,133,132,134,-1,133,134,90,-1,90,134,135,-1,90,135,91,-1,136,137,138,-1,70,139,71,-1,71,139,136,-1,71,136,140,-1,140,136,138,-1,141,142,136,-1,136,142,143,-1,136,143,137,-1,144,145,146,-1,145,147,146,-1,146,147,148,-1,146,148,149,-1,141,136,146,-1,146,136,150,-1,146,150,144,-1,78,151,152,-1,78,152,76,-1,76,152,153,-1,76,153,74,-1,153,154,74,-1,74,154,155,-1,74,155,39,-1,39,155,156,-1,39,156,38,-1,38,156,157,-1,38,157,36,-1,36,157,158,-1,36,158,34,-1,34,158,159,-1,34,159,87,-1,87,159,160,-1,87,160,85,-1,85,160,126,-1,126,160,161,-1,161,162,126,-1,126,162,163,-1,126,163,124,-1,124,163,164,-1,124,164,122,-1,122,164,165,-1,122,165,120,-1,120,165,166,-1,120,166,44,-1,44,166,42,-1,42,166,167,-1,42,167,168,-1,42,168,169,-1,42,169,40,-1,40,169,170,-1,40,170,9,-1,9,170,171,-1,9,171,47,-1,47,171,172,-1,47,172,15,-1,15,172,173,-1,15,173,5,-1,5,173,174,-1,5,174,129,-1,129,174,175,-1,129,175,130,-1,130,175,176,-1,130,176,132,-1,177,134,178,-1,178,134,132,-1,178,132,176,-1,179,91,177,-1,177,91,135,-1,177,135,134,-1,179,180,91,-1,91,180,181,-1,91,181,93,-1,93,181,182,-1,93,182,95,-1,95,182,183,-1,95,183,97,-1,97,183,184,-1,97,184,99,-1,99,184,185,-1,99,185,100,-1,100,185,186,-1,100,186,13,-1,13,186,187,-1,13,187,14,-1,14,187,188,-1,14,188,0,-1,188,189,0,-1,0,189,190,-1,0,190,1,-1,1,190,191,-1,1,191,25,-1,25,191,192,-1,25,192,53,-1,192,193,53,-1,53,193,194,-1,53,194,54,-1,54,194,195,-1,54,195,56,-1,196,20,8,-1,56,195,197,-1,198,21,197,-1,197,21,58,-1,197,58,56,-1,198,199,21,-1,21,199,200,-1,21,200,22,-1,22,200,201,-1,22,201,6,-1,6,201,202,-1,6,202,7,-1,7,202,203,-1,7,203,8,-1,8,203,204,-1,8,204,196,-1,18,20,205,-1,205,20,196,-1,16,18,206,-1,206,18,205,-1,17,16,207,-1,207,16,206,-1,19,17,208,-1,208,17,207,-1,19,208,209,-1,19,209,117,-1,117,209,210,-1,117,210,115,-1,115,210,211,-1,115,211,113,-1,113,211,212,-1,113,212,111,-1,111,212,213,-1,111,213,109,-1,109,213,214,-1,109,214,107,-1,107,214,215,-1,107,215,105,-1,105,215,216,-1,105,216,103,-1,103,216,217,-1,103,217,2,-1,2,217,218,-1,2,218,12,-1,12,218,219,-1,12,219,98,-1,98,219,220,-1,98,220,96,-1,96,220,221,-1,96,221,94,-1,94,221,222,-1,94,222,92,-1,92,222,90,-1,90,222,223,-1,223,224,90,-1,90,224,225,-1,90,225,133,-1,133,225,226,-1,133,226,131,-1,131,226,227,-1,131,227,3,-1,3,227,228,-1,3,228,4,-1,4,228,229,-1,4,229,45,-1,45,229,230,-1,45,230,46,-1,46,230,231,-1,46,231,48,-1,48,231,232,-1,48,232,49,-1,49,232,233,-1,49,233,10,-1,10,233,234,-1,10,234,11,-1,11,234,235,-1,11,235,41,-1,41,235,236,-1,41,236,43,-1,43,236,237,-1,43,237,121,-1,121,237,238,-1,121,238,123,-1,123,238,239,-1,123,239,125,-1,125,239,240,-1,125,240,127,-1,127,240,241,-1,127,241,128,-1,128,241,242,-1,128,242,86,-1,86,242,243,-1,86,243,88,-1,88,243,244,-1,88,244,89,-1,89,244,245,-1,89,245,32,-1,33,32,246,-1,246,32,245,-1,33,246,247,-1,33,247,35,-1,35,247,248,-1,35,248,37,-1,37,248,249,-1,37,249,72,-1,72,249,250,-1,72,250,73,-1,73,250,251,-1,73,251,75,-1,251,252,75,-1,75,252,253,-1,75,253,77,-1,77,253,254,-1,77,254,79,-1,79,254,255,-1,79,255,81,-1,81,255,256,-1,81,256,83,-1,83,256,257,-1,83,257,84,-1,84,257,258,-1,84,258,62,-1,62,258,259,-1,62,259,64,-1,64,259,260,-1,64,260,66,-1,66,260,261,-1,66,261,68,-1,70,68,262,-1,262,68,261,-1,70,262,263,-1,70,263,139,-1,139,263,264,-1,139,264,136,-1,136,264,265,-1,136,265,150,-1,150,265,266,-1,150,266,144,-1,144,266,267,-1,144,267,145,-1,145,267,268,-1,145,268,147,-1,147,268,269,-1,147,269,148,-1,148,269,270,-1,148,270,149,-1,149,270,271,-1,149,271,146,-1,146,271,272,-1,146,272,141,-1,141,272,273,-1,141,273,142,-1,142,273,274,-1,142,274,143,-1,143,274,275,-1,143,275,137,-1,137,275,276,-1,137,276,138,-1,138,276,277,-1,138,277,140,-1,140,277,278,-1,140,278,71,-1,71,278,279,-1,71,279,69,-1,67,69,280,-1,280,69,279,-1,67,280,281,-1,67,281,65,-1,65,281,282,-1,65,282,63,-1,63,282,283,-1,63,283,61,-1,61,283,284,-1,61,284,82,-1,82,284,285,-1,82,285,80,-1,80,285,151,-1,80,151,78,-1,112,286,287,-1,112,287,114,-1,114,287,288,-1,114,288,116,-1,116,288,289,-1,116,289,118,-1,118,289,290,-1,118,290,119,-1,119,290,291,-1,119,291,27,-1,27,291,292,-1,27,292,28,-1,28,292,293,-1,28,293,29,-1,29,293,294,-1,29,294,30,-1,30,294,295,-1,30,295,31,-1,31,295,296,-1,31,296,60,-1,60,296,297,-1,60,297,59,-1,59,297,298,-1,59,298,57,-1,57,298,299,-1,57,299,55,-1,55,299,300,-1,55,300,26,-1,26,300,301,-1,26,301,24,-1,24,301,302,-1,24,302,23,-1,23,302,303,-1,23,303,50,-1,50,303,304,-1,50,304,51,-1,51,304,305,-1,51,305,52,-1,52,305,306,-1,52,306,101,-1,101,306,307,-1,101,307,102,-1,102,307,308,-1,102,308,104,-1,104,308,309,-1,104,309,106,-1,106,309,310,-1,106,310,108,-1,108,310,311,-1,108,311,110,-1,110,311,286,-1,110,286,112,-1,
        ]
    }
}
Shape{
    appearance Appearance {
        material  Material {
            diffuseColor 0.20784313725490197 0.20784313725490197 0.20784313725490197
            specularColor 0.01568627450980392 0.01568627450980392 0.01568627450980392
            ambientIntensity 0.298
            transparency 0.0
            shininess 0.5
        }
    }
    geometry IndexedFaceSet {
        ccw TRUE
        solid FALSE
        coord DEF co Coordinate {
            point [
                -0.2668 -0.4921 2.5731, -0.268 -0.4921 2.6167, -0.2721 -0.4921 2.5724, -0.2721 -0.4921 2.617, -0.2773 -0.4921 2.6164, -0.2574 -0.4921 2.578, -0.2541 -0.4921 2.608, -0.2579 -0.4921 2.612, -0.2823 -0.4921 2.6145, -0.2868 -0.4921 2.6114, -0.2768 -0.4921 2.5729, -0.2901 -0.4921 2.6079, -0.2928 -0.4921 2.603, -0.2942 -0.4921 2.5975, -0.2942 -0.4921 2.592, -0.2929 -0.4921 2.5867, -0.2904 -0.4921 2.582, -0.2867 -0.4921 2.5779, -0.2821 -0.4921 2.5748, -0.2618 -0.4921 2.5749, -0.2626 -0.4921 2.6149, -0.2511 -0.4921 2.5871, -0.2499 -0.4921 2.5926, -0.2537 -0.4921 2.5821, -0.25 -0.4921 2.5981, -0.2515 -0.4921 2.6034
            ]
        }
        coordIndex [
            0,1,2,-1,2,1,3,-1,2,3,4,-1,5,6,7,-1,4,8,2,-1,2,8,9,-1,2,9,10,-1,10,9,11,-1,10,11,12,-1,12,13,10,-1,10,13,14,-1,10,14,15,-1,15,16,10,-1,10,16,17,-1,10,17,18,-1,0,19,1,-1,1,19,5,-1,1,5,20,-1,20,5,7,-1,21,22,23,-1,23,22,24,-1,23,24,5,-1,5,24,25,-1,5,25,6,-1,
        ]
    }
}
Shape{
    appearance Appearance {
        material  Material {
            diffuseColor 1.0 1.0 1.0
            specularColor 0.5019607843137255 0.5019607843137255 0.5019607843137255
            ambientIntensity 1.0
            transparency 0.0
            shininess 0.5
        }
    }
    geometry IndexedFaceSet {
        ccw TRUE
        solid FALSE
        coord DEF co Coordinate {
            point [
                0.269 -0.4961 2.715, 0.2606 -0.4961 2.7204, 0.2606 -0.4961 2.709, 0.2555 -0.4961 2.7168, 0.2514 -0.4961 2.7054, 0.2488 -0.4961 2.7143, 0.2377 -0.4961 2.7037, 0.2377 -0.4961 2.7129, 0.2156 -0.4961 2.7037, 0.226 -0.4961 2.7129, 0.2156 -0.4961 2.7842, 0.226 -0.4961 2.7749, 0.2385 -0.4961 2.7842, 0.2381 -0.4961 2.7749, 0.241 -0.4961 2.7748, 0.2508 -0.4961 2.7828, 0.2495 -0.4961 2.7735, 0.2605 -0.4961 2.7793, 0.2563 -0.4961 2.7708, 0.269 -0.4961 2.7735, 0.2613 -0.4961 2.7674, 0.2718 -0.4961 2.7708, 0.2636 -0.4961 2.7652, 0.2768 -0.4961 2.7637, 0.2667 -0.4961 2.7607, 0.2797 -0.4961 2.7561, 0.269 -0.4961 2.7548, 0.2811 -0.4961 2.745, 0.2702 -0.4961 2.7447, 0.2808 -0.4961 2.7399, 0.2698 -0.4961 2.7389, 0.2789 -0.4961 2.7304, 0.2682 -0.4961 2.7317, 0.2749 -0.4961 2.7221, 0.2653 -0.4961 2.7258, 0.2616 -0.4961 2.7213, 0.269 -0.4921 2.715, 0.2749 -0.4921 2.7221, 0.2789 -0.4921 2.7304, 0.2808 -0.4921 2.7399, 0.2811 -0.4921 2.745, 0.2797 -0.4921 2.7561, 0.2768 -0.4921 2.7637, 0.2718 -0.4921 2.7708, 0.269 -0.4921 2.7735, 0.2385 -0.4921 2.7842, 0.2605 -0.4921 2.7793, 0.2524 -0.4921 2.7822, 0.2508 -0.4921 2.7828, 0.2156 -0.4921 2.7842, 0.2156 -0.4921 2.7037, 0.2377 -0.4921 2.7037, 0.2514 -0.4921 2.7054, 0.2524 -0.4921 2.7058, 0.2606 -0.4921 2.709, 0.2613 -0.4921 2.7674, 0.2636 -0.4921 2.7652, 0.2667 -0.4921 2.7607, 0.269 -0.4921 2.7548, 0.2702 -0.4921 2.7447, 0.2381 -0.4921 2.7749, 0.241 -0.4921 2.7748, 0.2495 -0.4921 2.7735, 0.2563 -0.4921 2.7708, 0.226 -0.4921 2.7749, 0.226 -0.4921 2.7129, 0.2377 -0.4921 2.7129, 0.2616 -0.4921 2.7213, 0.2606 -0.4921 2.7204, 0.2555 -0.4921 2.7168, 0.2488 -0.4921 2.7143, 0.2698 -0.4921 2.7389, 0.2682 -0.4921 2.7317, 0.2653 -0.4921 2.7258
            ]
        }
        coordIndex [
            0,1,2,-1,2,1,3,-1,2,3,4,-1,4,3,5,-1,4,5,6,-1,6,5,7,-1,6,7,8,-1,8,7,9,-1,8,9,10,-1,10,9,11,-1,10,11,12,-1,11,13,12,-1,12,13,14,-1,12,14,15,-1,15,14,16,-1,15,16,17,-1,17,16,18,-1,17,18,19,-1,19,18,20,-1,19,20,21,-1,21,20,22,-1,21,22,23,-1,23,22,24,-1,23,24,25,-1,25,24,26,-1,25,26,27,-1,27,26,28,-1,27,28,29,-1,29,28,30,-1,29,30,31,-1,31,30,32,-1,31,32,33,-1,33,32,34,-1,33,34,0,-1,0,34,35,-1,0,35,1,-1,0,36,37,-1,0,37,33,-1,33,37,38,-1,33,38,31,-1,31,38,39,-1,31,39,29,-1,29,39,40,-1,29,40,27,-1,27,40,41,-1,27,41,25,-1,25,41,42,-1,25,42,23,-1,23,42,43,-1,23,43,21,-1,21,43,44,-1,21,44,19,-1,45,12,15,-1,19,44,46,-1,19,46,17,-1,17,46,47,-1,17,47,15,-1,15,47,48,-1,15,48,45,-1,10,12,49,-1,49,12,45,-1,8,10,50,-1,50,10,49,-1,6,8,51,-1,51,8,50,-1,36,0,2,-1,6,51,52,-1,6,52,4,-1,4,52,53,-1,4,53,2,-1,2,53,54,-1,2,54,36,-1,20,55,56,-1,20,56,22,-1,22,56,57,-1,22,57,24,-1,24,57,58,-1,24,58,26,-1,26,58,59,-1,26,59,28,-1,13,60,61,-1,13,61,14,-1,14,61,62,-1,14,62,16,-1,16,62,63,-1,16,63,18,-1,18,63,55,-1,18,55,20,-1,13,11,60,-1,60,11,64,-1,11,9,64,-1,64,9,65,-1,9,7,65,-1,65,7,66,-1,35,67,68,-1,35,68,1,-1,1,68,69,-1,1,69,3,-1,3,69,70,-1,3,70,5,-1,5,70,66,-1,5,66,7,-1,28,59,71,-1,28,71,30,-1,30,71,72,-1,30,72,32,-1,32,72,73,-1,32,73,34,-1,34,73,67,-1,34,67,35,-1,
        ]
    }
}
Shape{
    appearance Appearance {
        material  Material {
            diffuseColor 0.20784313725490197 0.20784313725490197 0.20784313725490197
            specularColor 0.01568627450980392 0.01568627450980392 0.01568627450980392
            ambientIntensity 0.298
            transparency 0.0
            shininess 0.5
        }
    }
    geometry IndexedFaceSet {
        ccw TRUE
        solid FALSE
        coord DEF co Coordinate {
            point [
                0.2606 -0.4921 2.7204, 0.2616 -0.4921 2.7213, 0.241 -0.4921 2.7748, 0.2555 -0.4921 2.7168, 0.226 -0.4921 2.7749, 0.226 -0.4921 2.7129, 0.2381 -0.4921 2.7749, 0.2377 -0.4921 2.7129, 0.2488 -0.4921 2.7143, 0.2653 -0.4921 2.7258, 0.2682 -0.4921 2.7317, 0.2698 -0.4921 2.7389, 0.2613 -0.4921 2.7674, 0.2702 -0.4921 2.7447, 0.2563 -0.4921 2.7708, 0.2495 -0.4921 2.7735, 0.269 -0.4921 2.7548, 0.2667 -0.4921 2.7607, 0.2636 -0.4921 2.7652
            ]
        }
        coordIndex [
            0,1,2,-1,0,2,3,-1,4,5,6,-1,6,5,7,-1,6,7,2,-1,2,7,8,-1,2,8,3,-1,1,9,2,-1,2,9,10,-1,2,10,11,-1,12,11,13,-1,12,14,11,-1,11,14,15,-1,11,15,2,-1,16,17,13,-1,13,17,18,-1,13,18,12,-1,
        ]
    }
}
Shape{
    appearance Appearance {
        material  Material {
            diffuseColor 1.0 1.0 1.0
            specularColor 0.5019607843137255 0.5019607843137255 0.5019607843137255
            ambientIntensity 1.0
            transparency 0.0
            shininess 0.5
        }
    }
    geometry IndexedFaceSet {
        ccw TRUE
        solid FALSE
        coord DEF co Coordinate {
            point [
                0.1203 -0.4961 2.7116, 0.1203 -0.4921 2.7116, 0.1122 -0.4921 2.7126, 0.1122 -0.4961 2.7126, 0.1065 -0.4921 2.7148, 0.1065 -0.4961 2.7148, 0.1012 -0.4921 2.7185, 0.1012 -0.4961 2.7185, 0.0996 -0.4921 2.7201, 0.0996 -0.4961 2.7201, 0.0961 -0.4921 2.7249, 0.0961 -0.4961 2.7249, 0.0933 -0.4921 2.7313, 0.0933 -0.4961 2.7313, 0.0919 -0.4921 2.7391, 0.0919 -0.4961 2.7391, 0.0917 -0.4921 2.7431, 0.0917 -0.4961 2.7431, 0.0931 -0.4921 2.7541, 0.0931 -0.4961 2.7541, 0.0958 -0.4921 2.7611, 0.0958 -0.4961 2.7611, 0.0996 -0.4921 2.7667, 0.0996 -0.4961 2.7667, 0.1002 -0.4921 2.7672, 0.1002 -0.4961 2.7672, 0.1049 -0.4921 2.7713, 0.1049 -0.4961 2.7713, 0.1112 -0.4921 2.7744, 0.1112 -0.4961 2.7744, 0.118 -0.4921 2.7759, 0.118 -0.4961 2.7759, 0.1221 -0.4921 2.7762, 0.1221 -0.4961 2.7762, 0.132 -0.4921 2.775, 0.132 -0.4961 2.775, 0.1402 -0.4921 2.7719, 0.1402 -0.4961 2.7719, 0.141 -0.4921 2.7714, 0.141 -0.4961 2.7714, 0.141 -0.4961 2.7822, 0.141 -0.4921 2.7822, 0.122 -0.4921 2.7855, 0.122 -0.4961 2.7855, 0.1306 -0.4921 2.7849, 0.1325 -0.4961 2.7847, 0.1325 -0.4921 2.7847, 0.1164 -0.4921 2.7849, 0.1103 -0.4961 2.7841, 0.1103 -0.4921 2.7841, 0.1019 -0.4921 2.7809, 0.1019 -0.4961 2.7809, 0.0944 -0.4921 2.7756, 0.0944 -0.4961 2.7756, 0.0924 -0.4921 2.7737, 0.0924 -0.4961 2.7737, 0.0866 -0.4921 2.7661, 0.0844 -0.4921 2.761, 0.0828 -0.4961 2.7571, 0.0866 -0.4961 2.7661, 0.0828 -0.4921 2.7571, 0.081 -0.4921 2.7466, 0.081 -0.4961 2.7466, 0.0808 -0.4921 2.7424, 0.0808 -0.4961 2.7424, 0.0824 -0.4921 2.7293, 0.0844 -0.4921 2.7242, 0.0857 -0.4961 2.7209, 0.0824 -0.4961 2.7293, 0.0857 -0.4921 2.7209, 0.0905 -0.4921 2.7141, 0.0905 -0.4961 2.7141, 0.0911 -0.4921 2.7134, 0.0911 -0.4961 2.7134, 0.0976 -0.4921 2.708, 0.0976 -0.4961 2.708, 0.1052 -0.4921 2.7044, 0.1052 -0.4961 2.7044, 0.1139 -0.4921 2.7026, 0.1139 -0.4961 2.7026, 0.1188 -0.4921 2.7024, 0.1188 -0.4961 2.7024, 0.131 -0.4921 2.7036, 0.131 -0.4961 2.7036, 0.1397 -0.4921 2.7064, 0.1397 -0.4961 2.7064, 0.141 -0.4921 2.7071, 0.141 -0.4961 2.7071, 0.141 -0.4961 2.717, 0.141 -0.4921 2.717, 0.1331 -0.4921 2.7135, 0.1331 -0.4961 2.7135, 0.124 -0.4921 2.7118, 0.124 -0.4961 2.7118, 0.4088 -0.4961 2.6072, 0.4055 -0.4961 2.5981, 0.4358 -0.4961 2.6072, 0.439 -0.4961 2.5981, 0.4208 -0.4961 2.6407, 0.4169 -0.4961 2.6566, 0.3863 -0.4961 2.5761, 0.3977 -0.4961 2.5761, 0.4215 -0.4961 2.6431, 0.4221 -0.4961 2.6463, 0.428 -0.4961 2.6566, 0.4224 -0.4961 2.6463, 0.423 -0.4961 2.6429, 0.4236 -0.4961 2.6407, 0.4586 -0.4961 2.5761, 0.4472 -0.4961 2.5761, 0.4169 -0.4921 2.6566, 0.428 -0.4921 2.6566, 0.3863 -0.4921 2.5761, 0.3977 -0.4921 2.5761, 0.4055 -0.4921 2.5981, 0.439 -0.4921 2.5981, 0.4472 -0.4921 2.5761, 0.4586 -0.4921 2.5761, 0.4208 -0.4921 2.6407, 0.4215 -0.4921 2.6431, 0.4221 -0.4921 2.6463, 0.4088 -0.4921 2.6072, 0.4358 -0.4921 2.6072, 0.4236 -0.4921 2.6407, 0.4224 -0.4921 2.6463, 0.423 -0.4921 2.6429
            ]
        }
        coordIndex [
            0,1,2,-1,0,2,3,-1,3,2,4,-1,3,4,5,-1,5,4,6,-1,5,6,7,-1,7,6,8,-1,7,8,9,-1,9,8,10,-1,9,10,11,-1,11,10,12,-1,11,12,13,-1,13,12,14,-1,13,14,15,-1,15,14,16,-1,15,16,17,-1,17,16,18,-1,17,18,19,-1,19,18,20,-1,19,20,21,-1,21,20,22,-1,21,22,23,-1,23,22,24,-1,23,24,25,-1,25,24,26,-1,25,26,27,-1,27,26,28,-1,27,28,29,-1,29,28,30,-1,29,30,31,-1,31,30,32,-1,31,32,33,-1,33,32,34,-1,33,34,35,-1,35,34,36,-1,35,36,37,-1,37,36,38,-1,37,38,39,-1,40,39,41,-1,41,39,38,-1,42,43,44,-1,44,43,45,-1,44,45,46,-1,46,45,40,-1,46,40,41,-1,43,42,47,-1,43,47,48,-1,47,49,48,-1,48,49,50,-1,48,50,51,-1,51,50,52,-1,51,52,53,-1,53,52,54,-1,53,54,55,-1,55,54,56,-1,57,58,56,-1,56,58,59,-1,56,59,55,-1,57,60,58,-1,58,60,61,-1,58,61,62,-1,62,61,63,-1,62,63,64,-1,64,63,65,-1,66,67,65,-1,65,67,68,-1,65,68,64,-1,66,69,67,-1,67,69,70,-1,67,70,71,-1,71,70,72,-1,71,72,73,-1,73,72,74,-1,73,74,75,-1,75,74,76,-1,75,76,77,-1,77,76,78,-1,77,78,79,-1,79,78,80,-1,79,80,81,-1,81,80,82,-1,81,82,83,-1,83,82,84,-1,83,84,85,-1,85,84,86,-1,85,86,87,-1,88,87,89,-1,89,87,86,-1,88,89,90,-1,88,90,91,-1,91,90,92,-1,91,92,93,-1,93,92,1,-1,93,1,0,-1,27,29,48,-1,19,21,59,-1,59,21,55,-1,48,29,43,-1,29,31,43,-1,43,31,33,-1,43,33,45,-1,45,33,35,-1,45,35,40,-1,40,35,37,-1,40,37,39,-1,87,88,85,-1,85,88,91,-1,85,91,83,-1,83,91,93,-1,83,93,81,-1,81,93,0,-1,81,0,79,-1,79,0,3,-1,79,3,77,-1,77,3,5,-1,77,5,75,-1,75,5,7,-1,75,7,73,-1,73,7,9,-1,73,9,71,-1,71,9,11,-1,71,11,67,-1,64,17,62,-1,62,17,19,-1,62,19,58,-1,58,19,59,-1,21,23,55,-1,55,23,25,-1,55,25,53,-1,53,25,27,-1,53,27,51,-1,51,27,48,-1,67,11,68,-1,68,11,13,-1,68,13,64,-1,64,13,15,-1,64,15,17,-1,94,95,96,-1,96,95,97,-1,98,99,94,-1,94,99,100,-1,94,100,95,-1,95,100,101,-1,98,102,99,-1,99,102,103,-1,99,103,104,-1,104,103,105,-1,104,105,106,-1,106,107,104,-1,104,107,96,-1,104,96,108,-1,108,96,97,-1,108,97,109,-1,99,104,110,-1,110,104,111,-1,100,99,112,-1,112,99,110,-1,101,100,113,-1,113,100,112,-1,95,101,114,-1,114,101,113,-1,97,95,115,-1,115,95,114,-1,109,97,116,-1,116,97,115,-1,108,109,117,-1,117,109,116,-1,104,108,111,-1,111,108,117,-1,98,118,119,-1,98,119,102,-1,102,119,120,-1,102,120,103,-1,98,94,118,-1,118,94,121,-1,94,96,121,-1,121,96,122,-1,96,107,122,-1,122,107,123,-1,105,124,125,-1,105,125,106,-1,106,125,123,-1,106,123,107,-1,105,103,124,-1,124,103,120,-1,
        ]
    }
}
Shape{
    appearance Appearance {
        material  Material {
            diffuseColor 0.20784313725490197 0.20784313725490197 0.20784313725490197
            specularColor 0.01568627450980392 0.01568627450980392 0.01568627450980392
            ambientIntensity 0.298
            transparency 0.0
            shininess 0.5
        }
    }
    geometry IndexedFaceSet {
        ccw TRUE
        solid FALSE
        coord DEF co Coordinate {
            point [
                0.4224 -0.4921 2.6463, 0.4221 -0.4921 2.6463, 0.423 -0.4921 2.6429, 0.4215 -0.4921 2.6431, 0.4236 -0.4921 2.6407, 0.4208 -0.4921 2.6407, 0.4358 -0.4921 2.6072, 0.4088 -0.4921 2.6072
            ]
        }
        coordIndex [
            0,1,2,-1,2,1,3,-1,2,3,4,-1,4,3,5,-1,4,5,6,-1,6,5,7,-1,
        ]
    }
}
Shape{
    appearance Appearance {
        material  Material {
            diffuseColor 1.0 1.0 1.0
            specularColor 0.5019607843137255 0.5019607843137255 0.5019607843137255
            ambientIntensity 1.0
            transparency 0.0
            shininess 0.5
        }
    }
    geometry IndexedFaceSet {
        ccw TRUE
        solid FALSE
        coord DEF co Coordinate {
            point [
                0.2683 -0.4921 2.5853, 0.2683 -0.4961 2.5853, 0.2833 -0.4921 2.5853, 0.3011 -0.4961 2.5853, 0.3011 -0.4921 2.5853, 0.2683 -0.4961 2.6124, 0.2683 -0.4921 2.6124, 0.297 -0.4921 2.6124, 0.297 -0.4961 2.6124, 0.2833 -0.4921 2.6124, 0.297 -0.4961 2.6216, 0.297 -0.4921 2.6216, 0.2683 -0.4921 2.6216, 0.2683 -0.4961 2.6216, 0.2833 -0.4921 2.6216, 0.2683 -0.4961 2.6473, 0.2683 -0.4921 2.6473, 0.2993 -0.4921 2.6473, 0.2993 -0.4961 2.6473, 0.2833 -0.4921 2.6473, 0.2993 -0.4961 2.6566, 0.2993 -0.4921 2.6566, 0.2579 -0.4921 2.6566, 0.2579 -0.4961 2.6566, 0.2833 -0.4921 2.6566, 0.2579 -0.4961 2.5761, 0.2579 -0.4921 2.5761, 0.3011 -0.4921 2.5761, 0.3011 -0.4961 2.5761, 0.2833 -0.4921 2.5761, 0.0455 -0.4961 2.5853, 0.0784 -0.4961 2.5853, 0.0455 -0.4921 2.5853, 0.0784 -0.4921 2.5853, 0.0455 -0.4961 2.6124, 0.0455 -0.4921 2.6124, 0.0743 -0.4961 2.6124, 0.0743 -0.4921 2.6124, 0.0743 -0.4961 2.6216, 0.0743 -0.4921 2.6216, 0.0455 -0.4961 2.6216, 0.0455 -0.4921 2.6216, 0.0455 -0.4961 2.6473, 0.0455 -0.4921 2.6473, 0.0766 -0.4961 2.6473, 0.0766 -0.4921 2.6473, 0.0766 -0.4961 2.6566, 0.0766 -0.4921 2.6566, 0.0351 -0.4961 2.6566, 0.0351 -0.4921 2.6566, 0.0351 -0.4961 2.5761, 0.0351 -0.4921 2.5761, 0.0784 -0.4961 2.5761, 0.0784 -0.4921 2.5761, 0.308 -0.4961 2.7348, 0.3047 -0.4961 2.7257, 0.335 -0.4961 2.7348, 0.3382 -0.4961 2.7257, 0.3201 -0.4961 2.7683, 0.3162 -0.4961 2.7842, 0.2855 -0.4961 2.7037, 0.297 -0.4961 2.7037, 0.3208 -0.4961 2.7707, 0.3214 -0.4961 2.7739, 0.3273 -0.4961 2.7842, 0.3216 -0.4961 2.7739, 0.3223 -0.4961 2.7705, 0.3229 -0.4961 2.7683, 0.3579 -0.4961 2.7037, 0.3464 -0.4961 2.7037, 0.3162 -0.4921 2.7842, 0.3273 -0.4921 2.7842, 0.2855 -0.4921 2.7037, 0.3087 -0.4921 2.7646, 0.297 -0.4921 2.7037, 0.3047 -0.4921 2.7257, 0.3382 -0.4921 2.7257, 0.3087 -0.4921 2.7257, 0.3464 -0.4921 2.7037, 0.3579 -0.4921 2.7037, 0.3201 -0.4921 2.7683, 0.3208 -0.4921 2.7707, 0.3214 -0.4921 2.7739, 0.308 -0.4921 2.7348, 0.335 -0.4921 2.7348, 0.3229 -0.4921 2.7683, 0.3216 -0.4921 2.7739, 0.3223 -0.4921 2.7705
            ]
        }
        coordIndex [
            0,1,2,-1,2,1,3,-1,2,3,4,-1,5,1,6,-1,6,1,0,-1,7,8,9,-1,9,8,5,-1,9,5,6,-1,10,8,11,-1,11,8,7,-1,12,13,14,-1,14,13,10,-1,14,10,11,-1,15,13,16,-1,16,13,12,-1,17,18,19,-1,19,18,15,-1,19,15,16,-1,20,18,21,-1,21,18,17,-1,22,23,24,-1,24,23,20,-1,24,20,21,-1,25,23,26,-1,26,23,22,-1,27,28,29,-1,29,28,25,-1,29,25,26,-1,3,28,4,-1,4,28,27,-1,25,28,3,-1,3,1,25,-1,25,1,5,-1,25,5,23,-1,18,20,15,-1,15,20,23,-1,15,23,13,-1,13,23,5,-1,13,5,10,-1,10,5,8,-1,30,31,32,-1,32,31,33,-1,34,30,35,-1,35,30,32,-1,36,34,37,-1,37,34,35,-1,38,36,39,-1,39,36,37,-1,40,38,41,-1,41,38,39,-1,42,40,43,-1,43,40,41,-1,44,42,45,-1,45,42,43,-1,46,44,47,-1,47,44,45,-1,48,46,49,-1,49,46,47,-1,50,48,51,-1,51,48,49,-1,52,50,53,-1,53,50,51,-1,31,52,33,-1,33,52,53,-1,50,52,31,-1,31,30,50,-1,50,30,34,-1,50,34,48,-1,44,46,42,-1,42,46,48,-1,42,48,40,-1,40,48,34,-1,40,34,38,-1,38,34,36,-1,54,55,56,-1,56,55,57,-1,58,59,54,-1,54,59,60,-1,54,60,55,-1,55,60,61,-1,58,62,59,-1,59,62,63,-1,59,63,64,-1,64,63,65,-1,64,65,66,-1,66,67,64,-1,64,67,56,-1,64,56,68,-1,68,56,57,-1,68,57,69,-1,59,64,70,-1,70,64,71,-1,72,60,73,-1,73,60,59,-1,73,59,70,-1,61,60,74,-1,74,60,72,-1,55,61,75,-1,75,61,74,-1,76,57,77,-1,77,57,55,-1,77,55,75,-1,69,57,78,-1,78,57,76,-1,68,69,79,-1,79,69,78,-1,64,68,71,-1,71,68,79,-1,58,80,81,-1,58,81,62,-1,62,81,82,-1,62,82,63,-1,58,54,80,-1,80,54,83,-1,54,56,83,-1,83,56,84,-1,56,67,84,-1,84,67,85,-1,65,86,87,-1,65,87,66,-1,66,87,85,-1,66,85,67,-1,65,63,86,-1,86,63,82,-1,
        ]
    }
}
Shape{
    appearance Appearance {
        material  Material {
            diffuseColor 0.20784313725490197 0.20784313725490197 0.20784313725490197
            specularColor 0.01568627450980392 0.01568627450980392 0.01568627450980392
            ambientIntensity 0.298
            transparency 0.0
            shininess 0.5
        }
    }
    geometry IndexedFaceSet {
        ccw TRUE
        solid FALSE
        coord DEF co Coordinate {
            point [
                0.3216 -0.4921 2.7739, 0.3214 -0.4921 2.7739, 0.3223 -0.4921 2.7705, 0.3208 -0.4921 2.7707, 0.3229 -0.4921 2.7683, 0.3201 -0.4921 2.7683, 0.335 -0.4921 2.7348, 0.308 -0.4921 2.7348
            ]
        }
        coordIndex [
            0,1,2,-1,2,1,3,-1,2,3,4,-1,4,3,5,-1,4,5,6,-1,6,5,7,-1,
        ]
    }
}
Shape{
    appearance Appearance {
        material  Material {
            diffuseColor 1.0 1.0 1.0
            specularColor 0.5019607843137255 0.5019607843137255 0.5019607843137255
            ambientIntensity 1.0
            transparency 0.0
            shininess 0.5
        }
    }
    geometry IndexedFaceSet {
        ccw TRUE
        solid FALSE
        coord DEF co Coordinate {
            point [
                0.1675 -0.4921 2.7129, 0.1675 -0.4961 2.7129, 0.1893 -0.4921 2.7129, 0.2004 -0.4961 2.7129, 0.2004 -0.4921 2.7129, 0.1675 -0.4961 2.74, 0.1675 -0.4921 2.74, 0.1963 -0.4961 2.74, 0.1893 -0.4921 2.74, 0.1963 -0.4921 2.74, 0.1963 -0.4961 2.7492, 0.1963 -0.4921 2.7492, 0.1675 -0.4921 2.7492, 0.1675 -0.4961 2.7492, 0.1893 -0.4921 2.7492, 0.1675 -0.4961 2.7749, 0.1675 -0.4921 2.7749, 0.1986 -0.4961 2.7749, 0.1893 -0.4921 2.7749, 0.1986 -0.4921 2.7749, 0.1986 -0.4961 2.7842, 0.1986 -0.4921 2.7842, 0.1571 -0.4921 2.7842, 0.1571 -0.4961 2.7842, 0.1893 -0.4921 2.7842, 0.1571 -0.4961 2.7037, 0.1571 -0.4921 2.7037, 0.2004 -0.4961 2.7037, 0.1893 -0.4921 2.7037, 0.2004 -0.4921 2.7037, 0.0455 -0.4961 2.7129, 0.0775 -0.4961 2.7129, 0.0455 -0.4921 2.7129, 0.0775 -0.4921 2.7129, 0.0455 -0.4961 2.7842, 0.0455 -0.4921 2.7842, 0.0351 -0.4961 2.7842, 0.0351 -0.4921 2.7842, 0.0351 -0.4961 2.7037, 0.0351 -0.4921 2.7037, 0.0775 -0.4961 2.7037, 0.0775 -0.4921 2.7037
            ]
        }
        coordIndex [
            0,1,2,-1,2,1,3,-1,2,3,4,-1,5,1,6,-1,6,1,0,-1,5,6,7,-1,7,6,8,-1,7,8,9,-1,10,7,11,-1,11,7,9,-1,12,13,14,-1,14,13,10,-1,14,10,11,-1,15,13,16,-1,16,13,12,-1,15,16,17,-1,17,16,18,-1,17,18,19,-1,20,17,21,-1,21,17,19,-1,22,23,24,-1,24,23,20,-1,24,20,21,-1,25,23,26,-1,26,23,22,-1,25,26,27,-1,27,26,28,-1,27,28,29,-1,3,27,4,-1,4,27,29,-1,25,27,3,-1,3,1,25,-1,25,1,5,-1,25,5,23,-1,17,20,15,-1,15,20,23,-1,15,23,13,-1,13,23,5,-1,13,5,10,-1,10,5,7,-1,30,31,32,-1,32,31,33,-1,34,30,35,-1,35,30,32,-1,36,34,37,-1,37,34,35,-1,38,36,39,-1,39,36,37,-1,40,38,41,-1,41,38,39,-1,31,40,33,-1,33,40,41,-1,34,36,30,-1,30,36,38,-1,30,38,31,-1,31,38,40,-1,
        ]
    }
}