#VRML V2.0 utf8
# 3D model generated by kicad-lcsc-manager
# Based on easyeda2kicad.py v1.0.1

Shape{
    appearance Appearance {
        material  Material {
            diffuseColor 0.2235294117647059 0.2235294117647059 0.2235294117647059
            specularColor 0.11372549019607843 0.11372549019607843 0.11372549019607843
            ambientIntensity 0.2235
            transparency 0.0
            shininess 0.5
        }
    }
    geometry IndexedFaceSet {
        ccw TRUE
        solid FALSE
        coord DEF co Coordinate {
            point [
                0.1291 0.4921 0.497, 0.1291 0.4921 0.4335, -0.0251 0.4921 0.4335, 0.1291 0.4921 0.751, 0.1291 0.4921 0.7041, -0.0251 0.4921 0.7041, -0.086 0.4921 0.9123, -0.0985 0.4921 0.9139, -0.0347 0.4921 0.9139, -0.1275 0.4921 0.752, -0.1172 0.4921 0.751, -0.1702 0.4921 0.751, -0.2001 0.4921 0.8941, -0.2001 0.4921 0.8428, -0.2434 0.4921 0.8428, -0.2086 0.4921 0.4974, -0.2045 0.4921 0.497, -0.2434 0.4921 0.497, -0.1749 0.4921 0.4974, -0.1702 0.4921 0.4991, -0.1702 0.4921 0.497, -0.4007 0.4921 0.64, -0.4007 0.4921 0.5888, -0.4307 0.4921 0.5888, 0.2682 0.4921 0.7878, 0.2372 0.4921 0.7618, 0.1291 0.4921 0.9139, 0.395 0.4921 0.9139, 0.3689 0.4921 0.8963, 0.3314 0.4921 0.853, 0.3074 0.4921 0.8063, 0.3021 0.4921 0.8046, 0.4768 0.4921 0.9505, 0.4196 0.4921 0.9304, 0.1291 0.4921 3.4252, 0.6326 0.4921 0.9282, 0.5801 0.4921 0.9485, 1.5097 0.4921 3.4252, 0.5237 0.4921 0.9555, 0.6558 0.4921 0.9139, 1.5097 0.4921 0.9139, 0.6603 0.4921 0.9111, 1.5097 0.4921 0.751, 0.9049 0.4921 0.751, 0.895 0.4921 0.7733, 0.8675 0.4921 0.8086, 0.7816 0.4921 0.8577, 0.7366 0.4921 0.8632, 0.6871 0.4921 0.8881, 0.7235 0.4921 0.8625, 0.7104 0.4921 0.861, 0.86 0.4921 0.8158, 0.8238 0.4921 0.8413, 0.8378 0.4921 0.5245, 0.8732 0.4921 0.5547, 1.5097 0.4921 0.497, 0.7967 0.4921 0.5044, 0.8991 0.4921 0.5915, 0.9155 0.4921 0.6339, 1.5097 0.4921 0.7041, 0.9211 0.4921 0.6788, 0.9208 0.4921 0.6895, 0.9182 0.4921 0.7041, 0.9132 0.4921 0.7323, 0.7822 0.4921 0.5, 0.7807 0.4921 0.497, 0.7709 0.4921 0.4759, 1.5097 0.4921 0.4335, 0.7541 0.4921 0.455, 0.7319 0.4921 0.4381, 1.5097 0.4921 0.0787, 0.7056 0.4921 0.427, 0.721 0.4921 0.4335, 0.6267 0.4921 0.4335, 0.6472 0.4921 0.4258, 0.1291 0.4921 0.0787, 0.674 0.4921 0.4226, 0.6788 0.4921 0.4227, 0.5801 0.4921 0.4722, 0.5674 0.4921 0.497, 0.5669 0.4921 0.4978, 0.599 0.4921 0.451, 0.6218 0.4921 0.4354, 0.1999 0.4921 0.6947, 0.1946 0.4921 0.6572, 0.5886 0.4921 0.6128, 0.436 0.4921 0.6925, 0.6084 0.4921 0.6308, 0.6325 0.4921 0.6438, 0.418 0.4921 0.5001, 0.4259 0.4921 0.5046, 0.4325 0.4921 0.5108, 0.2658 0.4921 0.6657, 0.271 0.4921 0.6876, 0.2798 0.4921 0.7041, 0.8466 0.4921 0.7041, 0.84 0.4921 0.6361, 0.8254 0.4921 0.6115, 0.768 0.4921 0.6014, 0.8048 0.4921 0.5908, 0.781 0.4921 0.5763, 0.4277 0.4921 0.5602, 0.4205 0.4921 0.5648, 0.4007 0.4921 0.6321, 0.4126 0.4921 0.5676, 0.7257 0.4921 0.6388, 0.7491 0.4921 0.6228, 0.8493 0.4921 0.6811, 0.848 0.4921 0.664, 0.2141 0.4921 0.5807, 0.2368 0.4921 0.549, 0.2676 0.4921 0.5229, 0.3023 0.4921 0.5058, 0.1998 0.4921 0.6168, 0.4053 0.4921 0.5684, 0.4042 0.4921 0.5683, 0.4008 0.4921 0.5675, 0.7005 0.4921 0.6483, 0.674 0.4921 0.6515, 0.66 0.4921 0.6506, 0.3404 0.4921 0.4978, 0.4076 0.4921 0.4978, 0.4103 0.4921 0.498, 0.4406 0.4921 0.5331, 0.4403 0.4921 0.5373, 0.5601 0.4921 0.5479, 0.4381 0.4921 0.5459, 0.4338 0.4921 0.5538, 0.4371 0.4921 0.5181, 0.4398 0.4921 0.5259, 0.5606 0.4921 0.526, 0.5601 0.4921 0.5365, 0.2883 0.4921 0.5959, 0.2758 0.4921 0.6136, 0.268 0.4921 0.6339, 0.2652 0.4921 0.656, 0.3985 0.4921 0.5672, 0.3472 0.4921 0.5672, 0.327 0.4921 0.5711, 0.3069 0.4921 0.5803, 0.29 0.4921 0.594, 0.8366 0.4921 0.7333, 0.8461 0.4921 0.7078, 0.3632 0.4921 0.7448, 0.354 0.4921 0.7448, 0.2816 0.4921 0.7073, 0.2949 0.4921 0.7222, 0.3126 0.4921 0.7345, 0.3325 0.4921 0.7422, 0.3882 0.4921 0.8139, 0.414 0.4921 0.8445, 0.6751 0.4921 0.7778, 0.4161 0.4921 0.8463, 0.448 0.4921 0.8686, 0.6576 0.4921 0.814, 0.8244 0.4921 0.751, 0.6841 0.4921 0.7827, 0.3645 0.4921 0.751, 0.3704 0.4921 0.7773, 0.7097 0.4921 0.7918, 0.7355 0.4921 0.7949, 0.746 0.4921 0.7944, 0.6321 0.4921 0.8445, 0.4837 0.4921 0.8823, 0.6018 0.4921 0.8666, 0.5226 0.4921 0.8872, 0.5647 0.4921 0.8817, 0.7742 0.4921 0.7881, 0.7998 0.4921 0.7749, 0.821 0.4921 0.756, 0.2295 0.4921 0.751, 0.2139 0.4921 0.7294, 0.2037 0.4921 0.7041, -0.4625 0.4921 0.6585, -0.4625 0.4921 0.64, -0.4812 0.4921 0.7041, -0.4661 0.4921 0.5166, -0.4812 0.4921 0.497, -0.4661 0.4921 0.4983, -0.4307 0.4921 0.497, -0.4007 0.4921 0.5166, -0.4307 0.4921 0.5166, -0.4007 0.4921 0.5704, -0.4307 0.4921 0.5704, -0.4579 0.4921 0.5704, -0.4579 0.4921 0.5888, -0.4307 0.4921 0.64, -0.4307 0.4921 0.4983, -0.38 0.4921 0.4983, -0.3692 0.4921 0.497, -0.38 0.4921 0.6585, -0.0499 0.4921 0.5528, -0.053 0.4921 0.5852, -0.0459 0.4921 0.5471, -0.0432 0.4921 0.54, -0.1337 0.4921 0.4983, -0.1137 0.4921 0.4983, -0.0893 0.4921 0.497, -0.1609 0.4921 0.523, -0.1337 0.4921 0.5719, -0.1609 0.4921 0.5023, -0.0347 0.4921 0.497, -0.0456 0.4921 0.5125, -0.043 0.4921 0.5191, -0.0718 0.4921 0.6128, -0.0347 0.4921 0.7041, -0.0569 0.4921 0.6069, -0.053 0.4921 0.6047, -0.1137 0.4921 0.516, -0.1131 0.4921 0.516, -0.1084 0.4921 0.5092, -0.0561 0.4921 0.5582, -0.0646 0.4921 0.5625, -0.067 0.4921 0.594, -0.0798 0.4921 0.5663, -0.0796 0.4921 0.598, -0.1019 0.4921 0.503, -0.0973 0.4921 0.5, -0.0574 0.4921 0.5004, -0.0517 0.4921 0.5046, -0.0498 0.4921 0.5064, -0.1128 0.4921 0.6117, -0.1195 0.4921 0.6079, -0.1619 0.4921 0.5892, -0.1248 0.4921 0.6028, -0.1137 0.4921 0.571, -0.1131 0.4921 0.5793, -0.111 0.4921 0.5867, -0.0418 0.4921 0.5289, -0.0419 0.4921 0.5313, -0.1087 0.4921 0.5909, -0.1057 0.4921 0.5942, -0.1022 0.4921 0.5965, -0.0977 0.4921 0.5982, -0.0905 0.4921 0.599, -0.0924 0.4921 0.6153, -0.1043 0.4921 0.6143, -0.1681 0.4921 0.5185, -0.1702 0.4921 0.5177, -0.1702 0.4921 0.5602, -0.1321 0.4921 0.5873, -0.1618 0.4921 0.5743, -0.129 0.4921 0.5964, -0.161 0.4921 0.5818, -0.17 0.4921 0.5603, -0.1667 0.4921 0.5637, -0.164 0.4921 0.5681, -0.1791 0.4921 0.497, -0.1702 0.4921 0.4335, -0.1919 0.4921 0.4956, -0.2434 0.4921 0.4335, -0.2327 0.4921 0.6102, -0.2327 0.4921 0.5907, -0.1681 0.4921 0.6011, -0.1702 0.4921 0.6029, -0.1702 0.4921 0.7041, -0.1739 0.4921 0.6062, -0.1786 0.4921 0.6091, -0.2372 0.4921 0.5212, -0.2347 0.4921 0.5149, -0.2309 0.4921 0.5096, -0.1893 0.4921 0.6133, -0.2056 0.4921 0.6153, -0.2434 0.4921 0.7041, -0.2196 0.4921 0.6141, -0.2314 0.4921 0.5483, -0.2352 0.4921 0.5427, -0.2374 0.4921 0.5368, -0.2382 0.4921 0.5294, -0.2253 0.4921 0.5047, -0.2195 0.4921 0.5013, -0.2036 0.4921 0.599, -0.1977 0.4921 0.5986, -0.1817 0.4921 0.5836, -0.1923 0.4921 0.5972, -0.1878 0.4921 0.5948, -0.1819 0.4921 0.581, -0.1827 0.4921 0.5778, -0.1841 0.4921 0.5751, -0.1861 0.4921 0.573, -0.1932 0.4921 0.5686, -0.2177 0.4921 0.5973, -0.2056 0.4921 0.5632, -0.229 0.4921 0.5929, -0.2133 0.4921 0.56, -0.2267 0.4921 0.5526, -0.1848 0.4921 0.5921, -0.1831 0.4921 0.5895, -0.1821 0.4921 0.5868, -0.1807 0.4921 0.5136, -0.1914 0.4921 0.5486, -0.1795 0.4921 0.5541, -0.1939 0.4921 0.512, -0.1948 0.4921 0.512, -0.2046 0.4921 0.5431, -0.2051 0.4921 0.5131, -0.2176 0.4921 0.5275, -0.2174 0.4921 0.53, -0.2102 0.4921 0.515, -0.2121 0.4921 0.5162, -0.2144 0.4921 0.5182, -0.2161 0.4921 0.5208, -0.2171 0.4921 0.5236, -0.2165 0.4921 0.5331, -0.2149 0.4921 0.5357, -0.2124 0.4921 0.5384, -0.54 0.4921 0.7962, -0.4812 0.4921 0.7962, -0.5563 0.4921 0.7524, -0.4812 0.4921 0.751, -0.5792 0.4921 0.7524, -2.0984 0.4921 0.751, -2.0984 0.4921 0.9139, -0.5182 0.4921 0.9125, -0.4812 0.4921 0.9139, -0.4733 0.4921 0.7962, -0.4579 0.4921 0.7524, -0.4307 0.4921 0.751, -0.4351 0.4921 0.7524, -0.4307 0.4921 0.9139, -0.4812 0.4921 0.8735, -0.4961 0.4921 0.9125, -0.3692 0.4921 0.9139, -0.2807 0.4921 0.9139, -0.3415 0.4921 0.9125, -0.2958 0.4921 0.9125, -0.2958 0.4921 0.7524, -0.2807 0.4921 0.751, -0.3399 0.4921 0.7524, -0.3692 0.4921 0.751, -0.3671 0.4921 0.7557, -0.4219 0.4921 0.8056, -0.414 0.4921 0.789, -0.4075 0.4921 0.886, -0.4175 0.4921 0.8721, -0.4021 0.4921 0.7748, -0.3854 0.4921 0.7628, -0.3692 0.4921 0.7565, -0.4021 0.4921 0.8913, -0.3659 0.4921 0.9098, -0.3692 0.4921 0.9086, -0.3853 0.4921 0.9028, -0.4235 0.4921 0.8569, -0.4262 0.4921 0.8345, -0.4257 0.4921 0.8244, -0.2434 0.4921 0.9139, -0.2619 0.4921 0.9125, -0.2434 0.4921 0.9125, -0.2619 0.4921 0.8941, -0.2656 0.4921 0.7706, -0.2656 0.4921 0.7524, -0.2434 0.4921 0.751, -0.2001 0.4921 0.7706, -0.2434 0.4921 0.7706, -0.2001 0.4921 0.8245, -0.2434 0.4921 0.8245, -0.2574 0.4921 0.8245, -0.2574 0.4921 0.8428, -0.2434 0.4921 0.8941, -0.1795 0.4921 0.9125, -0.1702 0.4921 0.9139, -0.1795 0.4921 0.7524, -0.1474 0.4921 0.9087, -0.1309 0.4921 0.9135, -0.1263 0.4921 0.9139, -0.2434 0.4921 0.7524, -0.1474 0.4921 0.887, -0.1447 0.4921 0.7576, -0.1137 0.4921 0.7684, -0.1317 0.4921 0.7718, -0.1474 0.4921 0.7788, -0.1474 0.4921 0.759, -0.0571 0.4921 0.7958, -0.0649 0.4921 0.7849, -0.068 0.4921 0.7819, -0.0784 0.4921 0.7745, -0.0898 0.4921 0.7701, -0.1061 0.4921 0.7681, -0.1294 0.4921 0.8942, -0.064 0.4921 0.8765, -0.1456 0.4921 0.888, -0.0565 0.4921 0.8651, -0.0514 0.4921 0.8509, -0.1097 0.4921 0.8965, -0.1035 0.4921 0.8963, -0.066 0.4921 0.8788, -0.0896 0.4921 0.8936, -0.077 0.4921 0.8878, -0.0492 0.4921 0.8306, -0.0494 0.4921 0.8247, -0.0519 0.4921 0.8087, -0.1095 0.4921 0.9152, -0.0347 0.4921 3.4252, -0.1702 0.4921 3.4252, -0.11 0.4921 0.9152, -0.039 0.4921 0.8764, -0.0506 0.4921 0.8916, -0.0543 0.4921 0.8952, -0.0693 0.4921 0.9057, -0.0347 0.4921 0.7929, -0.0301 0.4921 0.8055, -0.0251 0.4921 0.751, -0.0275 0.4921 0.8294, -0.0278 0.4921 0.8377, -0.0251 0.4921 0.9139, -0.0314 0.4921 0.8586, -0.0347 0.4921 0.8663, -0.061 0.4921 0.7608, -0.0481 0.4921 0.7715, -0.0347 0.4921 0.751, -0.0455 0.4921 0.7744, -0.0363 0.4921 0.7883, -0.1031 0.4921 0.7497, -0.0934 0.4921 0.7501, -0.0891 0.4921 0.751, -0.0761 0.4921 0.7537, -0.1643 0.4921 0.5957, -0.0781 0.4921 0.4956, -0.0347 0.4921 0.4335, -0.0893 0.4921 0.497, -0.0741 0.4921 0.4958, -0.067 0.4921 0.497, -0.0649 0.4921 0.4973, -0.3376 0.4921 0.6127, -0.3584 0.4921 0.6127, -0.3692 0.4921 0.7041, -0.4307 0.4921 0.6585, -0.4307 0.4921 0.7041, -0.3128 0.4921 0.497, -0.3009 0.4921 0.5267, -0.3034 0.4921 0.5173, -0.3039 0.4921 0.5173, -0.2807 0.4921 0.7041, -0.2807 0.4921 0.5848, -0.3064 0.4921 0.5266, -0.3048 0.4921 0.5212, -0.2807 0.4921 0.531, -0.2486 0.4921 0.6127, -0.271 0.4921 0.6127, -0.2928 0.4921 0.497, -0.2935 0.4921 0.4986, -0.2807 0.4921 0.4705, -0.2808 0.4921 0.4706, -0.2807 0.4921 0.497, -0.2847 0.4921 0.4778, -0.2527 0.4921 0.4639, -0.2527 0.4921 0.4461, -0.2574 0.4921 0.4624, -0.2641 0.4921 0.4616, -0.2688 0.4921 0.4621, -0.2807 0.4921 0.448, -0.2732 0.4921 0.4453, -0.2807 0.4921 0.4335, -0.2657 0.4921 0.4444, -0.2586 0.4921 0.4449, -0.2732 0.4921 0.4638, -0.277 0.4921 0.4664, -0.3065 0.4921 0.481, -0.3001 0.4921 0.4676, -0.3692 0.4921 0.4335, -0.2914 0.4921 0.4559, -0.2882 0.4921 0.4529, -0.2812 0.4921 0.4481, 2.0984 0.4921 0.0787, 2.0984 0.4921 0.4335, 2.0984 0.4921 0.497, 2.0984 0.4921 0.7041, 2.0984 0.4921 0.751, 2.0984 0.4921 0.9139, 2.0984 0.4921 3.4252, -0.021 0.4921 0.7706, -0.021 0.4921 0.7524, 0.0635 0.4921 0.7524, 0.0428 0.4921 0.9125, 0.0428 0.4921 0.7706, 0.0635 0.4921 0.9125, -0.0251 0.4921 0.497, -0.0226 0.4921 0.4983, 0.0635 0.4921 0.4983, -0.0226 0.4921 0.5166, -0.019 0.4921 0.64, 0.0428 0.4921 0.5704, 0.0428 0.4921 0.5166, -0.0144 0.4921 0.5704, -0.0144 0.4921 0.5888, 0.0428 0.4921 0.5888, 0.0428 0.4921 0.64, 0.0635 0.4921 0.6585, -0.019 0.4921 0.6585, -0.0251 0.4921 3.4252, -0.2434 0.4921 3.4252, -0.2807 0.4921 3.4252, -0.3692 0.4921 3.4252, -0.4307 0.4921 3.4252, -0.4812 0.4921 3.4252, -2.0984 0.4921 3.4252, -0.6585 0.4921 0.4983, -0.6356 0.4921 0.4983, -0.7569 0.4921 0.4983, -0.7406 0.4921 0.5421, -0.6739 0.4921 0.5421, -0.7797 0.4921 0.4983, -2.0984 0.4921 0.497, -0.7187 0.4921 0.6585, -2.0984 0.4921 0.7041, -0.6224 0.4921 0.5516, -0.6263 0.4921 0.5703, -0.6966 0.4921 0.6585, -0.6268 0.4921 0.5804, -0.624 0.4921 0.6029, -0.6146 0.4921 0.535, -0.6026 0.4921 0.5207, -0.5859 0.4921 0.5088, -0.4964 0.4921 0.6585, -0.4964 0.4921 0.4983, -0.5404 0.4921 0.4983, -0.5677 0.4921 0.5016, -0.6026 0.4921 0.6373, -0.608 0.4921 0.632, -0.618 0.4921 0.6181, -0.5421 0.4921 0.6585, -0.5665 0.4921 0.6558, -0.5858 0.4921 0.6487, -0.4307 0.4921 0.4335, -0.4812 0.4921 0.4335, -2.0984 0.4921 0.4335, -0.0251 0.4921 0.0787, -0.0347 0.4921 0.0787, -0.1702 0.4921 0.0787, -0.2434 0.4921 0.0787, -0.2807 0.4921 0.0787, -0.3692 0.4921 0.0787, -0.4307 0.4921 0.0787, -0.4812 0.4921 0.0787, -2.0984 0.4921 0.0787, 2.0984 0.374 0.0787, -2.0984 0.374 0.0787, -0.6969 0.1969 3.3071, -0.6969 -0.1969 3.3071, -0.6969 0.1969 0.1969, -0.6969 -0.1969 0.1969, -0.3031 0.1969 3.3071, -0.3031 0.1969 0.1969, -0.3031 -0.1969 3.3071, -0.3031 -0.1969 0.1969, 1.6969 0.1969 3.3071, 1.3031 0.1969 3.3071, 1.6969 0.1969 0.1969, 1.3031 0.1969 0.1969, 1.3031 -0.1969 3.3071, 1.3031 -0.1969 0.1969, 1.6969 -0.1969 3.3071, 1.6969 -0.1969 0.1969, 0.6969 0.1969 3.3071, 0.3031 0.1969 3.3071, 0.6969 0.1969 0.1969, 0.3031 0.1969 0.1969, 0.3031 -0.1969 3.3071, 0.3031 -0.1969 0.1969, 0.6969 -0.1969 3.3071, 0.6969 -0.1969 0.1969, -1.3031 0.1969 3.3071, -1.6969 0.1969 3.3071, -1.3031 0.1969 0.1969, -1.6969 0.1969 0.1969, -1.6969 -0.1969 3.3071, -1.6969 -0.1969 0.1969, -1.3031 -0.1969 3.3071, -1.3031 -0.1969 0.1969, -1.185 0.315 3.4252, -2.0984 -0.4921 3.4252, 2.0984 -0.4921 3.4252, 1.185 -0.315 3.4252, 1.815 -0.315 3.4252, -0.185 0.315 3.4252, 0.185 -0.315 3.4252, 0.815 -0.315 3.4252, 0.815 0.315 3.4252, 1.185 0.315 3.4252, -0.815 0.315 3.4252, 1.815 0.315 3.4252, 0.185 0.315 3.4252, -0.815 -0.315 3.4252, -0.185 -0.315 3.4252, -1.185 -0.315 3.4252, -1.815 -0.315 3.4252, -1.815 0.315 3.4252, -2.0984 -0.374 0.0787, -2.0984 -0.4921 0.0787, -2.0984 -0.374 0.1969, -2.0984 0.374 0.1969, 2.0984 -0.4921 0.0787, 2.0984 -0.374 0.1969, 2.0984 -0.374 0.0787, 2.0984 0.374 0.1969
            ]
        }
        coordIndex [
            0,1,2,-1,3,4,5,-1,6,7,8,-1,9,10,11,-1,12,13,14,-1,15,16,17,-1,18,19,20,-1,21,22,23,-1,24,25,26,-1,26,25,3,-1,27,28,26,-1,26,28,29,-1,29,30,26,-1,26,30,31,-1,26,31,24,-1,32,33,34,-1,35,36,37,-1,37,36,34,-1,34,36,38,-1,34,38,32,-1,35,37,39,-1,39,37,40,-1,39,40,41,-1,42,43,40,-1,40,43,44,-1,40,44,45,-1,40,46,41,-1,41,46,47,-1,41,47,48,-1,48,47,49,-1,48,49,50,-1,45,51,40,-1,40,51,52,-1,40,52,46,-1,53,54,55,-1,53,55,56,-1,54,57,55,-1,55,57,58,-1,55,58,59,-1,59,58,60,-1,60,61,59,-1,59,61,62,-1,59,62,42,-1,42,62,63,-1,42,63,43,-1,64,56,65,-1,65,56,55,-1,65,55,66,-1,66,55,67,-1,66,67,68,-1,68,67,69,-1,70,71,67,-1,67,71,72,-1,67,72,69,-1,73,74,75,-1,75,74,76,-1,75,76,70,-1,70,76,77,-1,70,77,71,-1,78,1,79,-1,79,1,0,-1,79,0,80,-1,78,81,1,-1,1,81,82,-1,1,82,73,-1,83,84,4,-1,85,86,87,-1,87,86,88,-1,89,90,80,-1,80,90,91,-1,92,93,86,-1,86,93,94,-1,86,94,95,-1,96,97,98,-1,98,97,99,-1,98,99,100,-1,101,102,103,-1,103,102,104,-1,105,95,106,-1,106,95,107,-1,106,107,98,-1,98,107,108,-1,98,108,96,-1,109,110,0,-1,0,110,111,-1,0,111,112,-1,4,84,0,-1,0,84,113,-1,0,113,109,-1,104,114,103,-1,103,114,115,-1,103,115,116,-1,105,117,95,-1,95,117,118,-1,95,118,86,-1,86,118,119,-1,86,119,88,-1,112,120,0,-1,0,120,121,-1,0,121,80,-1,80,121,122,-1,80,122,89,-1,123,124,125,-1,125,124,126,-1,125,126,103,-1,103,126,127,-1,103,127,101,-1,91,128,80,-1,80,128,129,-1,80,129,130,-1,130,129,123,-1,130,123,131,-1,131,123,125,-1,132,133,103,-1,103,133,134,-1,103,134,86,-1,86,134,135,-1,86,135,92,-1,116,136,103,-1,103,136,137,-1,103,137,138,-1,138,139,103,-1,103,139,140,-1,103,140,132,-1,141,142,143,-1,142,95,143,-1,143,95,94,-1,143,94,144,-1,144,94,145,-1,145,146,144,-1,144,146,147,-1,144,147,148,-1,149,150,151,-1,150,152,151,-1,151,152,153,-1,151,153,154,-1,155,151,156,-1,141,143,155,-1,155,143,157,-1,155,157,151,-1,151,157,158,-1,151,158,149,-1,156,159,155,-1,155,159,160,-1,155,160,161,-1,154,153,162,-1,162,153,163,-1,162,163,164,-1,164,163,165,-1,164,165,166,-1,167,168,161,-1,161,168,169,-1,161,169,155,-1,25,170,3,-1,3,170,171,-1,3,171,4,-1,4,171,172,-1,4,172,83,-1,173,174,175,-1,175,174,176,-1,175,176,177,-1,177,176,178,-1,177,178,179,-1,180,181,182,-1,182,181,183,-1,183,181,184,-1,184,181,176,-1,184,176,185,-1,185,176,174,-1,185,174,23,-1,23,174,186,-1,23,186,21,-1,178,187,179,-1,179,187,188,-1,179,188,189,-1,189,188,190,-1,191,192,193,-1,193,192,194,-1,195,196,197,-1,198,199,200,-1,200,199,195,-1,201,202,203,-1,204,205,206,-1,206,205,207,-1,208,209,196,-1,196,209,210,-1,191,211,192,-1,192,211,212,-1,192,212,213,-1,213,212,214,-1,213,214,215,-1,210,216,196,-1,196,216,217,-1,196,217,197,-1,218,219,201,-1,201,219,220,-1,201,220,202,-1,221,222,223,-1,223,222,224,-1,225,226,214,-1,214,226,227,-1,203,228,201,-1,201,228,229,-1,201,229,205,-1,205,229,194,-1,205,194,207,-1,207,194,192,-1,227,230,214,-1,214,230,231,-1,214,231,232,-1,232,233,214,-1,214,233,234,-1,214,234,215,-1,204,235,205,-1,205,235,236,-1,205,236,221,-1,237,238,239,-1,240,199,241,-1,224,242,223,-1,223,242,240,-1,223,240,243,-1,243,240,241,-1,237,239,198,-1,239,244,198,-1,198,244,245,-1,198,245,199,-1,199,245,246,-1,199,246,241,-1,18,20,247,-1,247,20,248,-1,247,248,249,-1,249,248,16,-1,16,248,250,-1,16,250,17,-1,251,252,17,-1,253,254,255,-1,255,254,256,-1,255,256,257,-1,258,259,17,-1,17,259,260,-1,257,261,255,-1,255,261,262,-1,255,262,263,-1,263,262,264,-1,263,264,251,-1,265,266,252,-1,252,266,267,-1,252,267,17,-1,17,267,268,-1,17,268,258,-1,260,269,17,-1,17,269,270,-1,17,270,15,-1,271,272,273,-1,273,272,274,-1,273,274,275,-1,273,276,271,-1,271,276,277,-1,271,277,278,-1,278,279,271,-1,271,279,280,-1,271,280,281,-1,281,280,282,-1,281,282,283,-1,283,282,284,-1,283,284,252,-1,252,284,285,-1,252,285,265,-1,286,287,275,-1,275,287,288,-1,275,288,273,-1,289,290,238,-1,238,290,291,-1,238,291,239,-1,289,292,290,-1,290,292,293,-1,290,293,294,-1,294,293,295,-1,294,296,297,-1,295,298,294,-1,294,298,299,-1,294,299,300,-1,300,301,294,-1,294,301,302,-1,294,302,296,-1,297,303,294,-1,294,303,304,-1,294,304,305,-1,306,307,308,-1,308,307,309,-1,308,309,310,-1,311,312,313,-1,313,312,314,-1,307,315,309,-1,309,315,316,-1,309,316,317,-1,317,316,318,-1,317,318,319,-1,319,318,320,-1,319,320,314,-1,314,320,321,-1,314,321,313,-1,322,323,324,-1,324,323,325,-1,325,323,326,-1,326,323,327,-1,326,327,328,-1,328,327,329,-1,328,329,330,-1,331,332,317,-1,333,334,319,-1,332,335,317,-1,317,335,336,-1,317,336,329,-1,329,336,337,-1,329,337,330,-1,333,319,338,-1,324,339,322,-1,322,339,340,-1,322,340,319,-1,319,340,341,-1,319,341,338,-1,334,342,319,-1,319,342,343,-1,319,343,317,-1,317,343,344,-1,317,344,331,-1,323,345,346,-1,346,345,347,-1,346,348,323,-1,323,348,349,-1,323,349,327,-1,327,349,350,-1,327,350,351,-1,352,353,354,-1,354,353,355,-1,355,353,356,-1,356,353,349,-1,356,349,357,-1,357,349,348,-1,357,348,14,-1,14,348,358,-1,14,358,12,-1,347,345,359,-1,359,345,360,-1,359,360,361,-1,362,360,363,-1,363,360,364,-1,350,365,351,-1,351,365,361,-1,351,361,11,-1,11,361,360,-1,11,360,366,-1,366,360,362,-1,9,11,367,-1,368,369,366,-1,366,369,370,-1,366,370,11,-1,11,370,371,-1,11,371,367,-1,372,373,366,-1,366,373,374,-1,366,374,375,-1,375,376,366,-1,366,376,377,-1,366,377,368,-1,378,379,380,-1,380,379,381,-1,380,381,382,-1,378,383,379,-1,379,383,384,-1,379,384,385,-1,385,384,386,-1,385,386,387,-1,382,388,380,-1,380,388,389,-1,380,389,366,-1,366,389,390,-1,366,390,372,-1,7,391,392,-1,392,391,393,-1,393,391,394,-1,393,394,364,-1,8,395,396,-1,396,397,8,-1,8,397,398,-1,8,398,6,-1,399,400,401,-1,402,403,404,-1,404,403,405,-1,404,405,8,-1,8,405,406,-1,8,406,395,-1,407,408,409,-1,409,408,410,-1,409,410,411,-1,412,413,205,-1,205,413,414,-1,205,414,409,-1,409,414,415,-1,409,415,407,-1,10,412,255,-1,255,412,205,-1,255,205,253,-1,253,205,221,-1,253,221,416,-1,416,221,223,-1,417,418,419,-1,419,418,248,-1,419,248,197,-1,197,248,20,-1,197,20,195,-1,195,20,19,-1,195,19,200,-1,417,420,418,-1,418,420,421,-1,418,421,201,-1,201,421,422,-1,201,422,218,-1,423,424,425,-1,173,175,426,-1,426,175,427,-1,426,427,190,-1,190,427,425,-1,190,425,189,-1,189,425,424,-1,189,424,428,-1,429,430,431,-1,425,432,423,-1,423,432,433,-1,423,433,434,-1,434,433,429,-1,434,429,435,-1,435,429,431,-1,436,437,17,-1,251,17,263,-1,263,17,437,-1,263,437,432,-1,432,437,438,-1,432,438,433,-1,439,440,436,-1,441,442,443,-1,443,442,444,-1,443,444,439,-1,439,436,443,-1,443,436,17,-1,443,17,445,-1,445,17,250,-1,445,250,446,-1,445,447,443,-1,443,447,448,-1,443,448,449,-1,450,451,452,-1,452,451,453,-1,452,453,250,-1,250,453,454,-1,250,454,446,-1,449,455,443,-1,443,455,456,-1,443,456,441,-1,457,458,459,-1,457,459,428,-1,458,460,459,-1,459,460,461,-1,459,461,452,-1,452,461,462,-1,452,462,450,-1,463,70,464,-1,464,70,67,-1,464,67,465,-1,465,67,55,-1,465,55,466,-1,466,55,59,-1,466,59,467,-1,467,59,42,-1,467,42,468,-1,468,42,40,-1,468,40,469,-1,469,40,37,-1,470,471,401,-1,401,471,472,-1,473,404,26,-1,400,402,401,-1,401,402,404,-1,401,404,470,-1,470,404,473,-1,470,473,474,-1,5,401,3,-1,3,401,472,-1,3,472,26,-1,26,472,475,-1,26,475,473,-1,476,477,478,-1,477,476,479,-1,479,476,5,-1,479,5,480,-1,481,482,483,-1,483,482,479,-1,483,479,484,-1,484,479,480,-1,484,480,485,-1,485,480,486,-1,2,476,0,-1,0,476,478,-1,0,478,4,-1,4,478,487,-1,4,487,5,-1,5,487,488,-1,5,488,480,-1,7,392,8,-1,8,392,489,-1,8,489,404,-1,404,489,34,-1,404,34,26,-1,26,34,33,-1,26,33,27,-1,2,418,476,-1,476,418,201,-1,476,201,5,-1,5,201,205,-1,5,205,401,-1,401,205,409,-1,401,409,399,-1,399,409,411,-1,10,255,11,-1,11,255,263,-1,11,263,351,-1,351,263,432,-1,351,432,327,-1,327,432,425,-1,327,425,329,-1,329,425,427,-1,329,427,317,-1,317,427,175,-1,317,175,309,-1,364,360,393,-1,393,360,345,-1,393,345,490,-1,490,345,323,-1,490,323,491,-1,491,323,322,-1,491,322,492,-1,492,322,319,-1,492,319,493,-1,493,319,314,-1,493,314,494,-1,494,314,312,-1,494,312,495,-1,496,497,177,-1,498,499,500,-1,500,496,498,-1,498,496,177,-1,498,177,501,-1,501,177,502,-1,501,502,503,-1,503,502,504,-1,505,497,506,-1,506,497,507,-1,506,507,508,-1,508,507,509,-1,505,510,497,-1,497,510,511,-1,497,511,512,-1,513,175,514,-1,514,175,177,-1,514,177,515,-1,515,177,497,-1,515,497,516,-1,516,497,512,-1,313,310,311,-1,311,310,309,-1,311,309,504,-1,504,309,175,-1,504,175,503,-1,503,175,507,-1,517,518,507,-1,507,518,519,-1,507,519,509,-1,513,520,175,-1,175,520,521,-1,175,521,507,-1,507,521,522,-1,507,522,517,-1,428,459,189,-1,189,459,523,-1,189,523,179,-1,179,523,524,-1,179,524,177,-1,177,524,525,-1,177,525,502,-1,73,75,1,-1,1,75,526,-1,1,526,2,-1,2,526,527,-1,2,527,418,-1,418,527,528,-1,418,528,248,-1,248,528,529,-1,248,529,250,-1,250,529,530,-1,250,530,452,-1,452,530,531,-1,452,531,459,-1,459,531,532,-1,459,532,523,-1,523,532,533,-1,523,533,524,-1,524,533,534,-1,524,534,525,-1,535,536,526,-1,526,75,535,-1,535,75,70,-1,535,70,463,-1,529,528,536,-1,536,528,527,-1,536,527,526,-1,534,533,536,-1,536,533,532,-1,532,531,536,-1,536,531,530,-1,536,530,529,-1,537,538,539,-1,539,538,540,-1,541,537,542,-1,542,537,539,-1,543,541,544,-1,544,541,542,-1,538,543,540,-1,540,543,544,-1,545,546,547,-1,547,546,548,-1,546,549,548,-1,548,549,550,-1,549,551,550,-1,550,551,552,-1,551,545,552,-1,552,545,547,-1,553,554,555,-1,555,554,556,-1,554,557,556,-1,556,557,558,-1,557,559,558,-1,558,559,560,-1,559,553,560,-1,560,553,555,-1,561,562,563,-1,563,562,564,-1,562,565,564,-1,564,565,566,-1,565,567,566,-1,566,567,568,-1,567,561,568,-1,568,561,563,-1,569,494,495,-1,570,571,572,-1,572,571,573,-1,574,489,392,-1,392,393,574,-1,574,393,490,-1,574,490,491,-1,575,570,576,-1,576,570,572,-1,576,572,577,-1,577,572,578,-1,491,492,574,-1,574,492,493,-1,574,493,579,-1,573,571,580,-1,580,571,469,-1,580,469,578,-1,578,469,37,-1,578,37,577,-1,577,37,34,-1,577,34,581,-1,582,570,583,-1,583,570,575,-1,583,575,574,-1,574,575,581,-1,574,581,489,-1,489,581,34,-1,493,494,579,-1,579,494,569,-1,579,569,582,-1,582,569,584,-1,582,584,570,-1,570,584,585,-1,570,585,495,-1,495,585,586,-1,495,586,569,-1,587,588,589,-1,589,588,570,-1,570,495,589,-1,589,495,312,-1,589,312,311,-1,534,536,525,-1,525,536,590,-1,525,590,502,-1,502,590,589,-1,502,589,504,-1,504,589,311,-1,571,570,591,-1,591,570,588,-1,571,591,592,-1,592,591,593,-1,535,463,594,-1,594,463,464,-1,594,464,592,-1,592,464,465,-1,592,465,466,-1,469,571,468,-1,468,571,592,-1,468,592,467,-1,467,592,466,-1,593,591,587,-1,587,591,588,-1,574,541,583,-1,583,541,543,-1,579,537,574,-1,574,537,541,-1,538,582,543,-1,543,582,583,-1,582,538,579,-1,579,538,537,-1,578,546,580,-1,580,546,545,-1,580,545,573,-1,573,545,551,-1,549,572,551,-1,551,572,573,-1,572,549,578,-1,578,549,546,-1,581,554,577,-1,577,554,553,-1,577,553,576,-1,576,553,559,-1,557,575,559,-1,559,575,576,-1,575,557,581,-1,581,557,554,-1,586,562,569,-1,569,562,561,-1,569,561,584,-1,584,561,567,-1,565,585,567,-1,567,585,584,-1,585,565,586,-1,586,565,562,-1,589,550,592,-1,592,550,552,-1,592,552,594,-1,589,540,544,-1,563,564,590,-1,560,555,548,-1,552,547,594,-1,594,547,548,-1,594,548,590,-1,590,548,555,-1,590,555,556,-1,590,564,589,-1,564,566,589,-1,589,566,568,-1,589,568,540,-1,540,568,539,-1,548,550,560,-1,560,550,589,-1,560,589,558,-1,558,589,544,-1,558,544,556,-1,556,544,542,-1,556,542,590,-1,590,542,539,-1,590,539,563,-1,563,539,568,-1,594,590,535,-1,535,590,536,-1,589,592,587,-1,587,592,593,-1,
        ]
    }
}
Shape{
    appearance Appearance {
        material  Material {
            diffuseColor 1.0 1.0 1.0
            specularColor 0.5019607843137255 0.5019607843137255 0.5019607843137255
            ambientIntensity 1.0
            transparency 0.0
            shininess 0.5
        }
    }
    geometry IndexedFaceSet {
        ccw TRUE
        solid FALSE
        coord DEF co Coordinate {
            point [
                -0.021 0.4961 0.7706, -0.021 0.4961 0.7524, -0.021 0.4921 0.7706, -0.021 0.4921 0.7524, 0.0428 0.4961 0.7706, 0.0428 0.4921 0.7706, 0.0428 0.4961 0.9125, 0.0428 0.4921 0.9125, 0.0635 0.4961 0.9125, 0.0635 0.4921 0.9125, 0.0635 0.4961 0.7524, 0.0635 0.4921 0.7524, -0.1031 0.4961 0.7497, -0.1031 0.4921 0.7497, -0.1275 0.4961 0.752, -0.1172 0.4921 0.751, -0.1275 0.4921 0.752, -0.1447 0.4921 0.7576, -0.1447 0.4961 0.7576, -0.1474 0.4921 0.759, -0.1474 0.4961 0.759, -0.1474 0.4961 0.7788, -0.1474 0.4921 0.7788, -0.1317 0.4921 0.7718, -0.1317 0.4961 0.7718, -0.1137 0.4921 0.7684, -0.1137 0.4961 0.7684, -0.1061 0.4921 0.7681, -0.1061 0.4961 0.7681, -0.0898 0.4921 0.7701, -0.0898 0.4961 0.7701, -0.0784 0.4921 0.7745, -0.0784 0.4961 0.7745, -0.068 0.4921 0.7819, -0.068 0.4961 0.7819, -0.0649 0.4921 0.7849, -0.0649 0.4961 0.7849, -0.0571 0.4921 0.7958, -0.0571 0.4961 0.7958, -0.0519 0.4921 0.8087, -0.0519 0.4961 0.8087, -0.0494 0.4921 0.8247, -0.0494 0.4961 0.8247, -0.0492 0.4921 0.8306, -0.0492 0.4961 0.8306, -0.0514 0.4921 0.8509, -0.0514 0.4961 0.8509, -0.0565 0.4921 0.8651, -0.0565 0.4961 0.8651, -0.064 0.4921 0.8765, -0.064 0.4961 0.8765, -0.066 0.4921 0.8788, -0.066 0.4961 0.8788, -0.077 0.4921 0.8878, -0.077 0.4961 0.8878, -0.0896 0.4921 0.8936, -0.0896 0.4961 0.8936, -0.1035 0.4921 0.8963, -0.1035 0.4961 0.8963, -0.1097 0.4921 0.8965, -0.1097 0.4961 0.8965, -0.1294 0.4921 0.8942, -0.1294 0.4961 0.8942, -0.1456 0.4921 0.888, -0.1456 0.4961 0.888, -0.1474 0.4921 0.887, -0.1474 0.4961 0.887, -0.1474 0.4961 0.9087, -0.1474 0.4921 0.9087, -0.1095 0.4921 0.9152, -0.1095 0.4961 0.9152, -0.11 0.4961 0.9152, -0.1309 0.4921 0.9135, -0.1309 0.4961 0.9135, -0.1263 0.4921 0.9139, -0.11 0.4921 0.9152, -0.0985 0.4921 0.9139, -0.086 0.4961 0.9123, -0.086 0.4921 0.9123, -0.0693 0.4921 0.9057, -0.0693 0.4961 0.9057, -0.0543 0.4921 0.8952, -0.0543 0.4961 0.8952, -0.0506 0.4921 0.8916, -0.0506 0.4961 0.8916, -0.039 0.4921 0.8764, -0.0347 0.4921 0.8663, -0.0314 0.4961 0.8586, -0.039 0.4961 0.8764, -0.0314 0.4921 0.8586, -0.0278 0.4921 0.8377, -0.0278 0.4961 0.8377, -0.0275 0.4921 0.8294, -0.0275 0.4961 0.8294, -0.0301 0.4921 0.8055, -0.0347 0.4921 0.7929, -0.0363 0.4961 0.7883, -0.0301 0.4961 0.8055, -0.0363 0.4921 0.7883, -0.0455 0.4921 0.7744, -0.0455 0.4961 0.7744, -0.0481 0.4921 0.7715, -0.0481 0.4961 0.7715, -0.0761 0.4921 0.7537, -0.061 0.4961 0.7608, -0.061 0.4921 0.7608, -0.0891 0.4921 0.751, -0.0934 0.4961 0.7501, -0.0761 0.4961 0.7537, -0.0934 0.4921 0.7501, -0.2656 0.4961 0.7706, -0.2656 0.4961 0.7524, -0.2656 0.4921 0.7706, -0.2656 0.4921 0.7524, -0.2001 0.4921 0.7706, -0.2001 0.4961 0.7706, -0.2434 0.4921 0.7706, -0.2001 0.4961 0.8245, -0.2001 0.4921 0.8245, -0.2574 0.4921 0.8245, -0.2574 0.4961 0.8245, -0.2434 0.4921 0.8245, -0.2574 0.4961 0.8428, -0.2574 0.4921 0.8428, -0.2001 0.4921 0.8428, -0.2001 0.4961 0.8428, -0.2434 0.4921 0.8428, -0.2001 0.4961 0.8941, -0.2001 0.4921 0.8941, -0.2619 0.4921 0.8941, -0.2619 0.4961 0.8941, -0.2434 0.4921 0.8941, -0.2619 0.4961 0.9125, -0.2619 0.4921 0.9125, -0.1795 0.4921 0.9125, -0.1795 0.4961 0.9125, -0.2434 0.4921 0.9125, -0.1795 0.4961 0.7524, -0.1795 0.4921 0.7524, -0.2434 0.4921 0.7524, -0.3953 0.4961 0.7972, -0.3874 0.4961 0.7873, -0.4021 0.4961 0.7748, -0.3844 0.4961 0.7846, -0.3854 0.4961 0.7628, -0.3738 0.4961 0.7777, -0.3671 0.4961 0.7557, -0.3601 0.4961 0.7728, -0.3399 0.4961 0.7524, -0.3398 0.4961 0.7706, -0.2958 0.4961 0.7524, -0.3165 0.4961 0.7706, -0.2958 0.4961 0.9125, -0.3165 0.4961 0.8941, -0.3415 0.4961 0.9125, -0.3407 0.4961 0.8941, -0.3659 0.4961 0.9098, -0.3613 0.4961 0.8918, -0.3853 0.4961 0.9028, -0.3752 0.4961 0.8868, -0.4021 0.4961 0.8913, -0.3869 0.4961 0.879, -0.4075 0.4961 0.886, -0.3922 0.4961 0.8737, -0.4175 0.4961 0.8721, -0.3982 0.4961 0.8645, -0.4235 0.4961 0.8569, -0.4025 0.4961 0.8523, -0.4262 0.4961 0.8345, -0.4045 0.4961 0.8339, -0.4257 0.4961 0.8244, -0.4039 0.4961 0.8238, -0.4219 0.4961 0.8056, -0.4008 0.4961 0.8091, -0.414 0.4961 0.789, -0.3399 0.4921 0.7524, -0.2958 0.4921 0.7524, -0.4021 0.4921 0.7748, -0.3671 0.4921 0.7557, -0.3692 0.4921 0.7565, -0.3854 0.4921 0.7628, -0.414 0.4921 0.789, -0.4219 0.4921 0.8056, -0.4257 0.4921 0.8244, -0.4262 0.4921 0.8345, -0.4235 0.4921 0.8569, -0.4175 0.4921 0.8721, -0.4075 0.4921 0.886, -0.4021 0.4921 0.8913, -0.3853 0.4921 0.9028, -0.3692 0.4921 0.9086, -0.3659 0.4921 0.9098, -0.3415 0.4921 0.9125, -0.2958 0.4921 0.9125, -0.3407 0.4921 0.8941, -0.3165 0.4921 0.8941, -0.3165 0.4921 0.7706, -0.3398 0.4921 0.7706, -0.3874 0.4921 0.7873, -0.3844 0.4921 0.7846, -0.3738 0.4921 0.7777, -0.3601 0.4921 0.7728, -0.4045 0.4921 0.8339, -0.4039 0.4921 0.8238, -0.4008 0.4921 0.8091, -0.3953 0.4921 0.7972, -0.3869 0.4921 0.879, -0.3922 0.4921 0.8737, -0.3982 0.4921 0.8645, -0.4025 0.4921 0.8523, -0.3613 0.4921 0.8918, -0.3752 0.4921 0.8868
            ]
        }
        coordIndex [
            0,1,2,-1,2,1,3,-1,4,0,5,-1,5,0,2,-1,6,4,7,-1,7,4,5,-1,8,6,9,-1,9,6,7,-1,10,8,11,-1,11,8,9,-1,1,10,3,-1,3,10,11,-1,6,8,4,-1,4,8,10,-1,4,10,0,-1,0,10,1,-1,12,13,14,-1,14,13,15,-1,15,16,14,-1,14,16,17,-1,14,17,18,-1,18,17,19,-1,18,19,20,-1,21,20,22,-1,22,20,19,-1,21,22,23,-1,21,23,24,-1,24,23,25,-1,24,25,26,-1,26,25,27,-1,26,27,28,-1,28,27,29,-1,28,29,30,-1,30,29,31,-1,30,31,32,-1,32,31,33,-1,32,33,34,-1,34,33,35,-1,34,35,36,-1,36,35,37,-1,36,37,38,-1,38,37,39,-1,38,39,40,-1,40,39,41,-1,40,41,42,-1,42,41,43,-1,42,43,44,-1,44,43,45,-1,44,45,46,-1,46,45,47,-1,46,47,48,-1,48,47,49,-1,48,49,50,-1,50,49,51,-1,50,51,52,-1,52,51,53,-1,52,53,54,-1,54,53,55,-1,54,55,56,-1,56,55,57,-1,56,57,58,-1,58,57,59,-1,58,59,60,-1,60,59,61,-1,60,61,62,-1,62,61,63,-1,62,63,64,-1,64,63,65,-1,64,65,66,-1,67,66,68,-1,68,66,65,-1,69,70,71,-1,67,68,72,-1,67,72,73,-1,73,72,74,-1,73,74,71,-1,71,74,75,-1,71,75,69,-1,70,69,76,-1,70,76,77,-1,76,78,77,-1,77,78,79,-1,77,79,80,-1,80,79,81,-1,80,81,82,-1,82,81,83,-1,82,83,84,-1,84,83,85,-1,86,87,85,-1,85,87,88,-1,85,88,84,-1,86,89,87,-1,87,89,90,-1,87,90,91,-1,91,90,92,-1,91,92,93,-1,93,92,94,-1,95,96,94,-1,94,96,97,-1,94,97,93,-1,95,98,96,-1,96,98,99,-1,96,99,100,-1,100,99,101,-1,100,101,102,-1,103,104,105,-1,105,104,102,-1,105,102,101,-1,106,107,103,-1,103,107,108,-1,103,108,104,-1,106,109,107,-1,107,109,13,-1,107,13,12,-1,64,66,67,-1,46,48,88,-1,64,67,62,-1,62,67,73,-1,62,73,60,-1,60,73,71,-1,60,71,58,-1,58,71,70,-1,58,70,56,-1,56,70,77,-1,56,77,54,-1,20,21,18,-1,18,21,24,-1,18,24,14,-1,14,24,26,-1,14,26,12,-1,12,26,28,-1,12,28,107,-1,107,28,30,-1,107,30,108,-1,108,30,32,-1,108,32,104,-1,104,32,34,-1,104,34,102,-1,102,34,36,-1,102,36,100,-1,100,36,38,-1,100,38,96,-1,88,48,84,-1,77,80,54,-1,54,80,82,-1,54,82,52,-1,52,82,84,-1,52,84,50,-1,50,84,48,-1,93,44,91,-1,91,44,46,-1,91,46,87,-1,87,46,88,-1,96,38,97,-1,97,38,40,-1,97,40,93,-1,93,40,42,-1,93,42,44,-1,110,111,112,-1,112,111,113,-1,114,115,116,-1,116,115,110,-1,116,110,112,-1,117,115,118,-1,118,115,114,-1,119,120,121,-1,121,120,117,-1,121,117,118,-1,122,120,123,-1,123,120,119,-1,124,125,126,-1,126,125,122,-1,126,122,123,-1,127,125,128,-1,128,125,124,-1,129,130,131,-1,131,130,127,-1,131,127,128,-1,132,130,133,-1,133,130,129,-1,134,135,136,-1,136,135,132,-1,136,132,133,-1,137,135,138,-1,138,135,134,-1,113,111,139,-1,139,111,137,-1,139,137,138,-1,137,111,110,-1,110,115,137,-1,137,115,117,-1,137,117,135,-1,130,132,127,-1,127,132,135,-1,127,135,125,-1,125,135,117,-1,125,117,122,-1,122,117,120,-1,140,141,142,-1,142,141,143,-1,142,143,144,-1,144,143,145,-1,144,145,146,-1,146,145,147,-1,146,147,148,-1,148,147,149,-1,148,149,150,-1,150,149,151,-1,150,151,152,-1,152,151,153,-1,152,153,154,-1,154,153,155,-1,154,155,156,-1,156,155,157,-1,156,157,158,-1,158,157,159,-1,158,159,160,-1,160,159,161,-1,160,161,162,-1,162,161,163,-1,162,163,164,-1,164,163,165,-1,164,165,166,-1,166,165,167,-1,166,167,168,-1,168,167,169,-1,168,169,170,-1,170,169,171,-1,170,171,172,-1,172,171,173,-1,172,173,174,-1,174,173,140,-1,174,140,142,-1,148,150,175,-1,175,150,176,-1,177,142,144,-1,148,175,178,-1,148,178,146,-1,146,178,179,-1,146,179,144,-1,144,179,180,-1,144,180,177,-1,142,177,181,-1,142,181,174,-1,174,181,182,-1,174,182,172,-1,172,182,183,-1,172,183,170,-1,170,183,184,-1,170,184,168,-1,168,184,185,-1,168,185,166,-1,166,185,186,-1,166,186,164,-1,164,186,187,-1,164,187,162,-1,162,187,188,-1,162,188,160,-1,160,188,189,-1,190,156,189,-1,189,156,158,-1,189,158,160,-1,190,191,156,-1,156,191,192,-1,156,192,154,-1,152,154,193,-1,193,154,192,-1,150,152,176,-1,176,152,193,-1,155,153,194,-1,194,153,195,-1,153,151,195,-1,195,151,196,-1,151,149,196,-1,196,149,197,-1,141,198,199,-1,141,199,143,-1,143,199,200,-1,143,200,145,-1,145,200,201,-1,145,201,147,-1,147,201,197,-1,147,197,149,-1,169,202,203,-1,169,203,171,-1,171,203,204,-1,171,204,173,-1,173,204,205,-1,173,205,140,-1,140,205,198,-1,140,198,141,-1,161,206,207,-1,161,207,163,-1,163,207,208,-1,163,208,165,-1,165,208,209,-1,165,209,167,-1,167,209,202,-1,167,202,169,-1,155,194,210,-1,155,210,157,-1,157,210,211,-1,157,211,159,-1,159,211,206,-1,159,206,161,-1,
        ]
    }
}
Shape{
    appearance Appearance {
        material  Material {
            diffuseColor 0.2235294117647059 0.2235294117647059 0.2235294117647059
            specularColor 0.11372549019607843 0.11372549019607843 0.11372549019607843
            ambientIntensity 0.2235
            transparency 0.0
            shininess 0.5
        }
    }
    geometry IndexedFaceSet {
        ccw TRUE
        solid FALSE
        coord DEF co Coordinate {
            point [
                -0.3165 0.4921 0.8941, -0.3165 0.4921 0.7706, -0.3407 0.4921 0.8941, -0.3398 0.4921 0.7706, -0.3601 0.4921 0.7728, -0.3738 0.4921 0.7777, -0.3844 0.4921 0.7846, -0.3874 0.4921 0.7873, -0.3953 0.4921 0.7972, -0.4008 0.4921 0.8091, -0.4039 0.4921 0.8238, -0.4045 0.4921 0.8339, -0.4025 0.4921 0.8523, -0.3982 0.4921 0.8645, -0.3922 0.4921 0.8737, -0.3869 0.4921 0.879, -0.3613 0.4921 0.8918, -0.3752 0.4921 0.8868
            ]
        }
        coordIndex [
            0,1,2,-1,2,1,3,-1,2,3,4,-1,4,5,2,-1,2,5,6,-1,2,6,7,-1,7,8,2,-1,2,8,9,-1,2,9,10,-1,10,11,2,-1,2,11,12,-1,2,12,13,-1,13,14,2,-1,2,14,15,-1,2,15,16,-1,16,15,17,-1,
        ]
    }
}
Shape{
    appearance Appearance {
        material  Material {
            diffuseColor 1.0 1.0 1.0
            specularColor 0.5019607843137255 0.5019607843137255 0.5019607843137255
            ambientIntensity 1.0
            transparency 0.0
            shininess 0.5
        }
    }
    geometry IndexedFaceSet {
        ccw TRUE
        solid FALSE
        coord DEF co Coordinate {
            point [
                -0.4799 0.4961 0.8143, -0.4733 0.4961 0.7962, -0.5336 0.4961 0.8143, -0.54 0.4961 0.7962, -0.5038 0.4961 0.8808, -0.4961 0.4961 0.9125, -0.4351 0.4961 0.7524, -0.4579 0.4961 0.7524, -0.5052 0.4961 0.8856, -0.5064 0.4961 0.892, -0.5182 0.4961 0.9125, -0.5069 0.4961 0.892, -0.5082 0.4961 0.8853, -0.5094 0.4961 0.8808, -0.5792 0.4961 0.7524, -0.5563 0.4961 0.7524, -0.5182 0.4921 0.9125, -0.5792 0.4921 0.7524, -0.4961 0.4921 0.9125, -0.4351 0.4921 0.7524, -0.4812 0.4921 0.8735, -0.4579 0.4921 0.7524, -0.4733 0.4921 0.7962, -0.54 0.4921 0.7962, -0.4812 0.4921 0.7962, -0.5563 0.4921 0.7524, -0.4799 0.4921 0.8143, -0.5336 0.4921 0.8143, -0.5094 0.4921 0.8808, -0.5069 0.4921 0.892, -0.5082 0.4921 0.8853, -0.5064 0.4921 0.892, -0.5038 0.4921 0.8808, -0.5052 0.4921 0.8856
            ]
        }
        coordIndex [
            0,1,2,-1,2,1,3,-1,4,5,0,-1,0,5,6,-1,0,6,1,-1,1,6,7,-1,4,8,5,-1,5,8,9,-1,5,9,10,-1,10,9,11,-1,10,11,12,-1,12,13,10,-1,10,13,2,-1,10,2,14,-1,14,2,3,-1,14,3,15,-1,10,14,16,-1,16,14,17,-1,5,10,18,-1,18,10,16,-1,19,6,20,-1,20,6,5,-1,20,5,18,-1,7,6,21,-1,21,6,19,-1,1,7,22,-1,22,7,21,-1,23,3,24,-1,24,3,1,-1,24,1,22,-1,15,3,25,-1,25,3,23,-1,14,15,17,-1,17,15,25,-1,0,2,26,-1,26,2,27,-1,2,13,27,-1,27,13,28,-1,11,29,30,-1,11,30,12,-1,12,30,28,-1,12,28,13,-1,11,9,29,-1,29,9,31,-1,4,32,33,-1,4,33,8,-1,8,33,31,-1,8,31,9,-1,4,0,32,-1,32,0,26,-1,
        ]
    }
}
Shape{
    appearance Appearance {
        material  Material {
            diffuseColor 0.2235294117647059 0.2235294117647059 0.2235294117647059
            specularColor 0.11372549019607843 0.11372549019607843 0.11372549019607843
            ambientIntensity 0.2235
            transparency 0.0
            shininess 0.5
        }
    }
    geometry IndexedFaceSet {
        ccw TRUE
        solid FALSE
        coord DEF co Coordinate {
            point [
                -0.5069 0.4921 0.892, -0.5064 0.4921 0.892, -0.5082 0.4921 0.8853, -0.5052 0.4921 0.8856, -0.5094 0.4921 0.8808, -0.5038 0.4921 0.8808, -0.5336 0.4921 0.8143, -0.4799 0.4921 0.8143
            ]
        }
        coordIndex [
            0,1,2,-1,2,1,3,-1,2,3,4,-1,4,3,5,-1,4,5,6,-1,6,5,7,-1,
        ]
    }
}
Shape{
    appearance Appearance {
        material  Material {
            diffuseColor 1.0 1.0 1.0
            specularColor 0.5019607843137255 0.5019607843137255 0.5019607843137255
            ambientIntensity 1.0
            transparency 0.0
            shininess 0.5
        }
    }
    geometry IndexedFaceSet {
        ccw TRUE
        solid FALSE
        coord DEF co Coordinate {
            point [
                -0.0226 0.4961 0.5166, -0.0226 0.4961 0.4983, -0.0226 0.4921 0.5166, -0.0226 0.4921 0.4983, 0.0428 0.4961 0.5166, 0.0428 0.4921 0.5166, 0.0428 0.4961 0.5704, 0.0428 0.4921 0.5704, -0.0144 0.4961 0.5704, -0.0144 0.4921 0.5704, -0.0144 0.4961 0.5888, -0.0144 0.4921 0.5888, 0.0428 0.4961 0.5888, 0.0428 0.4921 0.5888, 0.0428 0.4961 0.64, 0.0428 0.4921 0.64, -0.019 0.4961 0.64, -0.019 0.4921 0.64, -0.019 0.4961 0.6585, -0.019 0.4921 0.6585, 0.0635 0.4961 0.6585, 0.0635 0.4921 0.6585, 0.0635 0.4961 0.4983, 0.0635 0.4921 0.4983, -0.1137 0.4961 0.4983, -0.1337 0.4961 0.4983, -0.1137 0.4961 0.516, -0.1337 0.4961 0.5719, -0.1137 0.4961 0.571, -0.0702 0.4961 0.5471, -0.075 0.4961 0.5494, -0.1131 0.4961 0.516, -0.1025 0.4961 0.5189, -0.1084 0.4961 0.5092, -0.0968 0.4961 0.5151, -0.0869 0.4961 0.5521, -0.1137 0.4961 0.5557, -0.1137 0.4961 0.5447, -0.1136 0.4961 0.5424, -0.1123 0.4961 0.5342, -0.1093 0.4961 0.5271, -0.1051 0.4961 0.5214, -0.1131 0.4961 0.5793, -0.1321 0.4961 0.5873, -0.111 0.4961 0.5867, -0.129 0.4961 0.5964, -0.1087 0.4961 0.5909, -0.1248 0.4961 0.6028, -0.1057 0.4961 0.5942, -0.1195 0.4961 0.6079, -0.1022 0.4961 0.5965, -0.1128 0.4961 0.6117, -0.0977 0.4961 0.5982, -0.1043 0.4961 0.6143, -0.0905 0.4961 0.599, -0.0924 0.4961 0.6153, -0.0796 0.4961 0.598, -0.0718 0.4961 0.6128, -0.067 0.4961 0.594, -0.0569 0.4961 0.6069, -0.053 0.4961 0.5852, -0.053 0.4961 0.6047, -0.0663 0.4961 0.5189, -0.0517 0.4961 0.5046, -0.068 0.4961 0.5172, -0.0574 0.4961 0.5004, -0.072 0.4961 0.5145, -0.0649 0.4961 0.4973, -0.0765 0.4961 0.5128, -0.0741 0.4961 0.4958, -0.0833 0.4961 0.5121, -0.0781 0.4961 0.4956, -0.0893 0.4961 0.497, -0.0907 0.4961 0.5129, -0.0973 0.4961 0.5, -0.1019 0.4961 0.503, -0.0623 0.4961 0.5338, -0.0419 0.4961 0.5313, -0.0622 0.4961 0.5306, -0.0418 0.4961 0.5289, -0.0627 0.4961 0.526, -0.043 0.4961 0.5191, -0.064 0.4961 0.5223, -0.0456 0.4961 0.5125, -0.0498 0.4961 0.5064, -0.0798 0.4961 0.5663, -0.0646 0.4961 0.5625, -0.0675 0.4961 0.5451, -0.0561 0.4961 0.5582, -0.0651 0.4961 0.5421, -0.0499 0.4961 0.5528, -0.0633 0.4961 0.5384, -0.0459 0.4961 0.5471, -0.0432 0.4961 0.54, -0.0924 0.4921 0.6153, -0.0718 0.4921 0.6128, -0.0569 0.4921 0.6069, -0.053 0.4921 0.6047, -0.053 0.4921 0.5852, -0.067 0.4921 0.594, -0.0796 0.4921 0.598, -0.0905 0.4921 0.599, -0.0977 0.4921 0.5982, -0.1022 0.4921 0.5965, -0.1057 0.4921 0.5942, -0.1087 0.4921 0.5909, -0.111 0.4921 0.5867, -0.1131 0.4921 0.5793, -0.1137 0.4921 0.571, -0.0798 0.4921 0.5663, -0.0646 0.4921 0.5625, -0.0561 0.4921 0.5582, -0.0499 0.4921 0.5528, -0.0459 0.4921 0.5471, -0.0432 0.4921 0.54, -0.0419 0.4921 0.5313, -0.0418 0.4921 0.5289, -0.043 0.4921 0.5191, -0.0456 0.4921 0.5125, -0.0498 0.4921 0.5064, -0.0517 0.4921 0.5046, -0.0781 0.4921 0.4956, -0.0574 0.4921 0.5004, -0.0649 0.4921 0.4973, -0.067 0.4921 0.497, -0.0741 0.4921 0.4958, -0.0893 0.4921 0.497, -0.0893 0.4921 0.497, -0.0973 0.4921 0.5, -0.1019 0.4921 0.503, -0.1084 0.4921 0.5092, -0.1131 0.4921 0.516, -0.1137 0.4921 0.516, -0.1137 0.4921 0.4983, -0.1337 0.4921 0.4983, -0.1337 0.4921 0.5719, -0.1321 0.4921 0.5873, -0.129 0.4921 0.5964, -0.1248 0.4921 0.6028, -0.1195 0.4921 0.6079, -0.1128 0.4921 0.6117, -0.1043 0.4921 0.6143, -0.0675 0.4921 0.5451, -0.0702 0.4921 0.5471, -0.075 0.4921 0.5494, -0.0869 0.4921 0.5521, -0.0622 0.4921 0.5306, -0.0623 0.4921 0.5338, -0.0633 0.4921 0.5384, -0.0651 0.4921 0.5421, -0.068 0.4921 0.5172, -0.0663 0.4921 0.5189, -0.064 0.4921 0.5223, -0.0627 0.4921 0.526, -0.0833 0.4921 0.5121, -0.0765 0.4921 0.5128, -0.072 0.4921 0.5145, -0.1051 0.4921 0.5214, -0.1025 0.4921 0.5189, -0.0968 0.4921 0.5151, -0.0907 0.4921 0.5129, -0.1137 0.4921 0.5447, -0.1136 0.4921 0.5424, -0.1123 0.4921 0.5342, -0.1093 0.4921 0.5271, -0.1137 0.4921 0.5557
            ]
        }
        coordIndex [
            0,1,2,-1,2,1,3,-1,4,0,5,-1,5,0,2,-1,6,4,7,-1,7,4,5,-1,8,6,9,-1,9,6,7,-1,10,8,11,-1,11,8,9,-1,12,10,13,-1,13,10,11,-1,14,12,15,-1,15,12,13,-1,16,14,17,-1,17,14,15,-1,18,16,19,-1,19,16,17,-1,20,18,21,-1,21,18,19,-1,22,20,23,-1,23,20,21,-1,1,22,3,-1,3,22,23,-1,22,1,0,-1,0,4,22,-1,22,4,6,-1,22,6,20,-1,16,18,14,-1,14,18,20,-1,14,20,12,-1,12,20,6,-1,12,6,10,-1,10,6,8,-1,24,25,26,-1,26,25,27,-1,28,29,30,-1,31,32,33,-1,33,32,34,-1,35,36,27,-1,27,36,37,-1,37,38,27,-1,27,38,39,-1,27,39,26,-1,26,39,40,-1,26,40,31,-1,31,40,41,-1,31,41,32,-1,30,35,28,-1,28,35,27,-1,28,27,42,-1,42,27,43,-1,42,43,44,-1,44,43,45,-1,44,45,46,-1,46,45,47,-1,46,47,48,-1,48,47,49,-1,48,49,50,-1,50,49,51,-1,50,51,52,-1,52,51,53,-1,52,53,54,-1,54,53,55,-1,54,55,56,-1,56,55,57,-1,56,57,58,-1,58,57,59,-1,58,59,60,-1,60,59,61,-1,62,63,64,-1,64,63,65,-1,64,65,66,-1,66,65,67,-1,66,67,68,-1,68,67,69,-1,68,69,70,-1,69,71,70,-1,70,71,72,-1,70,72,73,-1,73,72,74,-1,73,74,34,-1,34,74,75,-1,34,75,33,-1,76,77,78,-1,78,77,79,-1,78,79,80,-1,80,79,81,-1,80,81,82,-1,82,81,83,-1,82,83,62,-1,62,83,84,-1,62,84,63,-1,28,85,29,-1,29,85,86,-1,29,86,87,-1,87,86,88,-1,87,88,89,-1,89,88,90,-1,89,90,91,-1,91,90,92,-1,91,92,76,-1,76,92,93,-1,76,93,77,-1,55,94,95,-1,55,95,57,-1,57,95,96,-1,57,96,59,-1,59,96,97,-1,59,97,61,-1,60,61,98,-1,98,61,97,-1,60,98,99,-1,60,99,58,-1,58,99,100,-1,58,100,56,-1,56,100,101,-1,56,101,54,-1,54,101,102,-1,54,102,52,-1,52,102,103,-1,52,103,50,-1,50,103,104,-1,50,104,48,-1,48,104,105,-1,48,105,46,-1,46,105,106,-1,46,106,44,-1,44,106,107,-1,44,107,42,-1,42,107,108,-1,42,108,28,-1,85,28,109,-1,109,28,108,-1,85,109,110,-1,85,110,86,-1,86,110,111,-1,86,111,88,-1,88,111,112,-1,88,112,90,-1,90,112,113,-1,90,113,92,-1,92,113,114,-1,92,114,93,-1,93,114,115,-1,93,115,77,-1,77,115,116,-1,77,116,79,-1,79,116,117,-1,79,117,81,-1,81,117,118,-1,81,118,83,-1,83,118,119,-1,83,119,84,-1,84,119,120,-1,84,120,63,-1,121,71,69,-1,63,120,122,-1,63,122,65,-1,65,122,123,-1,65,123,67,-1,67,123,124,-1,67,124,69,-1,69,124,125,-1,69,125,121,-1,71,121,126,-1,127,74,126,-1,126,74,72,-1,126,72,71,-1,127,128,74,-1,74,128,129,-1,74,129,75,-1,75,129,130,-1,75,130,33,-1,33,130,131,-1,33,131,31,-1,26,31,132,-1,132,31,131,-1,24,26,133,-1,133,26,132,-1,25,24,134,-1,134,24,133,-1,27,25,135,-1,135,25,134,-1,27,135,136,-1,27,136,43,-1,43,136,137,-1,43,137,45,-1,45,137,138,-1,45,138,47,-1,47,138,139,-1,47,139,49,-1,49,139,140,-1,49,140,51,-1,51,140,141,-1,51,141,53,-1,53,141,94,-1,53,94,55,-1,87,142,143,-1,87,143,29,-1,29,143,144,-1,29,144,30,-1,30,144,145,-1,30,145,35,-1,78,146,147,-1,78,147,76,-1,76,147,148,-1,76,148,91,-1,91,148,149,-1,91,149,89,-1,89,149,142,-1,89,142,87,-1,64,150,151,-1,64,151,62,-1,62,151,152,-1,62,152,82,-1,82,152,153,-1,82,153,80,-1,80,153,146,-1,80,146,78,-1,70,154,155,-1,70,155,68,-1,68,155,156,-1,68,156,66,-1,66,156,150,-1,66,150,64,-1,41,157,158,-1,41,158,32,-1,32,158,159,-1,32,159,34,-1,34,159,160,-1,34,160,73,-1,73,160,154,-1,73,154,70,-1,37,161,162,-1,37,162,38,-1,38,162,163,-1,38,163,39,-1,39,163,164,-1,39,164,40,-1,40,164,157,-1,40,157,41,-1,37,36,161,-1,161,36,165,-1,36,35,165,-1,165,35,145,-1,
        ]
    }
}
Shape{
    appearance Appearance {
        material  Material {
            diffuseColor 0.2235294117647059 0.2235294117647059 0.2235294117647059
            specularColor 0.11372549019607843 0.11372549019607843 0.11372549019607843
            ambientIntensity 0.2235
            transparency 0.0
            shininess 0.5
        }
    }
    geometry IndexedFaceSet {
        ccw TRUE
        solid FALSE
        coord DEF co Coordinate {
            point [
                -0.1137 0.4921 0.5557, -0.0869 0.4921 0.5521, -0.1137 0.4921 0.5447, -0.075 0.4921 0.5494, -0.0702 0.4921 0.5471, -0.0675 0.4921 0.5451, -0.1136 0.4921 0.5424, -0.1123 0.4921 0.5342, -0.0651 0.4921 0.5421, -0.1093 0.4921 0.5271, -0.0663 0.4921 0.5189, -0.068 0.4921 0.5172, -0.1025 0.4921 0.5189, -0.064 0.4921 0.5223, -0.0968 0.4921 0.5151, -0.0907 0.4921 0.5129, -0.0833 0.4921 0.5121, -0.0633 0.4921 0.5384, -0.0623 0.4921 0.5338, -0.1051 0.4921 0.5214, -0.0622 0.4921 0.5306, -0.0627 0.4921 0.526, -0.072 0.4921 0.5145, -0.0765 0.4921 0.5128
            ]
        }
        coordIndex [
            0,1,2,-1,2,1,3,-1,3,4,2,-1,2,4,5,-1,2,5,6,-1,6,5,7,-1,7,5,8,-1,7,8,9,-1,10,11,12,-1,10,12,13,-1,14,12,15,-1,15,12,16,-1,8,17,9,-1,9,17,18,-1,9,18,19,-1,19,18,20,-1,19,20,12,-1,12,20,21,-1,12,21,13,-1,11,22,12,-1,12,22,23,-1,12,23,16,-1,
        ]
    }
}
Shape{
    appearance Appearance {
        material  Material {
            diffuseColor 1.0 1.0 1.0
            specularColor 0.5019607843137255 0.5019607843137255 0.5019607843137255
            ambientIntensity 1.0
            transparency 0.0
            shininess 0.5
        }
    }
    geometry IndexedFaceSet {
        ccw TRUE
        solid FALSE
        coord DEF co Coordinate {
            point [
                -0.1609 0.4921 0.523, -0.1609 0.4961 0.523, -0.1681 0.4961 0.5185, -0.1939 0.4961 0.512, -0.1939 0.4921 0.512, -0.1807 0.4921 0.5136, -0.1807 0.4961 0.5136, -0.1702 0.4921 0.5177, -0.1681 0.4921 0.5185, -0.1609 0.4961 0.5023, -0.1609 0.4921 0.5023, -0.1749 0.4961 0.4974, -0.1702 0.4921 0.4991, -0.1919 0.4921 0.4956, -0.1919 0.4961 0.4956, -0.1791 0.4921 0.497, -0.1749 0.4921 0.4974, -0.2086 0.4961 0.4974, -0.2045 0.4921 0.497, -0.2086 0.4921 0.4974, -0.2195 0.4921 0.5013, -0.2195 0.4961 0.5013, -0.2253 0.4921 0.5047, -0.2253 0.4961 0.5047, -0.2309 0.4921 0.5096, -0.2309 0.4961 0.5096, -0.2347 0.4921 0.5149, -0.2347 0.4961 0.5149, -0.2372 0.4921 0.5212, -0.2372 0.4961 0.5212, -0.2382 0.4921 0.5294, -0.2382 0.4961 0.5294, -0.2374 0.4921 0.5368, -0.2374 0.4961 0.5368, -0.2352 0.4921 0.5427, -0.2352 0.4961 0.5427, -0.2314 0.4921 0.5483, -0.2314 0.4961 0.5483, -0.2267 0.4921 0.5526, -0.2267 0.4961 0.5526, -0.2133 0.4921 0.56, -0.2133 0.4961 0.56, -0.2056 0.4921 0.5632, -0.2056 0.4961 0.5632, -0.1932 0.4921 0.5686, -0.1932 0.4961 0.5686, -0.1861 0.4921 0.573, -0.1861 0.4961 0.573, -0.1841 0.4921 0.5751, -0.1841 0.4961 0.5751, -0.1827 0.4921 0.5778, -0.1827 0.4961 0.5778, -0.1819 0.4921 0.581, -0.1819 0.4961 0.581, -0.1817 0.4921 0.5836, -0.1817 0.4961 0.5836, -0.1821 0.4921 0.5868, -0.1821 0.4961 0.5868, -0.1831 0.4921 0.5895, -0.1831 0.4961 0.5895, -0.1848 0.4921 0.5921, -0.1848 0.4961 0.5921, -0.1878 0.4921 0.5948, -0.1878 0.4961 0.5948, -0.1923 0.4921 0.5972, -0.1923 0.4961 0.5972, -0.1977 0.4921 0.5986, -0.1977 0.4961 0.5986, -0.2036 0.4921 0.599, -0.2036 0.4961 0.599, -0.2177 0.4921 0.5973, -0.2177 0.4961 0.5973, -0.229 0.4921 0.5929, -0.229 0.4961 0.5929, -0.2327 0.4921 0.5907, -0.2327 0.4961 0.5907, -0.2327 0.4961 0.6102, -0.2327 0.4921 0.6102, -0.2196 0.4921 0.6141, -0.2196 0.4961 0.6141, -0.2056 0.4921 0.6153, -0.2056 0.4961 0.6153, -0.1893 0.4921 0.6133, -0.1893 0.4961 0.6133, -0.1786 0.4921 0.6091, -0.1786 0.4961 0.6091, -0.1739 0.4921 0.6062, -0.1739 0.4961 0.6062, -0.1681 0.4961 0.6011, -0.1702 0.4921 0.6029, -0.1681 0.4921 0.6011, -0.1643 0.4921 0.5957, -0.1643 0.4961 0.5957, -0.1619 0.4921 0.5892, -0.1619 0.4961 0.5892, -0.161 0.4921 0.5818, -0.161 0.4961 0.5818, -0.1618 0.4921 0.5743, -0.1618 0.4961 0.5743, -0.164 0.4921 0.5681, -0.164 0.4961 0.5681, -0.1667 0.4921 0.5637, -0.1667 0.4961 0.5637, -0.1914 0.4921 0.5486, -0.1914 0.4961 0.5486, -0.1795 0.4961 0.5541, -0.17 0.4921 0.5603, -0.17 0.4961 0.5603, -0.1702 0.4921 0.5602, -0.1795 0.4921 0.5541, -0.2046 0.4921 0.5431, -0.2046 0.4961 0.5431, -0.2124 0.4921 0.5384, -0.2124 0.4961 0.5384, -0.2149 0.4921 0.5357, -0.2149 0.4961 0.5357, -0.2165 0.4921 0.5331, -0.2165 0.4961 0.5331, -0.2174 0.4921 0.53, -0.2174 0.4961 0.53, -0.2176 0.4921 0.5275, -0.2176 0.4961 0.5275, -0.2171 0.4921 0.5236, -0.2171 0.4961 0.5236, -0.2161 0.4921 0.5208, -0.2161 0.4961 0.5208, -0.2144 0.4921 0.5182, -0.2144 0.4961 0.5182, -0.2121 0.4921 0.5162, -0.2121 0.4961 0.5162, -0.2102 0.4921 0.515, -0.2102 0.4961 0.515, -0.2051 0.4921 0.5131, -0.2051 0.4961 0.5131, -0.1948 0.4921 0.512, -0.1948 0.4961 0.512, -0.3376 0.4961 0.6127, -0.3584 0.4961 0.6127, -0.3376 0.4921 0.6127, -0.3584 0.4921 0.6127, -0.3064 0.4961 0.5266, -0.3064 0.4921 0.5266, -0.3048 0.4921 0.5212, -0.3048 0.4961 0.5212, -0.3039 0.4921 0.5173, -0.3039 0.4961 0.5173, -0.3034 0.4961 0.5173, -0.3034 0.4921 0.5173, -0.3009 0.4961 0.5267, -0.3009 0.4921 0.5267, -0.271 0.4921 0.6127, -0.271 0.4961 0.6127, -0.2807 0.4921 0.5848, -0.2486 0.4961 0.6127, -0.2486 0.4921 0.6127, -0.2935 0.4921 0.4986, -0.2935 0.4961 0.4986, -0.2807 0.4921 0.531, -0.2847 0.4921 0.4778, -0.2847 0.4961 0.4778, -0.2928 0.4921 0.497, -0.2808 0.4921 0.4706, -0.2808 0.4961 0.4706, -0.2807 0.4921 0.4705, -0.277 0.4961 0.4664, -0.277 0.4921 0.4664, -0.2732 0.4921 0.4638, -0.2732 0.4961 0.4638, -0.2688 0.4921 0.4621, -0.2688 0.4961 0.4621, -0.2641 0.4921 0.4616, -0.2641 0.4961 0.4616, -0.2574 0.4921 0.4624, -0.2574 0.4961 0.4624, -0.2527 0.4921 0.4639, -0.2527 0.4961 0.4639, -0.2527 0.4961 0.4461, -0.2527 0.4921 0.4461, -0.2586 0.4921 0.4449, -0.2586 0.4961 0.4449, -0.2657 0.4921 0.4444, -0.2657 0.4961 0.4444, -0.2732 0.4921 0.4453, -0.2732 0.4961 0.4453, -0.2807 0.4921 0.448, -0.2812 0.4961 0.4481, -0.2812 0.4921 0.4481, -0.2882 0.4921 0.4529, -0.2882 0.4961 0.4529, -0.2914 0.4921 0.4559, -0.2914 0.4961 0.4559, -0.3001 0.4921 0.4676, -0.3001 0.4961 0.4676, -0.3065 0.4921 0.481, -0.3065 0.4961 0.481, -0.3128 0.4921 0.497, -0.4661 0.4961 0.5166, -0.4661 0.4961 0.4983, -0.4661 0.4921 0.5166, -0.4661 0.4921 0.4983, -0.4007 0.4921 0.5166, -0.4007 0.4961 0.5166, -0.4307 0.4921 0.5166, -0.4007 0.4961 0.5704, -0.4007 0.4921 0.5704, -0.4579 0.4921 0.5704, -0.4579 0.4961 0.5704, -0.4307 0.4921 0.5704, -0.4579 0.4961 0.5888, -0.4579 0.4921 0.5888, -0.4007 0.4921 0.5888, -0.4007 0.4961 0.5888, -0.4307 0.4921 0.5888, -0.4007 0.4961 0.64, -0.4007 0.4921 0.64, -0.4625 0.4921 0.64, -0.4625 0.4961 0.64, -0.4307 0.4921 0.64, -0.4625 0.4961 0.6585, -0.4625 0.4921 0.6585, -0.38 0.4921 0.6585, -0.38 0.4961 0.6585, -0.4307 0.4921 0.6585, -0.38 0.4961 0.4983, -0.38 0.4921 0.4983, -0.4307 0.4921 0.4983, -0.5959 0.4961 0.5432, -0.5879 0.4961 0.5333, -0.6026 0.4961 0.5207, -0.5849 0.4961 0.5306, -0.5859 0.4961 0.5088, -0.5743 0.4961 0.5236, -0.5677 0.4961 0.5016, -0.5606 0.4961 0.5188, -0.5404 0.4961 0.4983, -0.5403 0.4961 0.5166, -0.4964 0.4961 0.4983, -0.517 0.4961 0.5166, -0.4964 0.4961 0.6585, -0.517 0.4961 0.64, -0.5421 0.4961 0.6585, -0.5412 0.4961 0.64, -0.5665 0.4961 0.6558, -0.5619 0.4961 0.6378, -0.5858 0.4961 0.6487, -0.5758 0.4961 0.6327, -0.6026 0.4961 0.6373, -0.5875 0.4961 0.625, -0.608 0.4961 0.632, -0.5927 0.4961 0.6196, -0.618 0.4961 0.6181, -0.5987 0.4961 0.6104, -0.624 0.4961 0.6029, -0.603 0.4961 0.5983, -0.6268 0.4961 0.5804, -0.605 0.4961 0.5799, -0.6263 0.4961 0.5703, -0.6045 0.4961 0.5697, -0.6224 0.4961 0.5516, -0.6014 0.4961 0.555, -0.6146 0.4961 0.535, -0.5404 0.4921 0.4983, -0.4964 0.4921 0.4983, -0.5677 0.4921 0.5016, -0.5859 0.4921 0.5088, -0.6026 0.4921 0.5207, -0.6146 0.4921 0.535, -0.6224 0.4921 0.5516, -0.6263 0.4921 0.5703, -0.6268 0.4921 0.5804, -0.624 0.4921 0.6029, -0.618 0.4921 0.6181, -0.608 0.4921 0.632, -0.6026 0.4921 0.6373, -0.5858 0.4921 0.6487, -0.5665 0.4921 0.6558, -0.5421 0.4921 0.6585, -0.4964 0.4921 0.6585, -0.5412 0.4921 0.64, -0.517 0.4921 0.64, -0.517 0.4921 0.5166, -0.5403 0.4921 0.5166, -0.5879 0.4921 0.5333, -0.5849 0.4921 0.5306, -0.5743 0.4921 0.5236, -0.5606 0.4921 0.5188, -0.605 0.4921 0.5799, -0.6045 0.4921 0.5697, -0.6014 0.4921 0.555, -0.5959 0.4921 0.5432, -0.5875 0.4921 0.625, -0.5927 0.4921 0.6196, -0.5987 0.4921 0.6104, -0.603 0.4921 0.5983, -0.5619 0.4921 0.6378, -0.5758 0.4921 0.6327
            ]
        }
        coordIndex [
            0,1,2,-1,3,4,5,-1,3,5,6,-1,6,5,7,-1,6,7,2,-1,2,7,8,-1,2,8,0,-1,9,1,10,-1,10,1,0,-1,9,10,11,-1,11,10,12,-1,13,14,15,-1,15,14,11,-1,15,11,16,-1,16,11,12,-1,14,13,17,-1,17,13,18,-1,18,19,17,-1,17,19,20,-1,17,20,21,-1,21,20,22,-1,21,22,23,-1,23,22,24,-1,23,24,25,-1,25,24,26,-1,25,26,27,-1,27,26,28,-1,27,28,29,-1,29,28,30,-1,29,30,31,-1,31,30,32,-1,31,32,33,-1,33,32,34,-1,33,34,35,-1,35,34,36,-1,35,36,37,-1,37,36,38,-1,37,38,39,-1,39,38,40,-1,39,40,41,-1,41,40,42,-1,41,42,43,-1,43,42,44,-1,43,44,45,-1,45,44,46,-1,45,46,47,-1,47,46,48,-1,47,48,49,-1,49,48,50,-1,49,50,51,-1,51,50,52,-1,51,52,53,-1,53,52,54,-1,53,54,55,-1,55,54,56,-1,55,56,57,-1,57,56,58,-1,57,58,59,-1,59,58,60,-1,59,60,61,-1,61,60,62,-1,61,62,63,-1,63,62,64,-1,63,64,65,-1,65,64,66,-1,65,66,67,-1,67,66,68,-1,67,68,69,-1,69,68,70,-1,69,70,71,-1,71,70,72,-1,71,72,73,-1,73,72,74,-1,73,74,75,-1,76,75,77,-1,77,75,74,-1,76,77,78,-1,76,78,79,-1,79,78,80,-1,79,80,81,-1,81,80,82,-1,81,82,83,-1,83,82,84,-1,83,84,85,-1,85,84,86,-1,85,86,87,-1,87,86,88,-1,88,86,89,-1,89,90,88,-1,88,90,91,-1,88,91,92,-1,92,91,93,-1,92,93,94,-1,94,93,95,-1,94,95,96,-1,96,95,97,-1,96,97,98,-1,98,97,99,-1,98,99,100,-1,100,99,101,-1,100,101,102,-1,103,104,105,-1,102,101,106,-1,102,106,107,-1,107,106,108,-1,107,108,105,-1,105,108,109,-1,105,109,103,-1,104,103,110,-1,104,110,111,-1,111,110,112,-1,111,112,113,-1,113,112,114,-1,113,114,115,-1,115,114,116,-1,115,116,117,-1,117,116,118,-1,117,118,119,-1,119,118,120,-1,119,120,121,-1,121,120,122,-1,121,122,123,-1,123,122,124,-1,123,124,125,-1,125,124,126,-1,125,126,127,-1,127,126,128,-1,127,128,129,-1,129,128,130,-1,129,130,131,-1,131,130,132,-1,131,132,133,-1,133,132,134,-1,133,134,135,-1,135,134,4,-1,135,4,3,-1,61,63,85,-1,85,63,83,-1,111,43,104,-1,104,43,45,-1,21,23,127,-1,127,23,25,-1,127,25,125,-1,125,25,27,-1,125,27,123,-1,123,27,29,-1,123,29,121,-1,121,29,31,-1,121,31,119,-1,119,31,33,-1,119,33,117,-1,117,33,35,-1,117,35,115,-1,115,35,37,-1,115,37,113,-1,113,37,39,-1,113,39,111,-1,111,39,41,-1,111,41,43,-1,14,3,11,-1,11,3,6,-1,11,6,9,-1,9,6,2,-1,9,2,1,-1,63,65,83,-1,83,65,67,-1,83,67,81,-1,81,67,69,-1,81,69,79,-1,79,69,71,-1,79,71,76,-1,76,71,73,-1,76,73,75,-1,127,129,21,-1,21,129,131,-1,21,131,17,-1,17,131,133,-1,17,133,14,-1,14,133,135,-1,14,135,3,-1,85,87,61,-1,61,87,88,-1,61,88,59,-1,59,88,92,-1,59,92,57,-1,57,92,94,-1,57,94,55,-1,55,94,96,-1,55,96,53,-1,53,96,98,-1,53,98,51,-1,51,98,100,-1,51,100,49,-1,49,100,102,-1,49,102,47,-1,47,102,107,-1,47,107,45,-1,45,107,105,-1,45,105,104,-1,136,137,138,-1,138,137,139,-1,140,136,141,-1,141,136,138,-1,140,141,142,-1,140,142,143,-1,143,142,144,-1,143,144,145,-1,146,145,147,-1,147,145,144,-1,148,146,149,-1,149,146,147,-1,150,151,152,-1,152,151,148,-1,152,148,149,-1,153,151,154,-1,154,151,150,-1,155,156,157,-1,157,156,153,-1,157,153,154,-1,158,159,160,-1,160,159,156,-1,160,156,155,-1,159,158,161,-1,159,161,162,-1,162,161,163,-1,162,163,164,-1,163,165,164,-1,164,165,166,-1,164,166,167,-1,167,166,168,-1,167,168,169,-1,169,168,170,-1,169,170,171,-1,171,170,172,-1,171,172,173,-1,173,172,174,-1,173,174,175,-1,176,175,177,-1,177,175,174,-1,176,177,178,-1,176,178,179,-1,179,178,180,-1,179,180,181,-1,181,180,182,-1,181,182,183,-1,183,182,184,-1,183,184,185,-1,184,186,185,-1,185,186,187,-1,185,187,188,-1,188,187,189,-1,188,189,190,-1,190,189,191,-1,190,191,192,-1,192,191,193,-1,192,193,194,-1,139,137,195,-1,195,137,194,-1,195,194,193,-1,143,145,194,-1,137,136,194,-1,194,136,140,-1,194,140,143,-1,151,153,148,-1,148,153,156,-1,148,156,146,-1,175,176,173,-1,173,176,179,-1,173,179,171,-1,171,179,181,-1,171,181,169,-1,169,181,183,-1,169,183,167,-1,167,183,185,-1,167,185,164,-1,164,185,188,-1,164,188,162,-1,162,188,190,-1,162,190,159,-1,159,190,192,-1,159,192,156,-1,156,192,194,-1,156,194,146,-1,146,194,145,-1,196,197,198,-1,198,197,199,-1,200,201,202,-1,202,201,196,-1,202,196,198,-1,203,201,204,-1,204,201,200,-1,205,206,207,-1,207,206,203,-1,207,203,204,-1,208,206,209,-1,209,206,205,-1,210,211,212,-1,212,211,208,-1,212,208,209,-1,213,211,214,-1,214,211,210,-1,215,216,217,-1,217,216,213,-1,217,213,214,-1,218,216,219,-1,219,216,215,-1,220,221,222,-1,222,221,218,-1,222,218,219,-1,223,221,224,-1,224,221,220,-1,199,197,225,-1,225,197,223,-1,225,223,224,-1,223,197,196,-1,196,201,223,-1,223,201,203,-1,223,203,221,-1,216,218,213,-1,213,218,221,-1,213,221,211,-1,211,221,203,-1,211,203,208,-1,208,203,206,-1,226,227,228,-1,228,227,229,-1,228,229,230,-1,230,229,231,-1,230,231,232,-1,232,231,233,-1,232,233,234,-1,234,233,235,-1,234,235,236,-1,236,235,237,-1,236,237,238,-1,238,237,239,-1,238,239,240,-1,240,239,241,-1,240,241,242,-1,242,241,243,-1,242,243,244,-1,244,243,245,-1,244,245,246,-1,246,245,247,-1,246,247,248,-1,248,247,249,-1,248,249,250,-1,250,249,251,-1,250,251,252,-1,252,251,253,-1,252,253,254,-1,254,253,255,-1,254,255,256,-1,256,255,257,-1,256,257,258,-1,258,257,259,-1,258,259,260,-1,260,259,226,-1,260,226,228,-1,234,236,261,-1,261,236,262,-1,234,261,263,-1,234,263,232,-1,232,263,264,-1,232,264,230,-1,230,264,265,-1,230,265,228,-1,228,265,266,-1,228,266,260,-1,260,266,267,-1,260,267,258,-1,258,267,268,-1,258,268,256,-1,256,268,269,-1,256,269,254,-1,254,269,270,-1,254,270,252,-1,252,270,271,-1,252,271,250,-1,250,271,272,-1,250,272,248,-1,248,272,273,-1,248,273,246,-1,246,273,274,-1,246,274,244,-1,244,274,275,-1,244,275,242,-1,242,275,276,-1,242,276,240,-1,238,240,277,-1,277,240,276,-1,236,238,262,-1,262,238,277,-1,241,239,278,-1,278,239,279,-1,239,237,279,-1,279,237,280,-1,237,235,280,-1,280,235,281,-1,227,282,283,-1,227,283,229,-1,229,283,284,-1,229,284,231,-1,231,284,285,-1,231,285,233,-1,233,285,281,-1,233,281,235,-1,255,286,287,-1,255,287,257,-1,257,287,288,-1,257,288,259,-1,259,288,289,-1,259,289,226,-1,226,289,282,-1,226,282,227,-1,247,290,291,-1,247,291,249,-1,249,291,292,-1,249,292,251,-1,251,292,293,-1,251,293,253,-1,253,293,286,-1,253,286,255,-1,241,278,294,-1,241,294,243,-1,243,294,295,-1,243,295,245,-1,245,295,290,-1,245,290,247,-1,
        ]
    }
}
Shape{
    appearance Appearance {
        material  Material {
            diffuseColor 0.2235294117647059 0.2235294117647059 0.2235294117647059
            specularColor 0.11372549019607843 0.11372549019607843 0.11372549019607843
            ambientIntensity 0.2235
            transparency 0.0
            shininess 0.5
        }
    }
    geometry IndexedFaceSet {
        ccw TRUE
        solid FALSE
        coord DEF co Coordinate {
            point [
                -0.517 0.4921 0.64, -0.517 0.4921 0.5166, -0.5412 0.4921 0.64, -0.5403 0.4921 0.5166, -0.5606 0.4921 0.5188, -0.5743 0.4921 0.5236, -0.5849 0.4921 0.5306, -0.5879 0.4921 0.5333, -0.5959 0.4921 0.5432, -0.6014 0.4921 0.555, -0.6045 0.4921 0.5697, -0.605 0.4921 0.5799, -0.603 0.4921 0.5983, -0.5987 0.4921 0.6104, -0.5927 0.4921 0.6196, -0.5875 0.4921 0.625, -0.5619 0.4921 0.6378, -0.5758 0.4921 0.6327
            ]
        }
        coordIndex [
            0,1,2,-1,2,1,3,-1,2,3,4,-1,4,5,2,-1,2,5,6,-1,2,6,7,-1,7,8,2,-1,2,8,9,-1,2,9,10,-1,10,11,2,-1,2,11,12,-1,2,12,13,-1,13,14,2,-1,2,14,15,-1,2,15,16,-1,16,15,17,-1,
        ]
    }
}
Shape{
    appearance Appearance {
        material  Material {
            diffuseColor 1.0 1.0 1.0
            specularColor 0.5019607843137255 0.5019607843137255 0.5019607843137255
            ambientIntensity 1.0
            transparency 0.0
            shininess 0.5
        }
    }
    geometry IndexedFaceSet {
        ccw TRUE
        solid FALSE
        coord DEF co Coordinate {
            point [
                -0.6804 0.4961 0.5602, -0.6739 0.4961 0.5421, -0.7342 0.4961 0.5602, -0.7406 0.4961 0.5421, -0.7044 0.4961 0.6268, -0.6966 0.4961 0.6585, -0.6356 0.4961 0.4983, -0.6585 0.4961 0.4983, -0.7058 0.4961 0.6316, -0.707 0.4961 0.638, -0.7187 0.4961 0.6585, -0.7075 0.4961 0.638, -0.7088 0.4961 0.6312, -0.71 0.4961 0.6268, -0.7797 0.4961 0.4983, -0.7569 0.4961 0.4983, -0.7187 0.4921 0.6585, -0.7797 0.4921 0.4983, -0.6966 0.4921 0.6585, -0.6356 0.4921 0.4983, -0.6585 0.4921 0.4983, -0.6739 0.4921 0.5421, -0.7406 0.4921 0.5421, -0.7569 0.4921 0.4983, -0.6804 0.4921 0.5602, -0.7342 0.4921 0.5602, -0.71 0.4921 0.6268, -0.7075 0.4921 0.638, -0.7088 0.4921 0.6312, -0.707 0.4921 0.638, -0.7044 0.4921 0.6268, -0.7058 0.4921 0.6316
            ]
        }
        coordIndex [
            0,1,2,-1,2,1,3,-1,4,5,0,-1,0,5,6,-1,0,6,1,-1,1,6,7,-1,4,8,5,-1,5,8,9,-1,5,9,10,-1,10,9,11,-1,10,11,12,-1,12,13,10,-1,10,13,2,-1,10,2,14,-1,14,2,3,-1,14,3,15,-1,10,14,16,-1,16,14,17,-1,5,10,18,-1,18,10,16,-1,6,5,19,-1,19,5,18,-1,7,6,20,-1,20,6,19,-1,1,7,21,-1,21,7,20,-1,3,1,22,-1,22,1,21,-1,15,3,23,-1,23,3,22,-1,14,15,17,-1,17,15,23,-1,0,2,24,-1,24,2,25,-1,2,13,25,-1,25,13,26,-1,11,27,28,-1,11,28,12,-1,12,28,26,-1,12,26,13,-1,11,9,27,-1,27,9,29,-1,4,30,31,-1,4,31,8,-1,8,31,29,-1,8,29,9,-1,4,0,30,-1,30,0,24,-1,
        ]
    }
}
Shape{
    appearance Appearance {
        material  Material {
            diffuseColor 0.2235294117647059 0.2235294117647059 0.2235294117647059
            specularColor 0.11372549019607843 0.11372549019607843 0.11372549019607843
            ambientIntensity 0.2235
            transparency 0.0
            shininess 0.5
        }
    }
    geometry IndexedFaceSet {
        ccw TRUE
        solid FALSE
        coord DEF co Coordinate {
            point [
                -0.7075 0.4921 0.638, -0.707 0.4921 0.638, -0.7088 0.4921 0.6312, -0.7058 0.4921 0.6316, -0.71 0.4921 0.6268, -0.7044 0.4921 0.6268, -0.7342 0.4921 0.5602, -0.6804 0.4921 0.5602
            ]
        }
        coordIndex [
            0,1,2,-1,2,1,3,-1,2,3,4,-1,4,3,5,-1,4,5,6,-1,6,5,7,-1,
        ]
    }
}
Shape{
    appearance Appearance {
        material  Material {
            diffuseColor 1.0 1.0 1.0
            specularColor 0.5019607843137255 0.5019607843137255 0.5019607843137255
            ambientIntensity 1.0
            transparency 0.0
            shininess 0.5
        }
    }
    geometry IndexedFaceSet {
        ccw TRUE
        solid FALSE
        coord DEF co Coordinate {
            point [
                0.7709 0.4961 0.4759, 0.7541 0.4961 0.455, 0.781 0.4961 0.5763, 0.7998 0.4961 0.7749, 0.7742 0.4961 0.7881, 0.7816 0.4961 0.8577, 0.7104 0.4961 0.861, 0.6751 0.4961 0.7778, 0.6576 0.4961 0.814, 0.5601 0.4961 0.5365, 0.5601 0.4961 0.5479, 0.6567 0.4961 0.5757, 0.6674 0.4961 0.5791, 0.7366 0.4961 0.8632, 0.6396 0.4961 0.562, 0.6343 0.4961 0.5529, 0.5606 0.4961 0.526, 0.4007 0.4961 0.6321, 0.436 0.4961 0.6925, 0.5886 0.4961 0.6128, 0.6751 0.4961 0.5797, 0.6859 0.4961 0.5784, 0.7005 0.4961 0.6483, 0.6959 0.4961 0.5746, 0.7257 0.4961 0.6388, 0.7048 0.4961 0.5683, 0.7491 0.4961 0.6228, 0.7104 0.4961 0.5623, 0.768 0.4961 0.6014, 0.716 0.4961 0.5527, 0.719 0.4961 0.5419, 0.6325 0.4961 0.6438, 0.66 0.4961 0.6506, 0.674 0.4961 0.6515, 0.6473 0.4961 0.5699, 0.705 0.4961 0.5025, 0.6959 0.4961 0.4961, 0.7319 0.4961 0.4381, 0.6855 0.4961 0.4922, 0.3632 0.4961 0.7448, 0.354 0.4961 0.7448, 0.3074 0.4961 0.8063, 0.3325 0.4961 0.7422, 0.3021 0.4961 0.8046, 0.3126 0.4961 0.7345, 0.2682 0.4961 0.7878, 0.2372 0.4961 0.7618, 0.6871 0.4961 0.8881, 0.6321 0.4961 0.8445, 0.6603 0.4961 0.9111, 0.6018 0.4961 0.8666, 0.6326 0.4961 0.9282, 0.8048 0.4961 0.5908, 0.7967 0.4961 0.5044, 0.7822 0.4961 0.5, 0.746 0.4961 0.7944, 0.7355 0.4961 0.7949, 0.7235 0.4961 0.8625, 0.7097 0.4961 0.7918, 0.6841 0.4961 0.7827, 0.6084 0.4961 0.6308, 0.2949 0.4961 0.7222, 0.2816 0.4961 0.7073, 0.2139 0.4961 0.7294, 0.271 0.4961 0.6876, 0.1999 0.4961 0.6947, 0.1946 0.4961 0.6572, 0.2658 0.4961 0.6657, 0.2652 0.4961 0.656, 0.1998 0.4961 0.6168, 0.268 0.4961 0.6339, 0.2141 0.4961 0.5807, 0.2758 0.4961 0.6136, 0.2368 0.4961 0.549, 0.8238 0.4961 0.8413, 0.86 0.4961 0.8158, 0.821 0.4961 0.756, 0.8675 0.4961 0.8086, 0.8366 0.4961 0.7333, 0.895 0.4961 0.7733, 0.8461 0.4961 0.7078, 0.7122 0.4961 0.5108, 0.7169 0.4961 0.5203, 0.7193 0.4961 0.5308, 0.3689 0.4961 0.8963, 0.414 0.4961 0.8445, 0.3314 0.4961 0.853, 0.3882 0.4961 0.8139, 0.3704 0.4961 0.7773, 0.6313 0.4961 0.5425, 0.6309 0.4961 0.5315, 0.5669 0.4961 0.4978, 0.6333 0.4961 0.5205, 0.5801 0.4961 0.4722, 0.6384 0.4961 0.5105, 0.599 0.4961 0.451, 0.6456 0.4961 0.5022, 0.6218 0.4961 0.4354, 0.6543 0.4961 0.4961, 0.6472 0.4961 0.4258, 0.6642 0.4961 0.4923, 0.674 0.4961 0.4226, 0.6751 0.4961 0.4909, 0.6788 0.4961 0.4227, 0.7056 0.4961 0.427, 0.5801 0.4961 0.9485, 0.5647 0.4961 0.8817, 0.5237 0.4961 0.9555, 0.5226 0.4961 0.8872, 0.4768 0.4961 0.9505, 0.4837 0.4961 0.8823, 0.4196 0.4961 0.9304, 0.448 0.4961 0.8686, 0.4161 0.4961 0.8463, 0.9132 0.4961 0.7323, 0.9208 0.4961 0.6895, 0.8493 0.4961 0.6811, 0.9211 0.4961 0.6788, 0.848 0.4961 0.664, 0.9155 0.4961 0.6339, 0.84 0.4961 0.6361, 0.8991 0.4961 0.5915, 0.8254 0.4961 0.6115, 0.8732 0.4961 0.5547, 0.8378 0.4961 0.5245, 0.4398 0.4961 0.5259, 0.4371 0.4961 0.5181, 0.4042 0.4961 0.5683, 0.4325 0.4961 0.5108, 0.4406 0.4961 0.5331, 0.4053 0.4961 0.5684, 0.4403 0.4961 0.5373, 0.4126 0.4961 0.5676, 0.4205 0.4961 0.5648, 0.2883 0.4961 0.5959, 0.29 0.4961 0.594, 0.2676 0.4961 0.5229, 0.3069 0.4961 0.5803, 0.3023 0.4961 0.5058, 0.327 0.4961 0.5711, 0.3404 0.4961 0.4978, 0.3472 0.4961 0.5672, 0.4076 0.4961 0.4978, 0.3985 0.4961 0.5672, 0.4103 0.4961 0.498, 0.4008 0.4961 0.5675, 0.418 0.4961 0.5001, 0.4259 0.4961 0.5046, 0.4277 0.4961 0.5602, 0.4338 0.4961 0.5538, 0.4381 0.4961 0.5459, 0.1946 0.4921 0.6572, 0.1999 0.4921 0.6947, 0.2295 0.4921 0.751, 0.2037 0.4921 0.7041, 0.2139 0.4921 0.7294, 0.2372 0.4921 0.7618, 0.2682 0.4921 0.7878, 0.3021 0.4921 0.8046, 0.3074 0.4921 0.8063, 0.3314 0.4921 0.853, 0.3689 0.4921 0.8963, 0.395 0.4921 0.9139, 0.4196 0.4921 0.9304, 0.4768 0.4921 0.9505, 0.5237 0.4921 0.9555, 0.5801 0.4921 0.9485, 0.6326 0.4921 0.9282, 0.6558 0.4921 0.9139, 0.6603 0.4921 0.9111, 0.6871 0.4921 0.8881, 0.7104 0.4921 0.861, 0.7235 0.4921 0.8625, 0.7366 0.4921 0.8632, 0.7816 0.4921 0.8577, 0.8238 0.4921 0.8413, 0.86 0.4921 0.8158, 0.8675 0.4921 0.8086, 0.9211 0.4921 0.6788, 0.895 0.4921 0.7733, 0.9049 0.4921 0.751, 0.9132 0.4921 0.7323, 0.9182 0.4921 0.7041, 0.9208 0.4921 0.6895, 0.9155 0.4921 0.6339, 0.8991 0.4921 0.5915, 0.8732 0.4921 0.5547, 0.8378 0.4921 0.5245, 0.7967 0.4921 0.5044, 0.7822 0.4921 0.5, 0.7807 0.4921 0.497, 0.7709 0.4921 0.4759, 0.7541 0.4921 0.455, 0.7319 0.4921 0.4381, 0.721 0.4921 0.4335, 0.7056 0.4921 0.427, 0.6788 0.4921 0.4227, 0.674 0.4921 0.4226, 0.6472 0.4921 0.4258, 0.6267 0.4921 0.4335, 0.6218 0.4921 0.4354, 0.599 0.4921 0.451, 0.5801 0.4921 0.4722, 0.5674 0.4921 0.497, 0.5669 0.4921 0.4978, 0.5606 0.4921 0.526, 0.5601 0.4921 0.5365, 0.5601 0.4921 0.5479, 0.4007 0.4921 0.6321, 0.436 0.4921 0.6925, 0.5886 0.4921 0.6128, 0.6084 0.4921 0.6308, 0.6325 0.4921 0.6438, 0.66 0.4921 0.6506, 0.674 0.4921 0.6515, 0.7005 0.4921 0.6483, 0.7257 0.4921 0.6388, 0.7491 0.4921 0.6228, 0.768 0.4921 0.6014, 0.781 0.4921 0.5763, 0.8048 0.4921 0.5908, 0.8254 0.4921 0.6115, 0.84 0.4921 0.6361, 0.848 0.4921 0.664, 0.8493 0.4921 0.6811, 0.8466 0.4921 0.7041, 0.8461 0.4921 0.7078, 0.8366 0.4921 0.7333, 0.8244 0.4921 0.751, 0.821 0.4921 0.756, 0.7998 0.4921 0.7749, 0.7742 0.4921 0.7881, 0.746 0.4921 0.7944, 0.7355 0.4921 0.7949, 0.7097 0.4921 0.7918, 0.6841 0.4921 0.7827, 0.6751 0.4921 0.7778, 0.6576 0.4921 0.814, 0.6321 0.4921 0.8445, 0.6018 0.4921 0.8666, 0.5647 0.4921 0.8817, 0.5226 0.4921 0.8872, 0.4837 0.4921 0.8823, 0.448 0.4921 0.8686, 0.4161 0.4921 0.8463, 0.414 0.4921 0.8445, 0.3882 0.4921 0.8139, 0.3704 0.4921 0.7773, 0.3645 0.4921 0.751, 0.3632 0.4921 0.7448, 0.354 0.4921 0.7448, 0.3325 0.4921 0.7422, 0.3126 0.4921 0.7345, 0.2949 0.4921 0.7222, 0.2816 0.4921 0.7073, 0.2798 0.4921 0.7041, 0.271 0.4921 0.6876, 0.2658 0.4921 0.6657, 0.2652 0.4921 0.656, 0.268 0.4921 0.6339, 0.2758 0.4921 0.6136, 0.2883 0.4921 0.5959, 0.29 0.4921 0.594, 0.3069 0.4921 0.5803, 0.327 0.4921 0.5711, 0.3472 0.4921 0.5672, 0.3985 0.4921 0.5672, 0.4008 0.4921 0.5675, 0.4042 0.4921 0.5683, 0.4053 0.4921 0.5684, 0.4126 0.4921 0.5676, 0.4205 0.4921 0.5648, 0.4277 0.4921 0.5602, 0.4338 0.4921 0.5538, 0.4381 0.4921 0.5459, 0.4403 0.4921 0.5373, 0.4406 0.4921 0.5331, 0.4398 0.4921 0.5259, 0.4371 0.4921 0.5181, 0.4325 0.4921 0.5108, 0.4259 0.4921 0.5046, 0.418 0.4921 0.5001, 0.4103 0.4921 0.498, 0.4076 0.4921 0.4978, 0.3404 0.4921 0.4978, 0.3023 0.4921 0.5058, 0.2676 0.4921 0.5229, 0.2368 0.4921 0.549, 0.2141 0.4921 0.5807, 0.1998 0.4921 0.6168, 0.6751 0.4921 0.5797, 0.6674 0.4921 0.5791, 0.6567 0.4921 0.5757, 0.6473 0.4921 0.5699, 0.6396 0.4921 0.562, 0.6343 0.4921 0.5529, 0.6313 0.4921 0.5425, 0.6309 0.4921 0.5315, 0.6333 0.4921 0.5205, 0.6384 0.4921 0.5105, 0.6456 0.4921 0.5022, 0.6543 0.4921 0.4961, 0.6642 0.4921 0.4923, 0.6751 0.4921 0.4909, 0.6855 0.4921 0.4922, 0.6959 0.4921 0.4961, 0.705 0.4921 0.5025, 0.7122 0.4921 0.5108, 0.7169 0.4921 0.5203, 0.7193 0.4921 0.5308, 0.719 0.4921 0.5419, 0.716 0.4921 0.5527, 0.7104 0.4921 0.5623, 0.7048 0.4921 0.5683, 0.6959 0.4921 0.5746, 0.6859 0.4921 0.5784
            ]
        }
        coordIndex [
            0,1,2,-1,3,4,5,-1,6,7,8,-1,9,10,11,-1,11,10,12,-1,5,4,13,-1,14,15,16,-1,17,18,10,-1,10,18,19,-1,10,19,12,-1,12,19,20,-1,21,22,23,-1,23,22,24,-1,23,24,25,-1,25,24,26,-1,25,26,27,-1,27,26,28,-1,27,28,29,-1,29,28,2,-1,29,2,30,-1,31,32,21,-1,21,32,33,-1,21,33,22,-1,9,11,16,-1,16,11,34,-1,16,34,14,-1,35,1,36,-1,36,1,37,-1,36,37,38,-1,39,40,41,-1,41,40,42,-1,41,42,43,-1,43,42,44,-1,43,44,45,-1,45,44,46,-1,6,8,47,-1,47,8,48,-1,47,48,49,-1,49,48,50,-1,49,50,51,-1,52,53,2,-1,2,53,54,-1,2,54,0,-1,4,55,13,-1,13,55,56,-1,13,56,57,-1,57,56,58,-1,57,58,6,-1,6,58,59,-1,6,59,7,-1,20,19,21,-1,21,19,60,-1,21,60,31,-1,44,61,46,-1,46,61,62,-1,46,62,63,-1,63,62,64,-1,63,64,65,-1,65,64,66,-1,64,67,66,-1,66,67,68,-1,66,68,69,-1,69,68,70,-1,69,70,71,-1,71,70,72,-1,71,72,73,-1,5,74,3,-1,3,74,75,-1,3,75,76,-1,76,75,77,-1,76,77,78,-1,78,77,79,-1,78,79,80,-1,35,81,1,-1,1,81,82,-1,1,82,2,-1,2,82,83,-1,2,83,30,-1,84,85,86,-1,86,85,87,-1,86,87,41,-1,41,87,88,-1,41,88,39,-1,15,89,16,-1,16,89,90,-1,16,90,91,-1,91,90,92,-1,91,92,93,-1,93,92,94,-1,93,94,95,-1,95,94,96,-1,95,96,97,-1,97,96,98,-1,97,98,99,-1,99,98,100,-1,99,100,101,-1,101,100,102,-1,101,102,103,-1,103,102,38,-1,103,38,104,-1,104,38,37,-1,51,50,105,-1,105,50,106,-1,105,106,107,-1,107,106,108,-1,107,108,109,-1,109,108,110,-1,109,110,111,-1,111,110,112,-1,111,112,84,-1,84,112,113,-1,84,113,85,-1,79,114,80,-1,80,114,115,-1,80,115,116,-1,116,115,117,-1,116,117,118,-1,118,117,119,-1,118,119,120,-1,120,119,121,-1,120,121,122,-1,122,121,123,-1,122,123,52,-1,52,123,124,-1,52,124,53,-1,125,126,127,-1,127,126,128,-1,125,127,129,-1,129,127,130,-1,129,130,131,-1,131,130,132,-1,131,132,133,-1,72,134,73,-1,73,134,135,-1,73,135,136,-1,136,135,137,-1,136,137,138,-1,138,137,139,-1,138,139,140,-1,140,139,141,-1,140,141,142,-1,142,141,143,-1,142,143,144,-1,144,143,145,-1,144,145,146,-1,146,145,127,-1,146,127,147,-1,147,127,128,-1,133,148,131,-1,131,148,149,-1,131,149,150,-1,66,151,152,-1,153,46,63,-1,66,152,65,-1,65,152,154,-1,65,154,63,-1,63,154,155,-1,63,155,153,-1,153,156,46,-1,46,156,157,-1,46,157,45,-1,45,157,158,-1,45,158,43,-1,43,158,159,-1,43,159,41,-1,41,159,160,-1,41,160,86,-1,86,160,161,-1,86,161,84,-1,111,84,162,-1,162,84,161,-1,162,163,111,-1,111,163,164,-1,111,164,109,-1,109,164,165,-1,109,165,107,-1,107,165,166,-1,107,166,105,-1,105,166,167,-1,105,167,51,-1,51,167,49,-1,49,167,168,-1,49,168,169,-1,49,169,170,-1,49,170,47,-1,47,170,171,-1,47,171,6,-1,6,171,172,-1,6,172,57,-1,57,172,173,-1,57,173,13,-1,13,173,174,-1,13,174,5,-1,5,174,175,-1,5,175,74,-1,74,175,176,-1,74,176,75,-1,75,176,177,-1,75,177,77,-1,178,117,115,-1,77,177,179,-1,77,179,79,-1,79,179,180,-1,79,180,114,-1,180,181,114,-1,114,181,182,-1,114,182,115,-1,115,182,183,-1,115,183,178,-1,117,178,184,-1,117,184,119,-1,119,184,185,-1,119,185,121,-1,121,185,186,-1,121,186,123,-1,123,186,187,-1,123,187,124,-1,124,187,188,-1,124,188,53,-1,53,188,189,-1,53,189,54,-1,54,189,190,-1,54,190,0,-1,190,191,0,-1,0,191,192,-1,0,192,1,-1,1,192,193,-1,1,193,37,-1,37,193,194,-1,37,194,104,-1,194,195,104,-1,104,195,196,-1,104,196,103,-1,103,196,197,-1,103,197,101,-1,101,197,198,-1,199,97,198,-1,198,97,99,-1,198,99,101,-1,199,200,97,-1,97,200,201,-1,97,201,95,-1,95,201,202,-1,95,202,93,-1,93,202,203,-1,93,203,91,-1,203,204,91,-1,91,204,205,-1,91,205,16,-1,16,205,206,-1,16,206,9,-1,10,9,207,-1,207,9,206,-1,17,10,208,-1,208,10,207,-1,18,17,209,-1,209,17,208,-1,19,18,210,-1,210,18,209,-1,19,210,211,-1,19,211,60,-1,60,211,212,-1,60,212,31,-1,31,212,213,-1,31,213,32,-1,32,213,214,-1,32,214,33,-1,33,214,215,-1,33,215,22,-1,22,215,216,-1,22,216,24,-1,24,216,217,-1,24,217,26,-1,26,217,218,-1,26,218,28,-1,28,218,219,-1,28,219,2,-1,2,219,220,-1,2,220,52,-1,52,220,221,-1,52,221,122,-1,122,221,222,-1,122,222,120,-1,120,222,223,-1,120,223,118,-1,118,223,224,-1,118,224,116,-1,80,116,224,-1,224,225,80,-1,80,225,226,-1,80,226,227,-1,228,76,227,-1,227,76,78,-1,227,78,80,-1,228,229,76,-1,76,229,230,-1,76,230,3,-1,3,230,231,-1,3,231,4,-1,4,231,232,-1,4,232,55,-1,55,232,233,-1,55,233,56,-1,56,233,234,-1,56,234,58,-1,58,234,235,-1,58,235,59,-1,59,235,236,-1,59,236,7,-1,7,236,237,-1,7,237,8,-1,8,237,238,-1,8,238,48,-1,48,238,239,-1,48,239,50,-1,50,239,240,-1,50,240,106,-1,106,240,241,-1,106,241,108,-1,108,241,242,-1,108,242,110,-1,110,242,243,-1,110,243,112,-1,112,243,244,-1,112,244,113,-1,113,244,245,-1,113,245,85,-1,85,245,246,-1,85,246,87,-1,87,246,247,-1,87,247,88,-1,88,247,39,-1,39,247,248,-1,39,248,249,-1,40,39,250,-1,250,39,249,-1,40,250,251,-1,40,251,42,-1,42,251,252,-1,42,252,44,-1,44,252,253,-1,44,253,61,-1,61,253,254,-1,61,254,62,-1,62,254,255,-1,62,255,64,-1,255,256,64,-1,64,256,257,-1,64,257,67,-1,67,257,258,-1,67,258,68,-1,68,258,259,-1,68,259,70,-1,70,259,260,-1,70,260,72,-1,72,260,261,-1,72,261,134,-1,134,261,262,-1,134,262,135,-1,135,262,263,-1,135,263,137,-1,137,263,264,-1,137,264,139,-1,139,264,265,-1,139,265,141,-1,143,141,266,-1,266,141,265,-1,143,266,267,-1,143,267,145,-1,145,267,268,-1,145,268,127,-1,127,268,269,-1,127,269,130,-1,130,269,270,-1,130,270,132,-1,132,270,271,-1,132,271,133,-1,133,271,272,-1,133,272,148,-1,148,272,273,-1,148,273,149,-1,149,273,274,-1,149,274,150,-1,150,274,275,-1,150,275,131,-1,131,275,276,-1,131,276,129,-1,129,276,277,-1,129,277,125,-1,125,277,278,-1,125,278,126,-1,126,278,279,-1,126,279,128,-1,128,279,280,-1,128,280,147,-1,147,280,281,-1,147,281,146,-1,146,281,282,-1,146,282,144,-1,144,282,283,-1,144,283,142,-1,140,142,284,-1,284,142,283,-1,140,284,285,-1,140,285,138,-1,138,285,286,-1,138,286,136,-1,136,286,287,-1,136,287,73,-1,73,287,288,-1,73,288,71,-1,71,288,289,-1,71,289,69,-1,69,289,151,-1,69,151,66,-1,20,290,291,-1,20,291,12,-1,12,291,292,-1,12,292,11,-1,11,292,293,-1,11,293,34,-1,34,293,294,-1,34,294,14,-1,14,294,295,-1,14,295,15,-1,15,295,296,-1,15,296,89,-1,89,296,297,-1,89,297,90,-1,90,297,298,-1,90,298,92,-1,92,298,299,-1,92,299,94,-1,94,299,300,-1,94,300,96,-1,96,300,301,-1,96,301,98,-1,98,301,302,-1,98,302,100,-1,100,302,303,-1,100,303,102,-1,102,303,304,-1,102,304,38,-1,38,304,305,-1,38,305,36,-1,36,305,306,-1,36,306,35,-1,35,306,307,-1,35,307,81,-1,81,307,308,-1,81,308,82,-1,82,308,309,-1,82,309,83,-1,83,309,310,-1,83,310,30,-1,30,310,311,-1,30,311,29,-1,29,311,312,-1,29,312,27,-1,27,312,313,-1,27,313,25,-1,25,313,314,-1,25,314,23,-1,23,314,315,-1,23,315,21,-1,21,315,290,-1,21,290,20,-1,
        ]
    }
}
Shape{
    appearance Appearance {
        material  Material {
            diffuseColor 0.2235294117647059 0.2235294117647059 0.2235294117647059
            specularColor 0.11372549019607843 0.11372549019607843 0.11372549019607843
            ambientIntensity 0.2235
            transparency 0.0
            shininess 0.5
        }
    }
    geometry IndexedFaceSet {
        ccw TRUE
        solid FALSE
        coord DEF co Coordinate {
            point [
                0.6751 0.4921 0.4909, 0.7048 0.4921 0.5683, 0.7104 0.4921 0.5623, 0.6751 0.4921 0.5797, 0.6674 0.4921 0.5791, 0.6642 0.4921 0.4923, 0.6859 0.4921 0.5784, 0.6959 0.4921 0.5746, 0.6456 0.4921 0.5022, 0.6396 0.4921 0.562, 0.6473 0.4921 0.5699, 0.7169 0.4921 0.5203, 0.7122 0.4921 0.5108, 0.705 0.4921 0.5025, 0.6543 0.4921 0.4961, 0.6567 0.4921 0.5757, 0.716 0.4921 0.5527, 0.719 0.4921 0.5419, 0.7193 0.4921 0.5308, 0.6959 0.4921 0.4961, 0.6855 0.4921 0.4922, 0.6333 0.4921 0.5205, 0.6309 0.4921 0.5315, 0.6384 0.4921 0.5105, 0.6313 0.4921 0.5425, 0.6343 0.4921 0.5529
            ]
        }
        coordIndex [
            0,1,2,-1,3,0,4,-1,4,0,5,-1,3,6,0,-1,0,6,7,-1,0,7,1,-1,8,9,10,-1,11,12,2,-1,2,12,13,-1,5,14,4,-1,4,14,8,-1,4,8,15,-1,15,8,10,-1,16,17,2,-1,2,17,18,-1,2,18,11,-1,13,19,2,-1,2,19,20,-1,2,20,0,-1,21,22,23,-1,23,22,24,-1,23,24,8,-1,8,24,25,-1,8,25,9,-1,
        ]
    }
}
Shape{
    appearance Appearance {
        material  Material {
            diffuseColor 0.9686274509803922 0.8784313725490196 0.6
            specularColor 0.6784313725490196 0.615686274509804 0.4196078431372549
            ambientIntensity 0.8737
            transparency 0.0
            shininess 0.5
        }
    }
    geometry IndexedFaceSet {
        ccw TRUE
        solid FALSE
        coord DEF co Coordinate {
            point [
                -0.6181 0.1597 2.7846, -0.6181 0.1597 2.8571, -0.6181 0.199 2.8571, -0.6181 0.199 2.7846, -0.6181 0.197 2.7538, -0.6181 0.153 2.7337, -0.6181 0.191 2.7235, -0.6181 0.1197 2.6095, -0.6181 0.1577 2.5993, -0.6181 0.1181 2.6032, -0.6181 0.1526 2.5677, -0.6181 0.1181 2.5139, -0.6181 0.154 2.5357, -0.6181 0.1248 2.4912, -0.6181 0.1618 2.5047, -0.6181 0.1456 2.4342, -0.6181 0.1826 2.4477, -0.6181 0.1545 2.401, -0.6181 0.1933 2.4079, -0.6181 0.1575 2.3669, -0.6181 0.1969 2.3669, -0.6181 0.1575 1.1417, -0.6181 0.1969 1.1417, -0.699 0.1181 2.8571, -0.6597 0.1181 2.8571, -0.699 0.1181 2.7846, -0.6597 0.1181 2.7846, -0.697 0.1181 2.7538, -0.653 0.1181 2.7337, -0.6575 0.1181 1.1417, -0.6969 0.1181 1.1417, -0.6575 0.1181 2.3669, -0.6969 0.1181 2.3669, -0.6545 0.1181 2.401, -0.6933 0.1181 2.4079, -0.6456 0.1181 2.4342, -0.6826 0.1181 2.4477, -0.6248 0.1181 2.4912, -0.6618 0.1181 2.5047, -0.654 0.1181 2.5357, -0.6526 0.1181 2.5677, -0.6197 0.1181 2.6095, -0.6577 0.1181 2.5993, -0.691 0.1181 2.7235, -0.4803 0.9252 0.0, -0.4016 0.8465 0.0, -0.5197 0.9252 0.0, -0.4016 0.1969 0.0, -0.5984 0.1969 0.0, -0.5984 0.8465 0.0, -0.5957 0.8668 0.0, -0.5879 0.8858 0.0, -0.5754 0.9021 0.0, -0.5591 0.9146 0.0, -0.5401 0.9225 0.0, -0.4246 0.9021 0.0, -0.4409 0.9146 0.0, -0.4599 0.9225 0.0, -0.4121 0.8858 0.0, -0.4043 0.8668 0.0, -0.5197 0.9252 0.0394, -0.4803 0.9252 0.0394, -0.5984 0.8465 0.0394, -0.5984 0.1969 0.0394, -0.4016 0.1969 0.0394, -0.5957 0.8668 0.0394, -0.5401 0.9225 0.0394, -0.5591 0.9146 0.0394, -0.5879 0.8858 0.0394, -0.5754 0.9021 0.0394, -0.4016 0.8465 0.0394, -0.4043 0.8668 0.0394, -0.4121 0.8858 0.0394, -0.4246 0.9021 0.0394, -0.4409 0.9146 0.0394, -0.4599 0.9225 0.0394, -0.6535 0.1969 0.8268, -0.6535 0.1969 1.1417, -0.3819 0.1969 2.3669, -0.3819 0.1969 1.1417, -0.5984 0.1969 0.8268, -0.4016 0.1969 0.8268, -0.3465 0.1969 1.1417, -0.3465 0.1969 0.8268, -0.6535 0.1575 1.1417, -0.6535 0.1575 0.8268, -0.4016 0.1575 0.8268, -0.3465 0.1575 0.8268, -0.3465 0.1575 1.1417, -0.3819 0.1575 1.1417, -0.3819 0.1575 2.3669, -0.5984 0.1575 0.8268, -0.5984 0.1575 0.0394, -0.4016 0.1575 0.0394, -0.4016 0.1867 0.0013, -0.5984 0.1867 0.0013, -0.4016 0.1772 0.0053, -0.5984 0.1772 0.0053, -0.4016 0.169 0.0115, -0.5984 0.169 0.0115, -0.4016 0.1628 0.0197, -0.5984 0.1628 0.0197, -0.4016 0.1588 0.0292, -0.5984 0.1588 0.0292, -0.3454 0.1573 0.8268, -0.3352 0.1954 0.8268, -0.3445 0.157 0.8268, -0.3248 0.191 0.8268, -0.3437 0.1563 0.8268, -0.3158 0.1842 0.8268, -0.343 0.1555 0.8268, -0.309 0.1752 0.8268, -0.3427 0.1546 0.8268, -0.3046 0.1648 0.8268, -0.3425 0.1535 0.8268, -0.3031 0.1535 0.8268, -0.3425 -0.1181 0.8268, -0.3031 -0.1181 0.8268, -0.3819 0.199 2.7846, -0.3819 0.199 2.8571, -0.3819 0.1597 2.8571, -0.3819 0.1597 2.7846, -0.3819 0.153 2.7337, -0.3819 0.1197 2.6095, -0.6133 0.1133 2.57, -0.3819 0.1181 2.6032, -0.3819 0.1248 2.4912, -0.3819 0.1181 2.5139, -0.6159 0.1159 2.5301, -0.3849 0.1151 2.53, -0.6132 0.1132 2.55, -0.3868 0.1132 2.55, -0.3867 0.1133 2.57, -0.3819 0.1456 2.4342, -0.3819 0.1545 2.401, -0.6575 -0.1181 0.8268, -0.6969 -0.1181 0.8268, -0.6575 0.1535 0.8268, -0.6969 0.1535 0.8268, -0.6573 0.1546 0.8268, -0.6954 0.1648 0.8268, -0.657 0.1555 0.8268, -0.691 0.1752 0.8268, -0.6563 0.1563 0.8268, -0.6842 0.1842 0.8268, -0.6555 0.157 0.8268, -0.6752 0.191 0.8268, -0.6546 0.1573 0.8268, -0.6648 0.1954 0.8268, -0.3819 0.1826 2.4477, -0.3819 0.1933 2.4079, -0.3819 0.1618 2.5047, -0.3819 0.1577 2.5993, -0.3819 0.1526 2.5677, -0.3819 0.154 2.5357, -0.3819 0.191 2.7235, -0.3819 0.197 2.7538, -0.3403 0.1181 2.7846, -0.3403 0.1181 2.8571, -0.301 0.1181 2.8571, -0.301 0.1181 2.7846, -0.303 0.1181 2.7538, -0.347 0.1181 2.7337, -0.309 0.1181 2.7235, -0.3803 0.1181 2.6095, -0.3423 0.1181 2.5993, -0.3474 0.1181 2.5677, -0.346 0.1181 2.5357, -0.3752 0.1181 2.4912, -0.3382 0.1181 2.5047, -0.3544 0.1181 2.4342, -0.3174 0.1181 2.4477, -0.3455 0.1181 2.401, -0.3067 0.1181 2.4079, -0.3425 0.1181 2.3669, -0.3031 0.1181 2.3669, -0.3425 0.1181 1.1417, -0.3031 0.1181 1.1417, -0.301 -0.1181 2.7846, -0.301 -0.1181 2.8571, -0.3403 -0.1181 2.8571, -0.3403 -0.1181 2.7846, -0.347 -0.1181 2.7337, -0.3803 -0.1181 2.6095, -0.3752 -0.1181 2.4912, -0.3849 -0.1181 2.53, -0.3867 -0.1181 2.57, -0.3544 -0.1181 2.4342, -0.3425 -0.1181 2.3669, -0.3455 -0.1181 2.401, -0.3425 0.1535 1.1417, -0.3031 -0.1181 2.3669, -0.3031 0.1535 1.1417, -0.3174 -0.1181 2.4477, -0.3067 -0.1181 2.4079, -0.3382 -0.1181 2.5047, -0.3423 -0.1181 2.5993, -0.3474 -0.1181 2.5677, -0.346 -0.1181 2.5357, -0.309 -0.1181 2.7235, -0.303 -0.1181 2.7538, -0.699 -0.1181 2.7846, -0.699 -0.1181 2.8571, -0.6597 -0.1181 2.8571, -0.6597 -0.1181 2.7846, -0.653 -0.1181 2.7337, -0.6197 -0.1181 2.6095, -0.6133 -0.1181 2.57, -0.6151 -0.1181 2.53, -0.6248 -0.1181 2.4912, -0.6456 -0.1181 2.4342, -0.6575 -0.1181 2.3669, -0.6545 -0.1181 2.401, -0.6575 0.1535 1.1417, -0.6969 0.1535 1.1417, -0.6969 -0.1181 2.3669, -0.6826 -0.1181 2.4477, -0.6933 -0.1181 2.4079, -0.6618 -0.1181 2.5047, -0.6577 -0.1181 2.5993, -0.6526 -0.1181 2.5677, -0.654 -0.1181 2.5357, -0.691 -0.1181 2.7235, -0.697 -0.1181 2.7538, -0.3046 0.1648 1.1417, -0.309 0.1752 1.1417, -0.3158 0.1842 1.1417, -0.3248 0.191 1.1417, -0.3352 0.1954 1.1417, -0.3454 0.1573 1.1417, -0.3445 0.157 1.1417, -0.3437 0.1563 1.1417, -0.343 0.1555 1.1417, -0.3427 0.1546 1.1417, -0.6648 0.1954 1.1417, -0.6752 0.191 1.1417, -0.6842 0.1842 1.1417, -0.691 0.1752 1.1417, -0.6954 0.1648 1.1417, -0.6573 0.1546 1.1417, -0.657 0.1555 1.1417, -0.6563 0.1563 1.1417, -0.6555 0.157 1.1417, -0.6546 0.1573 1.1417, -1.6181 -0.199 2.8571, -1.6181 -0.1597 2.8571, -1.6181 -0.199 2.7846, -1.6181 -0.1597 2.7846, -1.6181 -0.197 2.7538, -1.6181 -0.153 2.7337, -1.6181 -0.1575 1.1417, -1.6181 -0.1969 1.1417, -1.6181 -0.1575 2.3669, -1.6181 -0.1969 2.3669, -1.6181 -0.1545 2.401, -1.6181 -0.1933 2.4079, -1.6181 -0.1456 2.4342, -1.6181 -0.1826 2.4477, -1.6181 -0.1248 2.4912, -1.6181 -0.1618 2.5047, -1.6181 -0.1181 2.5139, -1.6181 -0.154 2.5357, -1.6181 -0.1181 2.6032, -1.6181 -0.1526 2.5677, -1.6181 -0.1197 2.6095, -1.6181 -0.1577 2.5993, -1.6181 -0.191 2.7235, -1.6597 -0.1181 2.7846, -1.6597 -0.1181 2.8571, -1.699 -0.1181 2.8571, -1.699 -0.1181 2.7846, -1.697 -0.1181 2.7538, -1.653 -0.1181 2.7337, -1.691 -0.1181 2.7235, -1.6197 -0.1181 2.6095, -1.6577 -0.1181 2.5993, -1.6526 -0.1181 2.5677, -1.654 -0.1181 2.5357, -1.6248 -0.1181 2.4912, -1.6618 -0.1181 2.5047, -1.6456 -0.1181 2.4342, -1.6826 -0.1181 2.4477, -1.6545 -0.1181 2.401, -1.6933 -0.1181 2.4079, -1.6575 -0.1181 2.3669, -1.6969 -0.1181 2.3669, -1.6575 -0.1181 1.1417, -1.6969 -0.1181 1.1417, -1.5984 -0.1969 0.0, -1.4016 -0.1969 0.0, -1.5984 -0.8465 0.0, -1.4016 -0.8465 0.0, -1.5401 -0.9225 0.0, -1.5957 -0.8668 0.0, -1.5197 -0.9252 0.0, -1.4803 -0.9252 0.0, -1.4599 -0.9225 0.0, -1.4043 -0.8668 0.0, -1.5591 -0.9146 0.0, -1.5754 -0.9021 0.0, -1.5879 -0.8858 0.0, -1.4121 -0.8858 0.0, -1.4246 -0.9021 0.0, -1.4409 -0.9146 0.0, -1.4803 -0.9252 0.0394, -1.5197 -0.9252 0.0394, -1.4043 -0.8668 0.0394, -1.4016 -0.8465 0.0394, -1.4599 -0.9225 0.0394, -1.4016 -0.1969 0.0394, -1.5984 -0.1969 0.0394, -1.5984 -0.8465 0.0394, -1.5401 -0.9225 0.0394, -1.5957 -0.8668 0.0394, -1.5879 -0.8858 0.0394, -1.5754 -0.9021 0.0394, -1.5591 -0.9146 0.0394, -1.4409 -0.9146 0.0394, -1.4246 -0.9021 0.0394, -1.4121 -0.8858 0.0394, -1.6535 -0.1969 1.1417, -1.6535 -0.1969 0.8268, -1.4016 -0.1969 0.8268, -1.3465 -0.1969 0.8268, -1.3465 -0.1969 1.1417, -1.3819 -0.1969 1.1417, -1.3819 -0.1969 2.3669, -1.5984 -0.1969 0.8268, -1.6535 -0.1575 0.8268, -1.6535 -0.1575 1.1417, -1.3819 -0.1575 2.3669, -1.3819 -0.1575 1.1417, -1.5984 -0.1575 0.8268, -1.4016 -0.1575 0.0394, -1.5984 -0.1575 0.0394, -1.4016 -0.1575 0.8268, -1.3465 -0.1575 1.1417, -1.3465 -0.1575 0.8268, -1.4016 -0.1588 0.0292, -1.5984 -0.1588 0.0292, -1.4016 -0.1628 0.0197, -1.5984 -0.1628 0.0197, -1.4016 -0.169 0.0115, -1.5984 -0.169 0.0115, -1.4016 -0.1772 0.0053, -1.5984 -0.1772 0.0053, -1.4016 -0.1867 0.0013, -1.5984 -0.1867 0.0013, -1.3352 -0.1954 0.8268, -1.3456 -0.1574 0.8268, -1.3248 -0.191 0.8268, -1.3447 -0.1571 0.8268, -1.3158 -0.1842 0.8268, -1.3425 0.1181 0.8268, -1.3031 0.1181 0.8268, -1.3425 -0.1535 0.8268, -1.3031 -0.1535 0.8268, -1.3426 -0.1544 0.8268, -1.3046 -0.1648 0.8268, -1.3429 -0.1553 0.8268, -1.309 -0.1752 0.8268, -1.3434 -0.156 0.8268, -1.344 -0.1566 0.8268, -1.3819 -0.199 2.8571, -1.3819 -0.199 2.7846, -1.3819 -0.1597 2.8571, -1.3819 -0.1597 2.7846, -1.3819 -0.153 2.7337, -1.3819 -0.1197 2.6095, -1.6132 -0.1132 2.55, -1.3849 -0.1151 2.53, -1.6159 -0.1159 2.5301, -1.3819 -0.1181 2.5139, -1.3819 -0.1248 2.4912, -1.3819 -0.1181 2.6032, -1.6133 -0.1133 2.57, -1.3867 -0.1133 2.57, -1.3868 -0.1132 2.55, -1.3819 -0.1456 2.4342, -1.3819 -0.1545 2.401, -1.6546 -0.1573 0.8268, -1.6648 -0.1954 0.8268, -1.6555 -0.157 0.8268, -1.6752 -0.191 0.8268, -1.6563 -0.1563 0.8268, -1.6842 -0.1842 0.8268, -1.657 -0.1555 0.8268, -1.691 -0.1752 0.8268, -1.6573 -0.1546 0.8268, -1.6954 -0.1648 0.8268, -1.6575 -0.1535 0.8268, -1.6969 -0.1535 0.8268, -1.6575 0.1181 0.8268, -1.6969 0.1181 0.8268, -1.3819 -0.1933 2.4079, -1.3819 -0.1826 2.4477, -1.3819 -0.1618 2.5047, -1.3819 -0.154 2.5357, -1.3819 -0.1526 2.5677, -1.3819 -0.1577 2.5993, -1.3819 -0.191 2.7235, -1.3819 -0.197 2.7538, -1.301 -0.1181 2.8571, -1.3403 -0.1181 2.8571, -1.301 -0.1181 2.7846, -1.3403 -0.1181 2.7846, -1.303 -0.1181 2.7538, -1.347 -0.1181 2.7337, -1.3425 -0.1181 1.1417, -1.3031 -0.1181 1.1417, -1.3425 -0.1181 2.3669, -1.3031 -0.1181 2.3669, -1.3455 -0.1181 2.401, -1.3067 -0.1181 2.4079, -1.3544 -0.1181 2.4342, -1.3174 -0.1181 2.4477, -1.3752 -0.1181 2.4912, -1.3382 -0.1181 2.5047, -1.346 -0.1181 2.5357, -1.3474 -0.1181 2.5677, -1.3803 -0.1181 2.6095, -1.3423 -0.1181 2.5993, -1.309 -0.1181 2.7235, -1.301 0.1181 2.8571, -1.301 0.1181 2.7846, -1.3403 0.1181 2.8571, -1.3403 0.1181 2.7846, -1.347 0.1181 2.7337, -1.3803 0.1181 2.6095, -1.3867 0.1181 2.57, -1.3849 0.1181 2.53, -1.3752 0.1181 2.4912, -1.3544 0.1181 2.4342, -1.3455 0.1181 2.401, -1.3425 0.1181 2.3669, -1.3425 -0.1535 1.1417, -1.3031 -0.1535 1.1417, -1.3031 0.1181 2.3669, -1.3067 0.1181 2.4079, -1.3174 0.1181 2.4477, -1.3382 0.1181 2.5047, -1.346 0.1181 2.5357, -1.3474 0.1181 2.5677, -1.3423 0.1181 2.5993, -1.309 0.1181 2.7235, -1.303 0.1181 2.7538, -1.699 0.1181 2.8571, -1.699 0.1181 2.7846, -1.6597 0.1181 2.8571, -1.6597 0.1181 2.7846, -1.653 0.1181 2.7337, -1.6197 0.1181 2.6095, -1.6248 0.1181 2.4912, -1.6151 0.1181 2.53, -1.6133 0.1181 2.57, -1.6456 0.1181 2.4342, -1.6545 0.1181 2.401, -1.6575 0.1181 2.3669, -1.6575 -0.1535 1.1417, -1.6969 0.1181 2.3669, -1.6969 -0.1535 1.1417, -1.6933 0.1181 2.4079, -1.6826 0.1181 2.4477, -1.6618 0.1181 2.5047, -1.654 0.1181 2.5357, -1.6526 0.1181 2.5677, -1.6577 0.1181 2.5993, -1.691 0.1181 2.7235, -1.697 0.1181 2.7538, -1.3352 -0.1954 1.1417, -1.3248 -0.191 1.1417, -1.3158 -0.1842 1.1417, -1.309 -0.1752 1.1417, -1.3046 -0.1648 1.1417, -1.3426 -0.1544 1.1417, -1.3429 -0.1553 1.1417, -1.3434 -0.156 1.1417, -1.344 -0.1566 1.1417, -1.3447 -0.1571 1.1417, -1.3456 -0.1574 1.1417, -1.6954 -0.1648 1.1417, -1.691 -0.1752 1.1417, -1.6842 -0.1842 1.1417, -1.6752 -0.191 1.1417, -1.6648 -0.1954 1.1417, -1.6546 -0.1573 1.1417, -1.6555 -0.157 1.1417, -1.6563 -0.1563 1.1417, -1.657 -0.1555 1.1417, -1.6573 -0.1546 1.1417, 1.3819 0.1597 2.7846, 1.3819 0.1597 2.8571, 1.3819 0.199 2.8571, 1.3819 0.199 2.7846, 1.3819 0.197 2.7538, 1.3819 0.153 2.7337, 1.3819 0.191 2.7235, 1.3819 0.1197 2.6095, 1.3819 0.1577 2.5993, 1.3819 0.1181 2.6032, 1.3819 0.1526 2.5677, 1.3819 0.1181 2.5139, 1.3819 0.154 2.5357, 1.3819 0.1248 2.4912, 1.3819 0.1618 2.5047, 1.3819 0.1456 2.4342, 1.3819 0.1826 2.4477, 1.3819 0.1545 2.401, 1.3819 0.1933 2.4079, 1.3819 0.1575 2.3669, 1.3819 0.1969 2.3669, 1.3819 0.1575 1.1417, 1.3819 0.1969 1.1417, 1.301 0.1181 2.8571, 1.3403 0.1181 2.8571, 1.301 0.1181 2.7846, 1.3403 0.1181 2.7846, 1.303 0.1181 2.7538, 1.347 0.1181 2.7337, 1.3425 0.1181 1.1417, 1.3031 0.1181 1.1417, 1.3425 0.1181 2.3669, 1.3031 0.1181 2.3669, 1.3455 0.1181 2.401, 1.3067 0.1181 2.4079, 1.3544 0.1181 2.4342, 1.3174 0.1181 2.4477, 1.3752 0.1181 2.4912, 1.3382 0.1181 2.5047, 1.346 0.1181 2.5357, 1.3474 0.1181 2.5677, 1.3803 0.1181 2.6095, 1.3423 0.1181 2.5993, 1.309 0.1181 2.7235, 1.5984 0.1969 0.0, 1.4016 0.1969 0.0, 1.4803 0.9252 0.0, 1.4016 0.8465 0.0, 1.4599 0.9225 0.0, 1.4121 0.8858 0.0, 1.4246 0.9021 0.0, 1.4409 0.9146 0.0, 1.5754 0.9021 0.0, 1.5879 0.8858 0.0, 1.5957 0.8668 0.0, 1.4043 0.8668 0.0, 1.5591 0.9146 0.0, 1.5984 0.8465 0.0, 1.5197 0.9252 0.0, 1.5401 0.9225 0.0, 1.4803 0.9252 0.0394, 1.5197 0.9252 0.0394, 1.4043 0.8668 0.0394, 1.4016 0.8465 0.0394, 1.5957 0.8668 0.0394, 1.5984 0.8465 0.0394, 1.5984 0.1969 0.0394, 1.4016 0.1969 0.0394, 1.4599 0.9225 0.0394, 1.4409 0.9146 0.0394, 1.4121 0.8858 0.0394, 1.4246 0.9021 0.0394, 1.5879 0.8858 0.0394, 1.5754 0.9021 0.0394, 1.5591 0.9146 0.0394, 1.5401 0.9225 0.0394, 1.3465 0.1969 0.8268, 1.3465 0.1969 1.1417, 1.6181 0.1969 2.3669, 1.6181 0.1969 1.1417, 1.4016 0.1969 0.8268, 1.5984 0.1969 0.8268, 1.6535 0.1969 1.1417, 1.6535 0.1969 0.8268, 1.3465 0.1575 1.1417, 1.3465 0.1575 0.8268, 1.5984 0.1575 0.8268, 1.6535 0.1575 0.8268, 1.6535 0.1575 1.1417, 1.6181 0.1575 1.1417, 1.6181 0.1575 2.3669, 1.4016 0.1575 0.8268, 1.4016 0.1575 0.0394, 1.5984 0.1575 0.0394, 1.5984 0.1867 0.0013, 1.4016 0.1867 0.0013, 1.5984 0.1772 0.0053, 1.4016 0.1772 0.0053, 1.5984 0.169 0.0115, 1.4016 0.169 0.0115, 1.5984 0.1628 0.0197, 1.4016 0.1628 0.0197, 1.5984 0.1588 0.0292, 1.4016 0.1588 0.0292, 1.6969 -0.1181 0.8268, 1.6575 -0.1181 0.8268, 1.6969 0.1535 0.8268, 1.6575 0.1535 0.8268, 1.6954 0.1648 0.8268, 1.6574 0.1544 0.8268, 1.691 0.1752 0.8268, 1.6571 0.1553 0.8268, 1.6842 0.1842 0.8268, 1.6544 0.1574 0.8268, 1.6648 0.1954 0.8268, 1.6553 0.1571 0.8268, 1.6752 0.191 0.8268, 1.656 0.1566 0.8268, 1.6566 0.156 0.8268, 1.6181 0.199 2.7846, 1.6181 0.199 2.8571, 1.6181 0.1597 2.8571, 1.6181 0.1597 2.7846, 1.6181 0.153 2.7337, 1.6181 0.1197 2.6095, 1.3867 0.1133 2.57, 1.6181 0.1181 2.6032, 1.6181 0.1248 2.4912, 1.6181 0.1181 2.5139, 1.3841 0.1159 2.5301, 1.6151 0.1151 2.53, 1.3868 0.1132 2.55, 1.6132 0.1132 2.55, 1.6133 0.1133 2.57, 1.6181 0.1456 2.4342, 1.6181 0.1545 2.401, 1.3425 -0.1181 0.8268, 1.3031 -0.1181 0.8268, 1.3425 0.1535 0.8268, 1.3031 0.1535 0.8268, 1.3427 0.1546 0.8268, 1.3046 0.1648 0.8268, 1.343 0.1555 0.8268, 1.309 0.1752 0.8268, 1.3437 0.1563 0.8268, 1.3158 0.1842 0.8268, 1.3445 0.157 0.8268, 1.3248 0.191 0.8268, 1.3454 0.1573 0.8268, 1.3352 0.1954 0.8268, 1.6181 0.1826 2.4477, 1.6181 0.1933 2.4079, 1.6181 0.1618 2.5047, 1.6181 0.1577 2.5993, 1.6181 0.1526 2.5677, 1.6181 0.154 2.5357, 1.6181 0.191 2.7235, 1.6181 0.197 2.7538, 1.6597 0.1181 2.7846, 1.6597 0.1181 2.8571, 1.699 0.1181 2.8571, 1.699 0.1181 2.7846, 1.697 0.1181 2.7538, 1.653 0.1181 2.7337, 1.691 0.1181 2.7235, 1.6197 0.1181 2.6095, 1.6577 0.1181 2.5993, 1.6526 0.1181 2.5677, 1.654 0.1181 2.5357, 1.6248 0.1181 2.4912, 1.6618 0.1181 2.5047, 1.6456 0.1181 2.4342, 1.6826 0.1181 2.4477, 1.6545 0.1181 2.401, 1.6933 0.1181 2.4079, 1.6575 0.1181 2.3669, 1.6969 0.1181 2.3669, 1.6575 0.1181 1.1417, 1.6969 0.1181 1.1417, 1.699 -0.1181 2.7846, 1.699 -0.1181 2.8571, 1.6597 -0.1181 2.8571, 1.6597 -0.1181 2.7846, 1.653 -0.1181 2.7337, 1.6197 -0.1181 2.6095, 1.6248 -0.1181 2.4912, 1.6151 -0.1181 2.53, 1.6133 -0.1181 2.57, 1.6456 -0.1181 2.4342, 1.6575 -0.1181 2.3669, 1.6545 -0.1181 2.401, 1.6575 0.1535 1.1417, 1.6969 -0.1181 2.3669, 1.6969 0.1535 1.1417, 1.6826 -0.1181 2.4477, 1.6933 -0.1181 2.4079, 1.6618 -0.1181 2.5047, 1.6577 -0.1181 2.5993, 1.6526 -0.1181 2.5677, 1.654 -0.1181 2.5357, 1.691 -0.1181 2.7235, 1.697 -0.1181 2.7538, 1.301 -0.1181 2.7846, 1.301 -0.1181 2.8571, 1.3403 -0.1181 2.8571, 1.3403 -0.1181 2.7846, 1.347 -0.1181 2.7337, 1.3803 -0.1181 2.6095, 1.3867 -0.1181 2.57, 1.3849 -0.1181 2.53, 1.3752 -0.1181 2.4912, 1.3544 -0.1181 2.4342, 1.3425 -0.1181 2.3669, 1.3455 -0.1181 2.401, 1.3425 0.1535 1.1417, 1.3031 0.1535 1.1417, 1.3031 -0.1181 2.3669, 1.3174 -0.1181 2.4477, 1.3067 -0.1181 2.4079, 1.3382 -0.1181 2.5047, 1.3423 -0.1181 2.5993, 1.3474 -0.1181 2.5677, 1.346 -0.1181 2.5357, 1.309 -0.1181 2.7235, 1.303 -0.1181 2.7538, 1.6954 0.1648 1.1417, 1.691 0.1752 1.1417, 1.6842 0.1842 1.1417, 1.6752 0.191 1.1417, 1.6648 0.1954 1.1417, 1.6544 0.1574 1.1417, 1.6553 0.1571 1.1417, 1.656 0.1566 1.1417, 1.6566 0.156 1.1417, 1.6571 0.1553 1.1417, 1.6574 0.1544 1.1417, 1.3352 0.1954 1.1417, 1.3248 0.191 1.1417, 1.3158 0.1842 1.1417, 1.309 0.1752 1.1417, 1.3046 0.1648 1.1417, 1.3427 0.1546 1.1417, 1.343 0.1555 1.1417, 1.3437 0.1563 1.1417, 1.3445 0.157 1.1417, 1.3454 0.1573 1.1417, 0.3819 -0.199 2.8571, 0.3819 -0.1597 2.8571, 0.3819 -0.199 2.7846, 0.3819 -0.1597 2.7846, 0.3819 -0.197 2.7538, 0.3819 -0.153 2.7337, 0.3819 -0.1575 1.1417, 0.3819 -0.1969 1.1417, 0.3819 -0.1575 2.3669, 0.3819 -0.1969 2.3669, 0.3819 -0.1545 2.401, 0.3819 -0.1933 2.4079, 0.3819 -0.1456 2.4342, 0.3819 -0.1826 2.4477, 0.3819 -0.1248 2.4912, 0.3819 -0.1618 2.5047, 0.3819 -0.1181 2.5139, 0.3819 -0.154 2.5357, 0.3819 -0.1181 2.6032, 0.3819 -0.1526 2.5677, 0.3819 -0.1197 2.6095, 0.3819 -0.1577 2.5993, 0.3819 -0.191 2.7235, 0.3403 -0.1181 2.7846, 0.3403 -0.1181 2.8571, 0.301 -0.1181 2.8571, 0.301 -0.1181 2.7846, 0.303 -0.1181 2.7538, 0.347 -0.1181 2.7337, 0.309 -0.1181 2.7235, 0.3803 -0.1181 2.6095, 0.3423 -0.1181 2.5993, 0.3474 -0.1181 2.5677, 0.346 -0.1181 2.5357, 0.3752 -0.1181 2.4912, 0.3382 -0.1181 2.5047, 0.3544 -0.1181 2.4342, 0.3174 -0.1181 2.4477, 0.3455 -0.1181 2.401, 0.3067 -0.1181 2.4079, 0.3425 -0.1181 2.3669, 0.3031 -0.1181 2.3669, 0.3425 -0.1181 1.1417, 0.3031 -0.1181 1.1417, 0.4016 -0.8465 0.0, 0.4016 -0.1969 0.0, 0.5984 -0.1969 0.0, 0.4803 -0.9252 0.0, 0.5984 -0.8465 0.0, 0.4599 -0.9225 0.0, 0.4409 -0.9146 0.0, 0.5957 -0.8668 0.0, 0.5401 -0.9225 0.0, 0.5197 -0.9252 0.0, 0.4246 -0.9021 0.0, 0.4121 -0.8858 0.0, 0.4043 -0.8668 0.0, 0.5879 -0.8858 0.0, 0.5754 -0.9021 0.0, 0.5591 -0.9146 0.0, 0.5197 -0.9252 0.0394, 0.4803 -0.9252 0.0394, 0.5957 -0.8668 0.0394, 0.5984 -0.8465 0.0394, 0.5401 -0.9225 0.0394, 0.5984 -0.1969 0.0394, 0.4016 -0.1969 0.0394, 0.4016 -0.8465 0.0394, 0.4599 -0.9225 0.0394, 0.4121 -0.8858 0.0394, 0.4246 -0.9021 0.0394, 0.4409 -0.9146 0.0394, 0.4043 -0.8668 0.0394, 0.5591 -0.9146 0.0394, 0.5754 -0.9021 0.0394, 0.5879 -0.8858 0.0394, 0.3465 -0.1969 1.1417, 0.3465 -0.1969 0.8268, 0.5984 -0.1969 0.8268, 0.6535 -0.1969 0.8268, 0.6535 -0.1969 1.1417, 0.6181 -0.1969 1.1417, 0.6181 -0.1969 2.3669, 0.4016 -0.1969 0.8268, 0.3465 -0.1575 0.8268, 0.3465 -0.1575 1.1417, 0.6181 -0.1575 2.3669, 0.6181 -0.1575 1.1417, 0.4016 -0.1575 0.8268, 0.5984 -0.1575 0.0394, 0.4016 -0.1575 0.0394, 0.5984 -0.1575 0.8268, 0.6535 -0.1575 1.1417, 0.6535 -0.1575 0.8268, 0.5984 -0.1588 0.0292, 0.4016 -0.1588 0.0292, 0.5984 -0.1628 0.0197, 0.4016 -0.1628 0.0197, 0.5984 -0.169 0.0115, 0.4016 -0.169 0.0115, 0.5984 -0.1772 0.0053, 0.4016 -0.1772 0.0053, 0.5984 -0.1867 0.0013, 0.4016 -0.1867 0.0013, 0.6575 0.1181 0.8268, 0.6969 0.1181 0.8268, 0.6575 -0.1535 0.8268, 0.6969 -0.1535 0.8268, 0.6574 -0.1544 0.8268, 0.6954 -0.1648 0.8268, 0.6571 -0.1553 0.8268, 0.691 -0.1752 0.8268, 0.6566 -0.156 0.8268, 0.6842 -0.1842 0.8268, 0.6648 -0.1954 0.8268, 0.6544 -0.1574 0.8268, 0.6752 -0.191 0.8268, 0.6553 -0.1571 0.8268, 0.656 -0.1566 0.8268, 0.6181 -0.199 2.8571, 0.6181 -0.199 2.7846, 0.6181 -0.1597 2.8571, 0.6181 -0.1597 2.7846, 0.6181 -0.153 2.7337, 0.6181 -0.1197 2.6095, 0.3868 -0.1132 2.55, 0.6151 -0.1151 2.53, 0.3841 -0.1159 2.5301, 0.6181 -0.1181 2.5139, 0.6181 -0.1248 2.4912, 0.6181 -0.1181 2.6032, 0.3867 -0.1133 2.57, 0.6133 -0.1133 2.57, 0.6132 -0.1132 2.55, 0.6181 -0.1456 2.4342, 0.6181 -0.1545 2.401, 0.3031 0.1181 0.8268, 0.3425 0.1181 0.8268, 0.3031 -0.1535 0.8268, 0.3425 -0.1535 0.8268, 0.3046 -0.1648 0.8268, 0.3426 -0.1544 0.8268, 0.309 -0.1752 0.8268, 0.3429 -0.1553 0.8268, 0.3158 -0.1842 0.8268, 0.3456 -0.1574 0.8268, 0.3352 -0.1954 0.8268, 0.3447 -0.1571 0.8268, 0.3248 -0.191 0.8268, 0.344 -0.1566 0.8268, 0.3434 -0.156 0.8268, 0.6181 -0.1933 2.4079, 0.6181 -0.1826 2.4477, 0.6181 -0.1618 2.5047, 0.6181 -0.154 2.5357, 0.6181 -0.1526 2.5677, 0.6181 -0.1577 2.5993, 0.6181 -0.191 2.7235, 0.6181 -0.197 2.7538, 0.699 -0.1181 2.8571, 0.6597 -0.1181 2.8571, 0.699 -0.1181 2.7846, 0.6597 -0.1181 2.7846, 0.697 -0.1181 2.7538, 0.653 -0.1181 2.7337, 0.6575 -0.1181 1.1417, 0.6969 -0.1181 1.1417, 0.6575 -0.1181 2.3669, 0.6969 -0.1181 2.3669, 0.6545 -0.1181 2.401, 0.6933 -0.1181 2.4079, 0.6456 -0.1181 2.4342, 0.6826 -0.1181 2.4477, 0.6248 -0.1181 2.4912, 0.6618 -0.1181 2.5047, 0.654 -0.1181 2.5357, 0.6526 -0.1181 2.5677, 0.6197 -0.1181 2.6095, 0.6577 -0.1181 2.5993, 0.691 -0.1181 2.7235, 0.699 0.1181 2.8571, 0.699 0.1181 2.7846, 0.6597 0.1181 2.8571, 0.6597 0.1181 2.7846, 0.653 0.1181 2.7337, 0.6197 0.1181 2.6095, 0.6133 0.1181 2.57, 0.6151 0.1181 2.53, 0.6248 0.1181 2.4912, 0.6456 0.1181 2.4342, 0.6545 0.1181 2.401, 0.6575 0.1181 2.3669, 0.6575 -0.1535 1.1417, 0.6969 -0.1535 1.1417, 0.6969 0.1181 2.3669, 0.6933 0.1181 2.4079, 0.6826 0.1181 2.4477, 0.6618 0.1181 2.5047, 0.654 0.1181 2.5357, 0.6526 0.1181 2.5677, 0.6577 0.1181 2.5993, 0.691 0.1181 2.7235, 0.697 0.1181 2.7538, 0.301 0.1181 2.8571, 0.301 0.1181 2.7846, 0.3403 0.1181 2.8571, 0.3403 0.1181 2.7846, 0.347 0.1181 2.7337, 0.3803 0.1181 2.6095, 0.3752 0.1181 2.4912, 0.3849 0.1181 2.53, 0.3867 0.1181 2.57, 0.3544 0.1181 2.4342, 0.3455 0.1181 2.401, 0.3425 0.1181 2.3669, 0.3425 -0.1535 1.1417, 0.3031 0.1181 2.3669, 0.3031 -0.1535 1.1417, 0.3067 0.1181 2.4079, 0.3174 0.1181 2.4477, 0.3382 0.1181 2.5047, 0.346 0.1181 2.5357, 0.3474 0.1181 2.5677, 0.3423 0.1181 2.5993, 0.309 0.1181 2.7235, 0.303 0.1181 2.7538, 0.6648 -0.1954 1.1417, 0.6752 -0.191 1.1417, 0.6842 -0.1842 1.1417, 0.691 -0.1752 1.1417, 0.6954 -0.1648 1.1417, 0.6574 -0.1544 1.1417, 0.6571 -0.1553 1.1417, 0.6566 -0.156 1.1417, 0.656 -0.1566 1.1417, 0.6553 -0.1571 1.1417, 0.6544 -0.1574 1.1417, 0.3046 -0.1648 1.1417, 0.309 -0.1752 1.1417, 0.3158 -0.1842 1.1417, 0.3248 -0.191 1.1417, 0.3352 -0.1954 1.1417, 0.3456 -0.1574 1.1417, 0.3447 -0.1571 1.1417, 0.344 -0.1566 1.1417, 0.3434 -0.156 1.1417, 0.3429 -0.1553 1.1417, 0.3426 -0.1544 1.1417
            ]
        }
        coordIndex [
            0,1,2,-1,2,3,0,-1,0,3,4,-1,0,4,5,-1,5,4,6,-1,5,6,7,-1,7,6,8,-1,7,8,9,-1,9,8,10,-1,9,10,11,-1,11,10,12,-1,11,12,13,-1,13,12,14,-1,13,14,15,-1,15,14,16,-1,15,16,17,-1,17,16,18,-1,17,18,19,-1,19,18,20,-1,19,20,21,-1,21,20,22,-1,23,24,25,-1,25,24,26,-1,25,26,27,-1,27,26,28,-1,29,30,31,-1,31,30,32,-1,31,32,33,-1,33,32,34,-1,33,34,35,-1,35,34,36,-1,35,36,37,-1,37,36,38,-1,37,38,11,-1,11,38,39,-1,11,39,9,-1,9,39,40,-1,9,40,41,-1,41,40,42,-1,41,42,28,-1,28,42,43,-1,28,43,27,-1,44,45,46,-1,46,45,47,-1,46,47,48,-1,48,49,46,-1,46,49,50,-1,46,50,51,-1,51,52,46,-1,46,52,53,-1,46,53,54,-1,55,44,56,-1,56,44,57,-1,55,58,44,-1,44,58,59,-1,44,59,45,-1,60,61,46,-1,46,61,44,-1,62,63,64,-1,65,62,60,-1,60,66,65,-1,65,66,67,-1,65,67,68,-1,68,67,69,-1,62,64,60,-1,60,64,70,-1,60,70,61,-1,61,70,71,-1,61,71,72,-1,72,73,61,-1,61,73,74,-1,61,74,75,-1,76,77,22,-1,20,78,22,-1,22,78,79,-1,22,79,76,-1,76,79,80,-1,64,63,81,-1,81,63,80,-1,80,79,81,-1,81,79,82,-1,81,82,83,-1,21,84,85,-1,86,87,88,-1,89,90,19,-1,91,92,93,-1,93,86,91,-1,91,86,88,-1,91,88,85,-1,85,88,89,-1,85,89,21,-1,21,89,19,-1,48,47,94,-1,48,94,95,-1,95,94,96,-1,95,96,97,-1,97,96,98,-1,97,98,99,-1,99,98,100,-1,99,100,101,-1,101,100,102,-1,101,102,103,-1,103,102,93,-1,103,93,92,-1,91,80,92,-1,92,80,63,-1,92,63,103,-1,103,63,101,-1,62,49,63,-1,63,49,48,-1,63,48,95,-1,95,97,63,-1,63,97,99,-1,63,99,101,-1,64,98,96,-1,81,86,64,-1,64,86,93,-1,45,70,47,-1,47,70,64,-1,47,64,94,-1,94,64,96,-1,93,102,64,-1,64,102,100,-1,64,100,98,-1,86,81,87,-1,87,81,83,-1,87,83,104,-1,104,83,105,-1,104,105,106,-1,106,105,107,-1,106,107,108,-1,108,107,109,-1,108,109,110,-1,110,109,111,-1,110,111,112,-1,112,111,113,-1,112,113,114,-1,114,113,115,-1,114,115,116,-1,116,115,117,-1,3,2,118,-1,118,2,119,-1,2,1,119,-1,119,1,120,-1,1,0,120,-1,120,0,121,-1,5,122,0,-1,0,122,121,-1,5,7,122,-1,122,7,123,-1,124,125,9,-1,9,125,123,-1,9,123,7,-1,13,126,11,-1,11,126,127,-1,11,127,128,-1,128,127,129,-1,128,129,130,-1,130,129,131,-1,130,131,124,-1,124,131,132,-1,124,132,125,-1,13,15,126,-1,126,15,133,-1,19,90,17,-1,17,90,134,-1,17,134,15,-1,15,134,133,-1,135,136,137,-1,137,136,138,-1,137,138,139,-1,139,138,140,-1,139,140,141,-1,141,140,142,-1,141,142,143,-1,143,142,144,-1,143,144,145,-1,145,144,146,-1,145,146,147,-1,147,146,148,-1,147,148,85,-1,85,148,76,-1,85,76,91,-1,91,76,80,-1,16,149,150,-1,16,150,18,-1,18,150,78,-1,18,78,20,-1,16,14,149,-1,149,14,151,-1,8,152,10,-1,10,152,153,-1,10,153,12,-1,12,153,154,-1,12,154,14,-1,14,154,151,-1,8,6,152,-1,152,6,155,-1,3,118,156,-1,3,156,4,-1,4,156,155,-1,4,155,6,-1,119,120,118,-1,118,120,121,-1,118,121,156,-1,156,121,122,-1,89,79,90,-1,90,79,78,-1,90,78,134,-1,134,78,150,-1,134,150,133,-1,133,150,149,-1,133,149,126,-1,126,149,151,-1,126,151,127,-1,127,151,154,-1,127,154,125,-1,125,154,153,-1,125,153,123,-1,123,153,152,-1,123,152,122,-1,122,152,155,-1,122,155,156,-1,157,158,159,-1,159,160,157,-1,157,160,161,-1,157,161,162,-1,162,161,163,-1,162,163,164,-1,164,163,165,-1,164,165,125,-1,125,165,166,-1,125,166,127,-1,127,166,167,-1,127,167,168,-1,168,167,169,-1,168,169,170,-1,170,169,171,-1,170,171,172,-1,172,171,173,-1,172,173,174,-1,174,173,175,-1,174,175,176,-1,176,175,177,-1,160,159,178,-1,178,159,179,-1,159,158,179,-1,179,158,180,-1,158,157,180,-1,180,157,181,-1,162,182,157,-1,157,182,181,-1,162,164,182,-1,182,164,183,-1,168,184,127,-1,127,184,185,-1,127,185,129,-1,129,185,131,-1,131,185,132,-1,132,185,186,-1,132,186,125,-1,125,186,183,-1,125,183,164,-1,168,170,184,-1,184,170,187,-1,174,188,172,-1,172,188,189,-1,172,189,170,-1,170,189,187,-1,190,114,176,-1,176,114,116,-1,176,116,174,-1,174,116,188,-1,175,191,177,-1,177,191,117,-1,177,117,192,-1,192,117,115,-1,171,193,194,-1,171,194,173,-1,173,194,191,-1,173,191,175,-1,171,169,193,-1,193,169,195,-1,165,196,166,-1,166,196,197,-1,166,197,167,-1,167,197,198,-1,167,198,169,-1,169,198,195,-1,165,163,196,-1,196,163,199,-1,160,178,200,-1,160,200,161,-1,161,200,199,-1,161,199,163,-1,179,180,178,-1,178,180,181,-1,178,181,200,-1,200,181,182,-1,116,117,188,-1,188,117,191,-1,188,191,189,-1,189,191,194,-1,189,194,187,-1,187,194,193,-1,187,193,184,-1,184,193,195,-1,184,195,185,-1,185,195,198,-1,185,198,186,-1,186,198,197,-1,186,197,183,-1,183,197,196,-1,183,196,182,-1,182,196,199,-1,182,199,200,-1,201,202,25,-1,25,202,23,-1,202,203,23,-1,23,203,24,-1,203,204,24,-1,24,204,26,-1,205,28,204,-1,204,28,26,-1,205,206,28,-1,28,206,41,-1,41,206,9,-1,9,206,207,-1,9,207,124,-1,124,207,130,-1,130,207,208,-1,130,208,128,-1,128,208,11,-1,11,208,209,-1,11,209,37,-1,209,210,37,-1,37,210,35,-1,211,31,212,-1,212,31,33,-1,212,33,210,-1,210,33,35,-1,31,211,29,-1,29,211,135,-1,29,135,213,-1,213,135,137,-1,214,138,30,-1,30,138,136,-1,30,136,32,-1,32,136,215,-1,216,36,34,-1,216,34,217,-1,217,34,32,-1,217,32,215,-1,216,218,36,-1,36,218,38,-1,219,42,220,-1,220,42,40,-1,220,40,221,-1,221,40,39,-1,221,39,218,-1,218,39,38,-1,219,222,42,-1,42,222,43,-1,201,25,27,-1,201,27,223,-1,223,27,43,-1,223,43,222,-1,204,203,202,-1,202,201,204,-1,204,201,223,-1,204,223,205,-1,205,223,222,-1,205,222,206,-1,206,222,219,-1,206,219,207,-1,207,219,220,-1,207,220,208,-1,208,220,221,-1,208,221,209,-1,209,221,218,-1,209,218,210,-1,210,218,216,-1,210,216,212,-1,212,216,217,-1,212,217,211,-1,211,217,215,-1,211,215,135,-1,135,215,136,-1,192,115,113,-1,192,113,224,-1,224,113,111,-1,224,111,225,-1,225,111,109,-1,225,109,226,-1,226,109,107,-1,226,107,227,-1,227,107,105,-1,227,105,228,-1,228,105,83,-1,228,83,82,-1,88,87,229,-1,229,87,104,-1,229,104,230,-1,230,104,106,-1,230,106,231,-1,231,106,108,-1,231,108,232,-1,232,108,110,-1,232,110,233,-1,233,110,112,-1,233,112,190,-1,190,112,114,-1,176,177,190,-1,190,177,192,-1,190,192,233,-1,233,192,224,-1,233,224,232,-1,232,224,225,-1,232,225,231,-1,231,225,226,-1,231,226,230,-1,230,226,227,-1,230,227,229,-1,229,227,228,-1,229,228,88,-1,88,228,82,-1,88,82,89,-1,89,82,79,-1,77,76,148,-1,77,148,234,-1,234,148,146,-1,234,146,235,-1,235,146,144,-1,235,144,236,-1,236,144,142,-1,236,142,237,-1,237,142,140,-1,237,140,238,-1,238,140,138,-1,238,138,214,-1,213,137,239,-1,239,137,139,-1,239,139,240,-1,240,139,141,-1,240,141,241,-1,241,141,143,-1,241,143,242,-1,242,143,145,-1,242,145,243,-1,243,145,147,-1,243,147,84,-1,84,147,85,-1,21,22,84,-1,84,22,77,-1,84,77,243,-1,243,77,234,-1,243,234,242,-1,242,234,235,-1,242,235,241,-1,241,235,236,-1,241,236,240,-1,240,236,237,-1,240,237,239,-1,239,237,238,-1,239,238,213,-1,213,238,214,-1,213,214,29,-1,29,214,30,-1,44,61,75,-1,44,75,57,-1,57,75,74,-1,57,74,56,-1,56,74,73,-1,56,73,55,-1,55,73,72,-1,55,72,58,-1,58,72,71,-1,58,71,59,-1,59,71,70,-1,59,70,45,-1,60,46,54,-1,60,54,66,-1,66,54,53,-1,66,53,67,-1,67,53,52,-1,67,52,69,-1,69,52,51,-1,69,51,68,-1,68,51,50,-1,68,50,65,-1,65,50,49,-1,65,49,62,-1,244,245,246,-1,246,245,247,-1,246,247,248,-1,248,247,249,-1,250,251,252,-1,252,251,253,-1,252,253,254,-1,254,253,255,-1,254,255,256,-1,256,255,257,-1,256,257,258,-1,258,257,259,-1,258,259,260,-1,260,259,261,-1,260,261,262,-1,262,261,263,-1,262,263,264,-1,264,263,265,-1,264,265,249,-1,249,265,266,-1,249,266,248,-1,267,268,269,-1,269,270,267,-1,267,270,271,-1,267,271,272,-1,272,271,273,-1,272,273,274,-1,274,273,275,-1,274,275,262,-1,262,275,276,-1,262,276,260,-1,260,276,277,-1,260,277,278,-1,278,277,279,-1,278,279,280,-1,280,279,281,-1,280,281,282,-1,282,281,283,-1,282,283,284,-1,284,283,285,-1,284,285,286,-1,286,285,287,-1,288,289,290,-1,290,289,291,-1,292,293,294,-1,294,293,290,-1,294,290,295,-1,295,290,291,-1,295,291,296,-1,296,291,297,-1,292,298,293,-1,293,298,299,-1,293,299,300,-1,297,301,296,-1,296,301,302,-1,296,302,303,-1,304,305,295,-1,295,305,294,-1,306,307,308,-1,309,310,307,-1,307,310,311,-1,312,305,313,-1,313,305,311,-1,311,305,307,-1,307,305,304,-1,307,304,308,-1,314,315,313,-1,313,315,316,-1,313,316,312,-1,317,318,308,-1,308,318,319,-1,308,319,306,-1,251,320,321,-1,322,323,324,-1,325,326,253,-1,327,310,309,-1,309,322,327,-1,327,322,324,-1,327,324,321,-1,321,324,325,-1,321,325,251,-1,251,325,253,-1,328,329,250,-1,252,330,250,-1,250,330,331,-1,250,331,328,-1,328,331,332,-1,333,334,335,-1,335,334,332,-1,332,331,335,-1,335,331,336,-1,335,336,337,-1,334,333,338,-1,334,338,339,-1,339,338,340,-1,339,340,341,-1,341,340,342,-1,341,342,343,-1,343,342,344,-1,343,344,345,-1,345,344,346,-1,345,346,347,-1,347,346,289,-1,347,289,288,-1,290,311,288,-1,288,311,310,-1,327,332,310,-1,310,332,334,-1,343,345,310,-1,310,345,347,-1,310,347,288,-1,334,339,310,-1,310,339,341,-1,310,341,343,-1,335,322,333,-1,333,322,309,-1,333,309,338,-1,338,309,340,-1,307,291,309,-1,309,291,289,-1,309,289,346,-1,346,344,309,-1,309,344,342,-1,309,342,340,-1,322,335,323,-1,323,335,337,-1,323,337,348,-1,348,337,349,-1,348,349,350,-1,350,349,351,-1,350,351,352,-1,353,354,355,-1,355,354,356,-1,355,356,357,-1,357,356,358,-1,357,358,359,-1,359,358,360,-1,359,360,361,-1,361,360,352,-1,361,352,362,-1,362,352,351,-1,244,246,363,-1,363,246,364,-1,245,244,365,-1,365,244,363,-1,247,245,366,-1,366,245,365,-1,247,366,249,-1,249,366,367,-1,264,249,368,-1,368,249,367,-1,369,370,371,-1,371,370,372,-1,371,372,260,-1,260,372,373,-1,260,373,258,-1,264,368,262,-1,262,368,374,-1,262,374,375,-1,375,374,376,-1,375,376,369,-1,369,376,377,-1,369,377,370,-1,256,258,378,-1,378,258,373,-1,256,378,254,-1,254,378,379,-1,254,379,252,-1,252,379,330,-1,332,327,328,-1,328,327,321,-1,328,321,380,-1,380,321,381,-1,380,381,382,-1,382,381,383,-1,382,383,384,-1,384,383,385,-1,384,385,386,-1,386,385,387,-1,386,387,388,-1,388,387,389,-1,388,389,390,-1,390,389,391,-1,390,391,392,-1,392,391,393,-1,253,326,394,-1,253,394,255,-1,255,394,395,-1,255,395,257,-1,259,257,396,-1,396,257,395,-1,259,396,261,-1,261,396,397,-1,261,397,263,-1,263,397,398,-1,263,398,265,-1,265,398,399,-1,266,265,400,-1,400,265,399,-1,266,400,401,-1,266,401,248,-1,248,401,364,-1,248,364,246,-1,366,365,363,-1,363,364,366,-1,366,364,401,-1,366,401,367,-1,367,401,400,-1,367,400,368,-1,368,400,399,-1,368,399,374,-1,374,399,398,-1,374,398,372,-1,372,398,397,-1,372,397,373,-1,373,397,396,-1,373,396,378,-1,378,396,395,-1,378,395,379,-1,379,395,394,-1,379,394,330,-1,330,394,326,-1,330,326,331,-1,331,326,325,-1,402,403,404,-1,404,403,405,-1,404,405,406,-1,406,405,407,-1,408,409,410,-1,410,409,411,-1,410,411,412,-1,412,411,413,-1,412,413,414,-1,414,413,415,-1,414,415,416,-1,416,415,417,-1,416,417,372,-1,372,417,418,-1,372,418,374,-1,374,418,419,-1,374,419,420,-1,420,419,421,-1,420,421,407,-1,407,421,422,-1,407,422,406,-1,402,404,423,-1,423,404,424,-1,403,402,425,-1,425,402,423,-1,405,403,426,-1,426,403,425,-1,405,426,407,-1,407,426,427,-1,420,407,428,-1,428,407,427,-1,420,428,374,-1,374,428,429,-1,374,429,376,-1,376,429,377,-1,377,429,430,-1,377,430,370,-1,370,430,372,-1,372,430,431,-1,372,431,416,-1,414,416,432,-1,432,416,431,-1,414,432,412,-1,412,432,433,-1,412,433,410,-1,410,433,434,-1,410,434,408,-1,408,434,353,-1,408,353,435,-1,435,353,355,-1,436,356,409,-1,409,356,354,-1,409,354,411,-1,411,354,437,-1,411,437,438,-1,411,438,413,-1,413,438,439,-1,413,439,415,-1,417,415,440,-1,440,415,439,-1,417,440,418,-1,418,440,441,-1,418,441,419,-1,419,441,442,-1,419,442,421,-1,421,442,443,-1,422,421,444,-1,444,421,443,-1,422,444,445,-1,422,445,406,-1,406,445,424,-1,406,424,404,-1,426,425,423,-1,354,353,437,-1,437,353,434,-1,437,434,438,-1,438,434,433,-1,438,433,439,-1,439,433,432,-1,439,432,440,-1,440,432,431,-1,440,431,441,-1,441,431,430,-1,441,430,442,-1,442,430,429,-1,442,429,443,-1,443,429,428,-1,443,428,444,-1,444,428,427,-1,444,427,445,-1,445,427,426,-1,445,426,424,-1,424,426,423,-1,446,447,269,-1,269,447,270,-1,448,446,268,-1,268,446,269,-1,449,448,267,-1,267,448,268,-1,449,267,450,-1,450,267,272,-1,451,450,274,-1,274,450,272,-1,278,452,260,-1,260,452,453,-1,260,453,371,-1,371,453,369,-1,369,453,375,-1,375,453,454,-1,375,454,262,-1,262,454,451,-1,262,451,274,-1,455,452,280,-1,280,452,278,-1,455,280,456,-1,456,280,282,-1,456,282,457,-1,457,282,284,-1,458,390,286,-1,286,390,392,-1,286,392,284,-1,284,392,457,-1,285,459,287,-1,287,459,393,-1,287,393,460,-1,460,393,391,-1,459,285,283,-1,459,283,461,-1,461,283,281,-1,461,281,462,-1,463,462,279,-1,279,462,281,-1,463,279,464,-1,464,279,277,-1,464,277,465,-1,465,277,276,-1,465,276,466,-1,466,276,275,-1,467,466,273,-1,273,466,275,-1,467,273,271,-1,467,271,468,-1,468,271,270,-1,468,270,447,-1,446,448,447,-1,447,448,449,-1,447,449,468,-1,468,449,450,-1,392,393,457,-1,457,393,459,-1,457,459,456,-1,456,459,461,-1,456,461,455,-1,455,461,462,-1,455,462,452,-1,452,462,463,-1,452,463,453,-1,453,463,464,-1,453,464,454,-1,454,464,465,-1,454,465,451,-1,451,465,466,-1,451,466,450,-1,450,466,467,-1,450,467,468,-1,324,323,348,-1,324,348,469,-1,469,348,350,-1,469,350,470,-1,470,350,352,-1,470,352,471,-1,471,352,360,-1,471,360,472,-1,472,360,358,-1,472,358,473,-1,473,358,356,-1,473,356,436,-1,435,355,474,-1,474,355,357,-1,474,357,475,-1,475,357,359,-1,475,359,476,-1,476,359,361,-1,476,361,477,-1,477,361,362,-1,477,362,478,-1,478,362,351,-1,478,351,479,-1,479,351,349,-1,479,349,336,-1,336,349,337,-1,409,408,436,-1,436,408,435,-1,436,435,473,-1,473,435,474,-1,473,474,472,-1,472,474,475,-1,472,475,471,-1,331,325,336,-1,336,325,324,-1,336,324,479,-1,479,324,469,-1,479,469,478,-1,478,469,470,-1,478,470,477,-1,477,470,471,-1,477,471,476,-1,476,471,475,-1,460,391,389,-1,460,389,480,-1,480,389,387,-1,480,387,481,-1,481,387,385,-1,481,385,482,-1,482,385,383,-1,482,383,483,-1,483,383,381,-1,483,381,484,-1,484,381,321,-1,484,321,320,-1,329,328,485,-1,485,328,380,-1,485,380,486,-1,486,380,382,-1,486,382,487,-1,487,382,384,-1,487,384,488,-1,488,384,386,-1,488,386,489,-1,489,386,388,-1,489,388,458,-1,458,388,390,-1,286,287,458,-1,458,287,460,-1,458,460,489,-1,489,460,480,-1,489,480,488,-1,488,480,481,-1,488,481,487,-1,487,481,482,-1,487,482,486,-1,486,482,483,-1,486,483,485,-1,485,483,484,-1,485,484,329,-1,329,484,320,-1,329,320,250,-1,250,320,251,-1,291,307,306,-1,291,306,297,-1,297,306,319,-1,297,319,301,-1,301,319,318,-1,301,318,302,-1,302,318,317,-1,302,317,303,-1,303,317,308,-1,303,308,296,-1,296,308,304,-1,296,304,295,-1,311,290,293,-1,311,293,313,-1,313,293,300,-1,313,300,314,-1,314,300,299,-1,314,299,315,-1,315,299,298,-1,315,298,316,-1,316,298,292,-1,316,292,312,-1,312,292,294,-1,312,294,305,-1,490,491,492,-1,492,493,490,-1,490,493,494,-1,490,494,495,-1,495,494,496,-1,495,496,497,-1,497,496,498,-1,497,498,499,-1,499,498,500,-1,499,500,501,-1,501,500,502,-1,501,502,503,-1,503,502,504,-1,503,504,505,-1,505,504,506,-1,505,506,507,-1,507,506,508,-1,507,508,509,-1,509,508,510,-1,509,510,511,-1,511,510,512,-1,513,514,515,-1,515,514,516,-1,515,516,517,-1,517,516,518,-1,519,520,521,-1,521,520,522,-1,521,522,523,-1,523,522,524,-1,523,524,525,-1,525,524,526,-1,525,526,527,-1,527,526,528,-1,527,528,501,-1,501,528,529,-1,501,529,499,-1,499,529,530,-1,499,530,531,-1,531,530,532,-1,531,532,518,-1,518,532,533,-1,518,533,517,-1,534,535,536,-1,536,535,537,-1,536,537,538,-1,539,540,541,-1,542,543,544,-1,538,537,541,-1,541,537,545,-1,541,545,539,-1,542,544,546,-1,534,536,547,-1,547,536,548,-1,547,548,544,-1,544,548,549,-1,544,549,546,-1,550,551,536,-1,536,551,548,-1,552,553,550,-1,554,551,555,-1,555,551,550,-1,555,550,556,-1,556,550,553,-1,556,553,557,-1,550,558,552,-1,552,558,559,-1,552,559,560,-1,560,559,561,-1,554,562,563,-1,563,564,554,-1,554,564,565,-1,554,565,551,-1,566,567,512,-1,510,568,512,-1,512,568,569,-1,512,569,566,-1,566,569,570,-1,556,557,571,-1,571,557,570,-1,570,569,571,-1,571,569,572,-1,571,572,573,-1,511,574,575,-1,576,577,578,-1,579,580,509,-1,581,582,583,-1,583,576,581,-1,581,576,578,-1,581,578,575,-1,575,578,579,-1,575,579,511,-1,511,579,509,-1,535,534,584,-1,535,584,585,-1,585,584,586,-1,585,586,587,-1,587,586,588,-1,587,588,589,-1,589,588,590,-1,589,590,591,-1,591,590,592,-1,591,592,593,-1,593,592,583,-1,593,583,582,-1,581,570,582,-1,582,570,557,-1,582,557,593,-1,593,557,591,-1,553,537,557,-1,557,537,535,-1,557,535,585,-1,585,587,557,-1,557,587,589,-1,557,589,591,-1,556,588,586,-1,571,576,556,-1,556,576,583,-1,547,555,534,-1,534,555,556,-1,534,556,584,-1,584,556,586,-1,583,592,556,-1,556,592,590,-1,556,590,588,-1,594,595,596,-1,596,595,597,-1,596,597,598,-1,598,597,599,-1,598,599,600,-1,600,599,601,-1,600,601,602,-1,576,571,577,-1,577,571,573,-1,577,573,603,-1,603,573,604,-1,603,604,605,-1,605,604,606,-1,605,606,607,-1,607,606,602,-1,607,602,608,-1,608,602,601,-1,493,492,609,-1,609,492,610,-1,492,491,610,-1,610,491,611,-1,491,490,611,-1,611,490,612,-1,495,613,490,-1,490,613,612,-1,495,497,613,-1,613,497,614,-1,615,616,499,-1,499,616,614,-1,499,614,497,-1,503,617,501,-1,501,617,618,-1,501,618,619,-1,619,618,620,-1,619,620,621,-1,621,620,622,-1,621,622,615,-1,615,622,623,-1,615,623,616,-1,503,505,617,-1,617,505,624,-1,509,580,507,-1,507,580,625,-1,507,625,505,-1,505,625,624,-1,626,627,628,-1,628,627,629,-1,628,629,630,-1,630,629,631,-1,630,631,632,-1,632,631,633,-1,632,633,634,-1,634,633,635,-1,634,635,636,-1,636,635,637,-1,636,637,638,-1,638,637,639,-1,638,639,575,-1,575,639,566,-1,575,566,581,-1,581,566,570,-1,506,640,641,-1,506,641,508,-1,508,641,568,-1,508,568,510,-1,506,504,640,-1,640,504,642,-1,498,643,500,-1,500,643,644,-1,500,644,502,-1,502,644,645,-1,502,645,504,-1,504,645,642,-1,498,496,643,-1,643,496,646,-1,493,609,647,-1,493,647,494,-1,494,647,646,-1,494,646,496,-1,610,611,609,-1,609,611,612,-1,609,612,647,-1,647,612,613,-1,579,569,580,-1,580,569,568,-1,580,568,625,-1,625,568,641,-1,625,641,624,-1,624,641,640,-1,624,640,617,-1,617,640,642,-1,617,642,618,-1,618,642,645,-1,618,645,616,-1,616,645,644,-1,616,644,614,-1,614,644,643,-1,614,643,613,-1,613,643,646,-1,613,646,647,-1,648,649,650,-1,650,651,648,-1,648,651,652,-1,648,652,653,-1,653,652,654,-1,653,654,655,-1,655,654,656,-1,655,656,616,-1,616,656,657,-1,616,657,618,-1,618,657,658,-1,618,658,659,-1,659,658,660,-1,659,660,661,-1,661,660,662,-1,661,662,663,-1,663,662,664,-1,663,664,665,-1,665,664,666,-1,665,666,667,-1,667,666,668,-1,651,650,669,-1,669,650,670,-1,650,649,670,-1,670,649,671,-1,649,648,671,-1,671,648,672,-1,653,673,648,-1,648,673,672,-1,653,655,673,-1,673,655,674,-1,659,675,618,-1,618,675,676,-1,618,676,620,-1,620,676,622,-1,622,676,623,-1,623,676,677,-1,623,677,616,-1,616,677,674,-1,616,674,655,-1,659,661,675,-1,675,661,678,-1,665,679,663,-1,663,679,680,-1,663,680,661,-1,661,680,678,-1,681,597,667,-1,667,597,595,-1,667,595,665,-1,665,595,679,-1,666,682,668,-1,668,682,594,-1,668,594,683,-1,683,594,596,-1,662,684,685,-1,662,685,664,-1,664,685,682,-1,664,682,666,-1,662,660,684,-1,684,660,686,-1,656,687,657,-1,657,687,688,-1,657,688,658,-1,658,688,689,-1,658,689,660,-1,660,689,686,-1,656,654,687,-1,687,654,690,-1,651,669,691,-1,651,691,652,-1,652,691,690,-1,652,690,654,-1,670,671,669,-1,669,671,672,-1,669,672,691,-1,691,672,673,-1,595,594,679,-1,679,594,682,-1,679,682,680,-1,680,682,685,-1,680,685,678,-1,678,685,684,-1,678,684,675,-1,675,684,686,-1,675,686,676,-1,676,686,689,-1,676,689,677,-1,677,689,688,-1,677,688,674,-1,674,688,687,-1,674,687,673,-1,673,687,690,-1,673,690,691,-1,692,693,515,-1,515,693,513,-1,693,694,513,-1,513,694,514,-1,694,695,514,-1,514,695,516,-1,696,518,695,-1,695,518,516,-1,696,697,518,-1,518,697,531,-1,531,697,499,-1,499,697,698,-1,499,698,615,-1,615,698,621,-1,621,698,699,-1,621,699,619,-1,619,699,501,-1,501,699,700,-1,501,700,527,-1,700,701,527,-1,527,701,525,-1,702,521,703,-1,703,521,523,-1,703,523,701,-1,701,523,525,-1,521,702,519,-1,519,702,626,-1,519,626,704,-1,704,626,628,-1,705,629,520,-1,520,629,627,-1,520,627,522,-1,522,627,706,-1,707,526,524,-1,707,524,708,-1,708,524,522,-1,708,522,706,-1,707,709,526,-1,526,709,528,-1,710,532,711,-1,711,532,530,-1,711,530,712,-1,712,530,529,-1,712,529,709,-1,709,529,528,-1,710,713,532,-1,532,713,533,-1,692,515,517,-1,692,517,714,-1,714,517,533,-1,714,533,713,-1,695,694,693,-1,693,692,695,-1,695,692,714,-1,695,714,696,-1,696,714,713,-1,696,713,697,-1,697,713,710,-1,697,710,698,-1,698,710,711,-1,698,711,699,-1,699,711,712,-1,699,712,700,-1,700,712,709,-1,700,709,701,-1,701,709,707,-1,701,707,703,-1,703,707,708,-1,703,708,702,-1,702,708,706,-1,702,706,626,-1,626,706,627,-1,683,596,598,-1,683,598,715,-1,715,598,600,-1,715,600,716,-1,716,600,602,-1,716,602,717,-1,717,602,606,-1,717,606,718,-1,718,606,604,-1,718,604,719,-1,719,604,573,-1,719,573,572,-1,578,577,720,-1,720,577,603,-1,720,603,721,-1,721,603,605,-1,721,605,722,-1,722,605,607,-1,722,607,723,-1,723,607,608,-1,723,608,724,-1,724,608,601,-1,724,601,725,-1,725,601,599,-1,725,599,681,-1,681,599,597,-1,569,579,572,-1,572,579,578,-1,572,578,719,-1,719,578,720,-1,719,720,718,-1,718,720,721,-1,718,721,717,-1,667,668,681,-1,681,668,683,-1,681,683,725,-1,725,683,715,-1,725,715,724,-1,724,715,716,-1,724,716,723,-1,723,716,717,-1,723,717,722,-1,722,717,721,-1,567,566,639,-1,567,639,726,-1,726,639,637,-1,726,637,727,-1,727,637,635,-1,727,635,728,-1,728,635,633,-1,728,633,729,-1,729,633,631,-1,729,631,730,-1,730,631,629,-1,730,629,705,-1,704,628,731,-1,731,628,630,-1,731,630,732,-1,732,630,632,-1,732,632,733,-1,733,632,634,-1,733,634,734,-1,734,634,636,-1,734,636,735,-1,735,636,638,-1,735,638,574,-1,574,638,575,-1,511,512,574,-1,574,512,567,-1,574,567,735,-1,735,567,726,-1,735,726,734,-1,734,726,727,-1,734,727,733,-1,733,727,728,-1,733,728,732,-1,732,728,729,-1,732,729,731,-1,731,729,730,-1,731,730,704,-1,704,730,705,-1,704,705,519,-1,519,705,520,-1,548,551,565,-1,548,565,549,-1,549,565,564,-1,549,564,546,-1,546,564,563,-1,546,563,542,-1,542,563,562,-1,542,562,543,-1,543,562,554,-1,543,554,544,-1,544,554,555,-1,544,555,547,-1,550,536,538,-1,550,538,558,-1,558,538,541,-1,558,541,559,-1,559,541,540,-1,559,540,561,-1,561,540,539,-1,561,539,560,-1,560,539,545,-1,560,545,552,-1,552,545,537,-1,552,537,553,-1,736,737,738,-1,738,737,739,-1,738,739,740,-1,740,739,741,-1,742,743,744,-1,744,743,745,-1,744,745,746,-1,746,745,747,-1,746,747,748,-1,748,747,749,-1,748,749,750,-1,750,749,751,-1,750,751,752,-1,752,751,753,-1,752,753,754,-1,754,753,755,-1,754,755,756,-1,756,755,757,-1,756,757,741,-1,741,757,758,-1,741,758,740,-1,759,760,761,-1,761,762,759,-1,759,762,763,-1,759,763,764,-1,764,763,765,-1,764,765,766,-1,766,765,767,-1,766,767,754,-1,754,767,768,-1,754,768,752,-1,752,768,769,-1,752,769,770,-1,770,769,771,-1,770,771,772,-1,772,771,773,-1,772,773,774,-1,774,773,775,-1,774,775,776,-1,776,775,777,-1,776,777,778,-1,778,777,779,-1,780,781,782,-1,783,782,784,-1,782,783,780,-1,780,783,785,-1,780,785,786,-1,787,788,784,-1,784,788,789,-1,784,789,783,-1,790,791,786,-1,786,791,792,-1,786,792,780,-1,787,793,788,-1,788,793,794,-1,788,794,795,-1,796,797,789,-1,789,797,783,-1,798,799,800,-1,801,802,797,-1,797,802,803,-1,797,803,804,-1,805,806,807,-1,801,797,799,-1,799,797,796,-1,799,796,800,-1,804,803,807,-1,807,803,808,-1,807,808,805,-1,809,810,800,-1,800,810,811,-1,800,811,798,-1,743,812,813,-1,814,815,816,-1,817,818,745,-1,819,802,801,-1,801,814,819,-1,819,814,816,-1,819,816,813,-1,813,816,817,-1,813,817,743,-1,743,817,745,-1,820,821,742,-1,744,822,742,-1,742,822,823,-1,742,823,820,-1,820,823,824,-1,825,826,827,-1,827,826,824,-1,824,823,827,-1,827,823,828,-1,827,828,829,-1,826,825,830,-1,826,830,831,-1,831,830,832,-1,831,832,833,-1,833,832,834,-1,833,834,835,-1,835,834,836,-1,835,836,837,-1,837,836,838,-1,837,838,839,-1,839,838,782,-1,839,782,781,-1,780,803,781,-1,781,803,802,-1,819,824,802,-1,802,824,826,-1,835,837,802,-1,802,837,839,-1,802,839,781,-1,826,831,802,-1,802,831,833,-1,802,833,835,-1,827,814,825,-1,825,814,801,-1,825,801,830,-1,830,801,832,-1,799,784,801,-1,801,784,782,-1,801,782,838,-1,838,836,801,-1,801,836,834,-1,801,834,832,-1,840,841,842,-1,842,841,843,-1,842,843,844,-1,844,843,845,-1,844,845,846,-1,846,845,847,-1,846,847,848,-1,848,847,849,-1,814,827,815,-1,815,827,829,-1,815,829,850,-1,850,829,851,-1,850,851,852,-1,852,851,853,-1,852,853,849,-1,849,853,854,-1,849,854,848,-1,736,738,855,-1,855,738,856,-1,737,736,857,-1,857,736,855,-1,739,737,858,-1,858,737,857,-1,739,858,741,-1,741,858,859,-1,756,741,860,-1,860,741,859,-1,861,862,863,-1,863,862,864,-1,863,864,752,-1,752,864,865,-1,752,865,750,-1,756,860,754,-1,754,860,866,-1,754,866,867,-1,867,866,868,-1,867,868,861,-1,861,868,869,-1,861,869,862,-1,748,750,870,-1,870,750,865,-1,748,870,746,-1,746,870,871,-1,746,871,744,-1,744,871,822,-1,872,873,874,-1,874,873,875,-1,874,875,876,-1,876,875,877,-1,876,877,878,-1,878,877,879,-1,878,879,880,-1,824,819,820,-1,820,819,813,-1,820,813,881,-1,881,813,882,-1,881,882,883,-1,883,882,884,-1,883,884,885,-1,885,884,880,-1,885,880,886,-1,886,880,879,-1,745,818,887,-1,745,887,747,-1,747,887,888,-1,747,888,749,-1,751,749,889,-1,889,749,888,-1,751,889,753,-1,753,889,890,-1,753,890,755,-1,755,890,891,-1,755,891,757,-1,757,891,892,-1,758,757,893,-1,893,757,892,-1,758,893,894,-1,758,894,740,-1,740,894,856,-1,740,856,738,-1,858,857,855,-1,855,856,858,-1,858,856,894,-1,858,894,859,-1,859,894,893,-1,859,893,860,-1,860,893,892,-1,860,892,866,-1,866,892,891,-1,866,891,864,-1,864,891,890,-1,864,890,865,-1,865,890,889,-1,865,889,870,-1,870,889,888,-1,870,888,871,-1,871,888,887,-1,871,887,822,-1,822,887,818,-1,822,818,823,-1,823,818,817,-1,895,896,897,-1,897,896,898,-1,897,898,899,-1,899,898,900,-1,901,902,903,-1,903,902,904,-1,903,904,905,-1,905,904,906,-1,905,906,907,-1,907,906,908,-1,907,908,909,-1,909,908,910,-1,909,910,864,-1,864,910,911,-1,864,911,866,-1,866,911,912,-1,866,912,913,-1,913,912,914,-1,913,914,900,-1,900,914,915,-1,900,915,899,-1,895,897,916,-1,916,897,917,-1,896,895,918,-1,918,895,916,-1,898,896,919,-1,919,896,918,-1,898,919,900,-1,900,919,920,-1,913,900,921,-1,921,900,920,-1,913,921,866,-1,866,921,922,-1,866,922,868,-1,868,922,869,-1,869,922,923,-1,869,923,862,-1,862,923,864,-1,864,923,924,-1,864,924,909,-1,907,909,925,-1,925,909,924,-1,907,925,905,-1,905,925,926,-1,905,926,903,-1,903,926,927,-1,903,927,901,-1,901,927,840,-1,901,840,928,-1,928,840,842,-1,929,843,902,-1,902,843,841,-1,902,841,904,-1,904,841,930,-1,904,930,931,-1,904,931,906,-1,906,931,932,-1,906,932,908,-1,910,908,933,-1,933,908,932,-1,910,933,911,-1,911,933,934,-1,911,934,912,-1,912,934,935,-1,912,935,914,-1,914,935,936,-1,915,914,937,-1,937,914,936,-1,915,937,938,-1,915,938,899,-1,899,938,917,-1,899,917,897,-1,919,918,916,-1,916,917,919,-1,919,917,938,-1,919,938,920,-1,920,938,937,-1,920,937,921,-1,921,937,936,-1,921,936,922,-1,922,936,935,-1,922,935,923,-1,923,935,934,-1,923,934,924,-1,924,934,933,-1,924,933,925,-1,925,933,932,-1,925,932,926,-1,926,932,931,-1,926,931,927,-1,927,931,930,-1,927,930,840,-1,840,930,841,-1,939,940,761,-1,761,940,762,-1,941,939,760,-1,760,939,761,-1,942,941,759,-1,759,941,760,-1,942,759,943,-1,943,759,764,-1,944,943,766,-1,766,943,764,-1,770,945,752,-1,752,945,946,-1,752,946,863,-1,863,946,861,-1,861,946,867,-1,867,946,947,-1,867,947,754,-1,754,947,944,-1,754,944,766,-1,948,945,772,-1,772,945,770,-1,948,772,949,-1,949,772,774,-1,949,774,950,-1,950,774,776,-1,951,875,778,-1,778,875,873,-1,778,873,776,-1,776,873,950,-1,777,952,779,-1,779,952,872,-1,779,872,953,-1,953,872,874,-1,952,777,775,-1,952,775,954,-1,954,775,773,-1,954,773,955,-1,956,955,771,-1,771,955,773,-1,956,771,957,-1,957,771,769,-1,957,769,958,-1,958,769,768,-1,958,768,959,-1,959,768,767,-1,960,959,765,-1,765,959,767,-1,960,765,763,-1,960,763,961,-1,961,763,762,-1,961,762,940,-1,939,941,940,-1,940,941,942,-1,940,942,961,-1,961,942,943,-1,873,872,950,-1,950,872,952,-1,950,952,949,-1,949,952,954,-1,949,954,948,-1,948,954,955,-1,948,955,945,-1,945,955,956,-1,945,956,946,-1,946,956,957,-1,946,957,947,-1,947,957,958,-1,947,958,944,-1,944,958,959,-1,944,959,943,-1,943,959,960,-1,943,960,961,-1,816,815,850,-1,816,850,962,-1,962,850,852,-1,962,852,963,-1,963,852,849,-1,963,849,964,-1,964,849,847,-1,964,847,965,-1,965,847,845,-1,965,845,966,-1,966,845,843,-1,966,843,929,-1,928,842,967,-1,967,842,844,-1,967,844,968,-1,968,844,846,-1,968,846,969,-1,969,846,848,-1,969,848,970,-1,970,848,854,-1,970,854,971,-1,971,854,853,-1,971,853,972,-1,972,853,851,-1,972,851,828,-1,828,851,829,-1,902,901,929,-1,929,901,928,-1,929,928,966,-1,966,928,967,-1,966,967,965,-1,965,967,968,-1,965,968,964,-1,823,817,828,-1,828,817,816,-1,828,816,972,-1,972,816,962,-1,972,962,971,-1,971,962,963,-1,971,963,970,-1,970,963,964,-1,970,964,969,-1,969,964,968,-1,953,874,876,-1,953,876,973,-1,973,876,878,-1,973,878,974,-1,974,878,880,-1,974,880,975,-1,975,880,884,-1,975,884,976,-1,976,884,882,-1,976,882,977,-1,977,882,813,-1,977,813,812,-1,821,820,978,-1,978,820,881,-1,978,881,979,-1,979,881,883,-1,979,883,980,-1,980,883,885,-1,980,885,981,-1,981,885,886,-1,981,886,982,-1,982,886,879,-1,982,879,983,-1,983,879,877,-1,983,877,951,-1,951,877,875,-1,778,779,951,-1,951,779,953,-1,951,953,983,-1,983,953,973,-1,983,973,982,-1,982,973,974,-1,982,974,981,-1,981,974,975,-1,743,742,812,-1,812,742,821,-1,812,821,977,-1,977,821,978,-1,977,978,976,-1,976,978,979,-1,976,979,975,-1,975,979,980,-1,975,980,981,-1,784,799,798,-1,784,798,787,-1,787,798,811,-1,787,811,793,-1,793,811,810,-1,793,810,794,-1,794,810,809,-1,794,809,795,-1,795,809,800,-1,795,800,788,-1,788,800,796,-1,788,796,789,-1,803,780,792,-1,803,792,808,-1,808,792,791,-1,808,791,805,-1,805,791,790,-1,805,790,806,-1,806,790,786,-1,806,786,807,-1,807,786,785,-1,807,785,804,-1,804,785,783,-1,804,783,797,-1,
        ]
    }
}